template_id,generator,learner,regime,target,delta,oracle_state,true_PI_lower,true_PI_upper,boundary_distance,boundary_group,summary_scope,comparison,method,method_u4_id,state_estimable_n,attempted_fits,DER,DER_count,DER_MCSE,DER_MC95_lower,DER_MC95_upper,DER_MC_interval_method,FQ,FQ_count,FQ_MCSE,FQ_MC95_lower,FQ_MC95_upper,FQ_MC_interval_method,FR,FR_count,FR_MCSE,FR_MC95_lower,FR_MC95_upper,FR_MC_interval_method,UI,UI_count,UI_MCSE,UI_MC95_lower,UI_MC95_upper,UI_MC_interval_method,EI,EI_count,EI_MCSE,EI_MC95_lower,EI_MC95_upper,EI_MC_interval_method,DecisionYield,DecisionYield_count,DecisionYield_MCSE,DecisionYield_MC95_lower,DecisionYield_MC95_upper,DecisionYield_MC_interval_method,CorrectDefinitiveYield,CorrectDefinitiveYield_count,CorrectDefinitiveYield_MCSE,CorrectDefinitiveYield_MC95_lower,CorrectDefinitiveYield_MC95_upper,CorrectDefinitiveYield_MC_interval_method,DER_attempted_lower_bound,DER_attempted_upper_bound,indeterminacy_rate,common_success_n,attempted_replicates,delta_DER,delta_DER_MCSE,delta_DER_sample_variance,delta_DER_MC95_lower,delta_DER_MC95_upper,delta_DER_signed_count,DER_M1,DER_M1_count,DER_M1_MCSE,DER_M4,DER_M4_count,DER_M4_MCSE,delta_FQ,delta_FQ_MCSE,delta_FQ_sample_variance,delta_FQ_MC95_lower,delta_FQ_MC95_upper,delta_FQ_signed_count,FQ_M1,FQ_M1_count,FQ_M1_MCSE,FQ_M4,FQ_M4_count,FQ_M4_MCSE,delta_FR,delta_FR_MCSE,delta_FR_sample_variance,delta_FR_MC95_lower,delta_FR_MC95_upper,delta_FR_signed_count,FR_M1,FR_M1_count,FR_M1_MCSE,FR_M4,FR_M4_count,FR_M4_MCSE,delta_UI,delta_UI_MCSE,delta_UI_sample_variance,delta_UI_MC95_lower,delta_UI_MC95_upper,delta_UI_signed_count,UI_M1,UI_M1_count,UI_M1_MCSE,UI_M4,UI_M4_count,UI_M4_MCSE,delta_EI,delta_EI_MCSE,delta_EI_sample_variance,delta_EI_MC95_lower,delta_EI_MC95_upper,delta_EI_signed_count,EI_M1,EI_M1_count,EI_M1_MCSE,EI_M4,EI_M4_count,EI_M4_MCSE,delta_DecisionYield,delta_DecisionYield_MCSE,delta_DecisionYield_sample_variance,delta_DecisionYield_MC95_lower,delta_DecisionYield_MC95_upper,delta_DecisionYield_signed_count,DecisionYield_M1,DecisionYield_M1_count,DecisionYield_M1_MCSE,DecisionYield_M4,DecisionYield_M4_count,DecisionYield_M4_MCSE,delta_CorrectDefinitiveYield,delta_CorrectDefinitiveYield_MCSE,delta_CorrectDefinitiveYield_sample_variance,delta_CorrectDefinitiveYield_MC95_lower,delta_CorrectDefinitiveYield_MC95_upper,delta_CorrectDefinitiveYield_signed_count,CorrectDefinitiveYield_M1,CorrectDefinitiveYield_M1_count,CorrectDefinitiveYield_M1_MCSE,CorrectDefinitiveYield_M4,CorrectDefinitiveYield_M4_count,CorrectDefinitiveYield_M4_MCSE,contrast_sign_policy,DER_M3,DER_M3_count,DER_M3_MCSE,FQ_M3,FQ_M3_count,FQ_M3_MCSE,FR_M3,FR_M3_count,FR_M3_MCSE,UI_M3,UI_M3_count,UI_M3_MCSE,EI_M3,EI_M3_count,EI_M3_MCSE,DecisionYield_M3,DecisionYield_M3_count,DecisionYield_M3_MCSE,CorrectDefinitiveYield_M3,CorrectDefinitiveYield_M3_count,CorrectDefinitiveYield_M3_MCSE,DER_M2,DER_M2_count,DER_M2_MCSE,FQ_M2,FQ_M2_count,FQ_M2_MCSE,FR_M2,FR_M2_count,FR_M2_MCSE,UI_M2,UI_M2_count,UI_M2_MCSE,EI_M2,EI_M2_count,EI_M2_MCSE,DecisionYield_M2,DecisionYield_M2_count,DecisionYield_M2_MCSE,CorrectDefinitiveYield_M2,CorrectDefinitiveYield_M2_count,CorrectDefinitiveYield_M2_MCSE
GaussianCopula__LR_L2,GaussianCopula,LR_L2,R5_NULL,TARGET_B,0.025000000000000001,NOT_QUALIFIED,0.043564829709596603,0.043564829709596603,0.018564829709596602,near boundary,METHOD_SUCCESS,,M1,M1_FULL_COV_CROSSED,990,1000,0,0,0,0,0.0038652632033005069,Wilson score,0,0,0,0,0.0038652632033005069,Wilson score,0,0,0,0,0.0038652632033005069,Wilson score,0,0,0,0,0.0038652632033005069,Wilson score,0,0,0,0,0.0038652632033005069,Wilson score,1,990,0,0.99613473679669939,0.99999999999999989,Wilson score,1,990,0,0.99613473679669939,0.99999999999999989,Wilson score,0,0.01,0,,,,,,,,,,,,,,,,,,,,,,,,,,,,,,,,,,,,,,,,,,,,,,,,,,,,,,,,,,,,,,,,,,,,,,,,,,,,,,,,,,,,,,,,,,,,,,,,,,,,,,,,,,,,,,,,,,,,,,,,,,,,,,,,,
GaussianCopula__LR_L2,GaussianCopula,LR_L2,R5_NULL,TARGET_B,0.025000000000000001,NOT_QUALIFIED,0.043564829709596603,0.043564829709596603,0.018564829709596602,near boundary,METHOD_SUCCESS,,M2,M2_DIAGONAL_COV_CROSSED,995,1000,1,995,0,0.9961540855290193,1.0000000000000002,Wilson score,0,0,0,-2.1684043449710089e-19,0.0038459144709808452,Wilson score,0,0,0,-2.1684043449710089e-19,0.0038459144709808452,Wilson score,0,0,0,-2.1684043449710089e-19,0.0038459144709808452,Wilson score,1,995,0,0.9961540855290193,1.0000000000000002,Wilson score,0,0,0,-2.1684043449710089e-19,0.0038459144709808452,Wilson score,0,0,0,-2.1684043449710089e-19,0.0038459144709808452,Wilson score,0.995,1,1,,,,,,,,,,,,,,,,,,,,,,,,,,,,,,,,,,,,,,,,,,,,,,,,,,,,,,,,,,,,,,,,,,,,,,,,,,,,,,,,,,,,,,,,,,,,,,,,,,,,,,,,,,,,,,,,,,,,,,,,,,,,,,,,,
GaussianCopula__LR_L2,GaussianCopula,LR_L2,R5_NULL,TARGET_B,0.025000000000000001,NOT_QUALIFIED,0.043564829709596603,0.043564829709596603,0.018564829709596602,near boundary,METHOD_SUCCESS,,M3,M3_SEED_AGGREGATED,1000,1000,0.014,14,0.0037153734670958721,0.0083575751304239207,0.023362034117535659,Wilson score,0,0,0,2.1684043449710089e-19,0.0038267584855551234,Wilson score,0,0,0,2.1684043449710089e-19,0.0038267584855551234,Wilson score,0,0,0,2.1684043449710089e-19,0.0038267584855551234,Wilson score,0.014,14,0.0037153734670958721,0.0083575751304239207,0.023362034117535659,Wilson score,0.98599999999999999,986,0.0037153734670958734,0.97663796588246443,0.9916424248695761,Wilson score,0.98599999999999999,986,0.0037153734670958734,0.97663796588246443,0.9916424248695761,Wilson score,0.014,0.014,0.014000000000000012,,,,,,,,,,,,,,,,,,,,,,,,,,,,,,,,,,,,,,,,,,,,,,,,,,,,,,,,,,,,,,,,,,,,,,,,,,,,,,,,,,,,,,,,,,,,,,,,,,,,,,,,,,,,,,,,,,,,,,,,,,,,,,,,,
GaussianCopula__LR_L2,GaussianCopula,LR_L2,R5_NULL,TARGET_B,0.025000000000000001,NOT_QUALIFIED,0.043564829709596603,0.043564829709596603,0.018564829709596602,near boundary,METHOD_SUCCESS,,M4,M4_SINGLE_REALIZATION,1000,1000,0.154,154,0.011414201680362931,0.13295625717450094,0.17769185969750323,Wilson score,0,0,0,2.1684043449710089e-19,0.0038267584855551234,Wilson score,0,0,0,2.1684043449710089e-19,0.0038267584855551234,Wilson score,0,0,0,2.1684043449710089e-19,0.0038267584855551234,Wilson score,0.154,154,0.011414201680362931,0.13295625717450094,0.17769185969750323,Wilson score,0.84599999999999997,846,0.011414201680362933,0.82230814030249677,0.86704374282549912,Wilson score,0.84599999999999997,846,0.011414201680362933,0.82230814030249677,0.86704374282549912,Wilson score,0.154,0.154,0.15400000000000003,,,,,,,,,,,,,,,,,,,,,,,,,,,,,,,,,,,,,,,,,,,,,,,,,,,,,,,,,,,,,,,,,,,,,,,,,,,,,,,,,,,,,,,,,,,,,,,,,,,,,,,,,,,,,,,,,,,,,,,,,,,,,,,,,
GaussianCopula__LR_L2,GaussianCopula,LR_L2,R5_NULL,TARGET_B,0.025000000000000001,NOT_QUALIFIED,0.043564829709596603,0.043564829709596603,0.018564829709596602,near boundary,PAIR_COMMON_SUCCESS,M4_vs_M1,M1,M1_FULL_COV_CROSSED,990,1000,0,0,0,0,0.0038652632033005069,Wilson score,0,0,0,0,0.0038652632033005069,Wilson score,0,0,0,0,0.0038652632033005069,Wilson score,0,0,0,0,0.0038652632033005069,Wilson score,0,0,0,0,0.0038652632033005069,Wilson score,1,990,0,0.99613473679669939,0.99999999999999989,Wilson score,1,990,0,0.99613473679669939,0.99999999999999989,Wilson score,0,0.01,0,,,,,,,,,,,,,,,,,,,,,,,,,,,,,,,,,,,,,,,,,,,,,,,,,,,,,,,,,,,,,,,,,,,,,,,,,,,,,,,,,,,,,,,,,,,,,,,,,,,,,,,,,,,,,,,,,,,,,,,,,,,,,,,,,
GaussianCopula__LR_L2,GaussianCopula,LR_L2,R5_NULL,TARGET_B,0.025000000000000001,NOT_QUALIFIED,0.043564829709596603,0.043564829709596603,0.018564829709596602,near boundary,PAIR_COMMON_SUCCESS,M4_vs_M1,M4,M4_SINGLE_REALIZATION,990,1000,0.15454545454545454,153,0.011488296944791709,0.13336800387149392,0.17839345070533183,Wilson score,0,0,0,0,0.0038652632033005069,Wilson score,0,0,0,0,0.0038652632033005069,Wilson score,0,0,0,0,0.0038652632033005069,Wilson score,0.15454545454545454,153,0.011488296944791709,0.13336800387149392,0.17839345070533183,Wilson score,0.84545454545454546,837,0.011488296944791709,0.82160654929466814,0.86663199612850594,Wilson score,0.84545454545454546,837,0.011488296944791709,0.82160654929466814,0.86663199612850594,Wilson score,0.153,0.16300000000000001,0.15454545454545454,,,,,,,,,,,,,,,,,,,,,,,,,,,,,,,,,,,,,,,,,,,,,,,,,,,,,,,,,,,,,,,,,,,,,,,,,,,,,,,,,,,,,,,,,,,,,,,,,,,,,,,,,,,,,,,,,,,,,,,,,,,,,,,,,
GaussianCopula__LR_L2,GaussianCopula,LR_L2,R5_NULL,TARGET_B,0.025000000000000001,NOT_QUALIFIED,0.043564829709596603,0.043564829709596603,0.018564829709596602,near boundary,PAIR_COMMON_SUCCESS,M3_vs_M1,M1,M1_FULL_COV_CROSSED,990,1000,0,0,0,0,0.0038652632033005069,Wilson score,0,0,0,0,0.0038652632033005069,Wilson score,0,0,0,0,0.0038652632033005069,Wilson score,0,0,0,0,0.0038652632033005069,Wilson score,0,0,0,0,0.0038652632033005069,Wilson score,1,990,0,0.99613473679669939,0.99999999999999989,Wilson score,1,990,0,0.99613473679669939,0.99999999999999989,Wilson score,0,0.01,0,,,,,,,,,,,,,,,,,,,,,,,,,,,,,,,,,,,,,,,,,,,,,,,,,,,,,,,,,,,,,,,,,,,,,,,,,,,,,,,,,,,,,,,,,,,,,,,,,,,,,,,,,,,,,,,,,,,,,,,,,,,,,,,,,
GaussianCopula__LR_L2,GaussianCopula,LR_L2,R5_NULL,TARGET_B,0.025000000000000001,NOT_QUALIFIED,0.043564829709596603,0.043564829709596603,0.018564829709596602,near boundary,PAIR_COMMON_SUCCESS,M3_vs_M1,M3,M3_SEED_AGGREGATED,990,1000,0.014141414141414142,14,0.0037526333578810993,0.0084421768523270796,0.023596594058354826,Wilson score,0,0,0,0,0.0038652632033005069,Wilson score,0,0,0,0,0.0038652632033005069,Wilson score,0,0,0,0,0.0038652632033005069,Wilson score,0.014141414141414142,14,0.0037526333578810993,0.0084421768523270796,0.023596594058354826,Wilson score,0.98585858585858588,976,0.0037526333578810963,0.9764034059416451,0.99155782314767293,Wilson score,0.98585858585858588,976,0.0037526333578810963,0.9764034059416451,0.99155782314767293,Wilson score,0.014,0.024,0.014141414141414121,,,,,,,,,,,,,,,,,,,,,,,,,,,,,,,,,,,,,,,,,,,,,,,,,,,,,,,,,,,,,,,,,,,,,,,,,,,,,,,,,,,,,,,,,,,,,,,,,,,,,,,,,,,,,,,,,,,,,,,,,,,,,,,,,
GaussianCopula__LR_L2,GaussianCopula,LR_L2,R5_NULL,TARGET_B,0.025000000000000001,NOT_QUALIFIED,0.043564829709596603,0.043564829709596603,0.018564829709596602,near boundary,PAIR_COMMON_SUCCESS,M2_vs_M1,M1,M1_FULL_COV_CROSSED,985,1000,0,0,0,2.1684043449710089e-19,0.0038848076063431863,Wilson score,0,0,0,2.1684043449710089e-19,0.0038848076063431863,Wilson score,0,0,0,2.1684043449710089e-19,0.0038848076063431863,Wilson score,0,0,0,2.1684043449710089e-19,0.0038848076063431863,Wilson score,0,0,0,2.1684043449710089e-19,0.0038848076063431863,Wilson score,1,985,0,0.99611519239365676,0.99999999999999989,Wilson score,1,985,0,0.99611519239365676,0.99999999999999989,Wilson score,0,0.014999999999999999,0,,,,,,,,,,,,,,,,,,,,,,,,,,,,,,,,,,,,,,,,,,,,,,,,,,,,,,,,,,,,,,,,,,,,,,,,,,,,,,,,,,,,,,,,,,,,,,,,,,,,,,,,,,,,,,,,,,,,,,,,,,,,,,,,,
GaussianCopula__LR_L2,GaussianCopula,LR_L2,R5_NULL,TARGET_B,0.025000000000000001,NOT_QUALIFIED,0.043564829709596603,0.043564829709596603,0.018564829709596602,near boundary,PAIR_COMMON_SUCCESS,M2_vs_M1,M2,M2_DIAGONAL_COV_CROSSED,985,1000,1,985,0,0.99611519239365676,0.99999999999999989,Wilson score,0,0,0,2.1684043449710089e-19,0.0038848076063431863,Wilson score,0,0,0,2.1684043449710089e-19,0.0038848076063431863,Wilson score,0,0,0,2.1684043449710089e-19,0.0038848076063431863,Wilson score,1,985,0,0.99611519239365676,0.99999999999999989,Wilson score,0,0,0,2.1684043449710089e-19,0.0038848076063431863,Wilson score,0,0,0,2.1684043449710089e-19,0.0038848076063431863,Wilson score,0.98499999999999999,1,1,,,,,,,,,,,,,,,,,,,,,,,,,,,,,,,,,,,,,,,,,,,,,,,,,,,,,,,,,,,,,,,,,,,,,,,,,,,,,,,,,,,,,,,,,,,,,,,,,,,,,,,,,,,,,,,,,,,,,,,,,,,,,,,,,
GaussianCopula__LR_L2,GaussianCopula,LR_L2,R5_NULL,TARGET_B,0.050000000000000003,QUALIFIED,0.043564829709596603,0.043564829709596603,0.0064351702904033997,near boundary,METHOD_SUCCESS,,M1,M1_FULL_COV_CROSSED,990,1000,0.21111111111111111,209,0.012970175963407774,0.18683128218191894,0.23762420322443242,Wilson score,0,0,0,0,0.0038652632033005069,Wilson score,0,0,0,0,0.0038652632033005069,Wilson score,0,0,0,0,0.0038652632033005069,Wilson score,0.21111111111111111,209,0.012970175963407774,0.18683128218191894,0.23762420322443242,Wilson score,0.78888888888888886,781,0.012970175963407776,0.76237579677556744,0.81316871781808098,Wilson score,0.78888888888888886,781,0.012970175963407776,0.76237579677556744,0.81316871781808098,Wilson score,0.20899999999999999,0.219,0.21111111111111114,,,,,,,,,,,,,,,,,,,,,,,,,,,,,,,,,,,,,,,,,,,,,,,,,,,,,,,,,,,,,,,,,,,,,,,,,,,,,,,,,,,,,,,,,,,,,,,,,,,,,,,,,,,,,,,,,,,,,,,,,,,,,,,,,
GaussianCopula__LR_L2,GaussianCopula,LR_L2,R5_NULL,TARGET_B,0.050000000000000003,QUALIFIED,0.043564829709596603,0.043564829709596603,0.0064351702904033997,near boundary,METHOD_SUCCESS,,M2,M2_DIAGONAL_COV_CROSSED,995,1000,1,995,0,0.9961540855290193,1.0000000000000002,Wilson score,0,0,0,-2.1684043449710089e-19,0.0038459144709808452,Wilson score,0,0,0,-2.1684043449710089e-19,0.0038459144709808452,Wilson score,0,0,0,-2.1684043449710089e-19,0.0038459144709808452,Wilson score,1,995,0,0.9961540855290193,1.0000000000000002,Wilson score,0,0,0,-2.1684043449710089e-19,0.0038459144709808452,Wilson score,0,0,0,-2.1684043449710089e-19,0.0038459144709808452,Wilson score,0.995,1,1,,,,,,,,,,,,,,,,,,,,,,,,,,,,,,,,,,,,,,,,,,,,,,,,,,,,,,,,,,,,,,,,,,,,,,,,,,,,,,,,,,,,,,,,,,,,,,,,,,,,,,,,,,,,,,,,,,,,,,,,,,,,,,,,,
GaussianCopula__LR_L2,GaussianCopula,LR_L2,R5_NULL,TARGET_B,0.050000000000000003,QUALIFIED,0.043564829709596603,0.043564829709596603,0.0064351702904033997,near boundary,METHOD_SUCCESS,,M3,M3_SEED_AGGREGATED,1000,1000,0.38100000000000001,381,0.015357050498061143,0.35141031362749775,0.41150045489206433,Wilson score,0,0,0,2.1684043449710089e-19,0.0038267584855551234,Wilson score,0,0,0,2.1684043449710089e-19,0.0038267584855551234,Wilson score,0,0,0,2.1684043449710089e-19,0.0038267584855551234,Wilson score,0.38100000000000001,381,0.015357050498061143,0.35141031362749775,0.41150045489206433,Wilson score,0.61899999999999999,619,0.015357050498061143,0.58849954510793567,0.64858968637250214,Wilson score,0.61899999999999999,619,0.015357050498061143,0.58849954510793567,0.64858968637250214,Wilson score,0.38100000000000001,0.38100000000000001,0.38100000000000001,,,,,,,,,,,,,,,,,,,,,,,,,,,,,,,,,,,,,,,,,,,,,,,,,,,,,,,,,,,,,,,,,,,,,,,,,,,,,,,,,,,,,,,,,,,,,,,,,,,,,,,,,,,,,,,,,,,,,,,,,,,,,,,,,
GaussianCopula__LR_L2,GaussianCopula,LR_L2,R5_NULL,TARGET_B,0.050000000000000003,QUALIFIED,0.043564829709596603,0.043564829709596603,0.0064351702904033997,near boundary,METHOD_SUCCESS,,M4,M4_SINGLE_REALIZATION,1000,1000,0.57699999999999996,577,0.015622771841129857,0.54614249295103201,0.60726818624219236,Wilson score,0,0,0,2.1684043449710089e-19,0.0038267584855551234,Wilson score,0,0,0,2.1684043449710089e-19,0.0038267584855551234,Wilson score,0,0,0,2.1684043449710089e-19,0.0038267584855551234,Wilson score,0.57699999999999996,577,0.015622771841129857,0.54614249295103201,0.60726818624219236,Wilson score,0.42299999999999999,423,0.015622771841129857,0.39273181375780758,0.45385750704896782,Wilson score,0.42299999999999999,423,0.015622771841129857,0.39273181375780758,0.45385750704896782,Wilson score,0.57699999999999996,0.57699999999999996,0.57699999999999996,,,,,,,,,,,,,,,,,,,,,,,,,,,,,,,,,,,,,,,,,,,,,,,,,,,,,,,,,,,,,,,,,,,,,,,,,,,,,,,,,,,,,,,,,,,,,,,,,,,,,,,,,,,,,,,,,,,,,,,,,,,,,,,,,
GaussianCopula__LR_L2,GaussianCopula,LR_L2,R5_NULL,TARGET_B,0.050000000000000003,QUALIFIED,0.043564829709596603,0.043564829709596603,0.0064351702904033997,near boundary,PAIR_COMMON_SUCCESS,M4_vs_M1,M1,M1_FULL_COV_CROSSED,990,1000,0.21111111111111111,209,0.012970175963407774,0.18683128218191894,0.23762420322443242,Wilson score,0,0,0,0,0.0038652632033005069,Wilson score,0,0,0,0,0.0038652632033005069,Wilson score,0,0,0,0,0.0038652632033005069,Wilson score,0.21111111111111111,209,0.012970175963407774,0.18683128218191894,0.23762420322443242,Wilson score,0.78888888888888886,781,0.012970175963407776,0.76237579677556744,0.81316871781808098,Wilson score,0.78888888888888886,781,0.012970175963407776,0.76237579677556744,0.81316871781808098,Wilson score,0.20899999999999999,0.219,0.21111111111111114,,,,,,,,,,,,,,,,,,,,,,,,,,,,,,,,,,,,,,,,,,,,,,,,,,,,,,,,,,,,,,,,,,,,,,,,,,,,,,,,,,,,,,,,,,,,,,,,,,,,,,,,,,,,,,,,,,,,,,,,,,,,,,,,,
GaussianCopula__LR_L2,GaussianCopula,LR_L2,R5_NULL,TARGET_B,0.050000000000000003,QUALIFIED,0.043564829709596603,0.043564829709596603,0.0064351702904033997,near boundary,PAIR_COMMON_SUCCESS,M4_vs_M1,M4,M4_SINGLE_REALIZATION,990,1000,0.57777777777777772,572,0.015697603795907306,0.54676845485622538,0.60818583753437216,Wilson score,0,0,0,0,0.0038652632033005069,Wilson score,0,0,0,0,0.0038652632033005069,Wilson score,0,0,0,0,0.0038652632033005069,Wilson score,0.57777777777777772,572,0.015697603795907306,0.54676845485622538,0.60818583753437216,Wilson score,0.42222222222222222,418,0.015697603795907303,0.39181416246562772,0.45323154514377462,Wilson score,0.42222222222222222,418,0.015697603795907303,0.39181416246562772,0.45323154514377462,Wilson score,0.57199999999999995,0.58199999999999996,0.57777777777777772,,,,,,,,,,,,,,,,,,,,,,,,,,,,,,,,,,,,,,,,,,,,,,,,,,,,,,,,,,,,,,,,,,,,,,,,,,,,,,,,,,,,,,,,,,,,,,,,,,,,,,,,,,,,,,,,,,,,,,,,,,,,,,,,,
GaussianCopula__LR_L2,GaussianCopula,LR_L2,R5_NULL,TARGET_B,0.050000000000000003,QUALIFIED,0.043564829709596603,0.043564829709596603,0.0064351702904033997,near boundary,PAIR_COMMON_SUCCESS,M3_vs_M1,M1,M1_FULL_COV_CROSSED,990,1000,0.21111111111111111,209,0.012970175963407774,0.18683128218191894,0.23762420322443242,Wilson score,0,0,0,0,0.0038652632033005069,Wilson score,0,0,0,0,0.0038652632033005069,Wilson score,0,0,0,0,0.0038652632033005069,Wilson score,0.21111111111111111,209,0.012970175963407774,0.18683128218191894,0.23762420322443242,Wilson score,0.78888888888888886,781,0.012970175963407776,0.76237579677556744,0.81316871781808098,Wilson score,0.78888888888888886,781,0.012970175963407776,0.76237579677556744,0.81316871781808098,Wilson score,0.20899999999999999,0.219,0.21111111111111114,,,,,,,,,,,,,,,,,,,,,,,,,,,,,,,,,,,,,,,,,,,,,,,,,,,,,,,,,,,,,,,,,,,,,,,,,,,,,,,,,,,,,,,,,,,,,,,,,,,,,,,,,,,,,,,,,,,,,,,,,,,,,,,,,
GaussianCopula__LR_L2,GaussianCopula,LR_L2,R5_NULL,TARGET_B,0.050000000000000003,QUALIFIED,0.043564829709596603,0.043564829709596603,0.0064351702904033997,near boundary,PAIR_COMMON_SUCCESS,M3_vs_M1,M3,M3_SEED_AGGREGATED,990,1000,0.3797979797979798,376,0.015425005094357756,0.3500850457732525,0.41044013871400564,Wilson score,0,0,0,0,0.0038652632033005069,Wilson score,0,0,0,0,0.0038652632033005069,Wilson score,0,0,0,0,0.0038652632033005069,Wilson score,0.3797979797979798,376,0.015425005094357756,0.3500850457732525,0.41044013871400564,Wilson score,0.6202020202020202,614,0.015425005094357756,0.58955986128599447,0.6499149542267475,Wilson score,0.6202020202020202,614,0.015425005094357756,0.58955986128599447,0.6499149542267475,Wilson score,0.376,0.38600000000000001,0.3797979797979798,,,,,,,,,,,,,,,,,,,,,,,,,,,,,,,,,,,,,,,,,,,,,,,,,,,,,,,,,,,,,,,,,,,,,,,,,,,,,,,,,,,,,,,,,,,,,,,,,,,,,,,,,,,,,,,,,,,,,,,,,,,,,,,,,
GaussianCopula__LR_L2,GaussianCopula,LR_L2,R5_NULL,TARGET_B,0.050000000000000003,QUALIFIED,0.043564829709596603,0.043564829709596603,0.0064351702904033997,near boundary,PAIR_COMMON_SUCCESS,M2_vs_M1,M1,M1_FULL_COV_CROSSED,985,1000,0.21116751269035533,208,0.013004325491811507,0.18682638362646065,0.23775275904156906,Wilson score,0,0,0,2.1684043449710089e-19,0.0038848076063431863,Wilson score,0,0,0,2.1684043449710089e-19,0.0038848076063431863,Wilson score,0,0,0,2.1684043449710089e-19,0.0038848076063431863,Wilson score,0.21116751269035533,208,0.013004325491811507,0.18682638362646065,0.23775275904156906,Wilson score,0.78883248730964473,777,0.013004325491811507,0.76224724095843099,0.81317361637353935,Wilson score,0.78883248730964473,777,0.013004325491811507,0.76224724095843099,0.81317361637353935,Wilson score,0.20799999999999999,0.223,0.21116751269035527,,,,,,,,,,,,,,,,,,,,,,,,,,,,,,,,,,,,,,,,,,,,,,,,,,,,,,,,,,,,,,,,,,,,,,,,,,,,,,,,,,,,,,,,,,,,,,,,,,,,,,,,,,,,,,,,,,,,,,,,,,,,,,,,,
GaussianCopula__LR_L2,GaussianCopula,LR_L2,R5_NULL,TARGET_B,0.050000000000000003,QUALIFIED,0.043564829709596603,0.043564829709596603,0.0064351702904033997,near boundary,PAIR_COMMON_SUCCESS,M2_vs_M1,M2,M2_DIAGONAL_COV_CROSSED,985,1000,1,985,0,0.99611519239365676,0.99999999999999989,Wilson score,0,0,0,2.1684043449710089e-19,0.0038848076063431863,Wilson score,0,0,0,2.1684043449710089e-19,0.0038848076063431863,Wilson score,0,0,0,2.1684043449710089e-19,0.0038848076063431863,Wilson score,1,985,0,0.99611519239365676,0.99999999999999989,Wilson score,0,0,0,2.1684043449710089e-19,0.0038848076063431863,Wilson score,0,0,0,2.1684043449710089e-19,0.0038848076063431863,Wilson score,0.98499999999999999,1,1,,,,,,,,,,,,,,,,,,,,,,,,,,,,,,,,,,,,,,,,,,,,,,,,,,,,,,,,,,,,,,,,,,,,,,,,,,,,,,,,,,,,,,,,,,,,,,,,,,,,,,,,,,,,,,,,,,,,,,,,,,,,,,,,,
GaussianCopula__LR_L2,GaussianCopula,LR_L2,R5_NULL,TARGET_B,0.10000000000000001,QUALIFIED,0.043564829709596603,0.043564829709596603,0.056435170290403402,intermediate,METHOD_SUCCESS,,M1,M1_FULL_COV_CROSSED,990,1000,0,0,0,0,0.0038652632033005069,Wilson score,0,0,0,0,0.0038652632033005069,Wilson score,0,0,0,0,0.0038652632033005069,Wilson score,0,0,0,0,0.0038652632033005069,Wilson score,0,0,0,0,0.0038652632033005069,Wilson score,1,990,0,0.99613473679669939,0.99999999999999989,Wilson score,1,990,0,0.99613473679669939,0.99999999999999989,Wilson score,0,0.01,0,,,,,,,,,,,,,,,,,,,,,,,,,,,,,,,,,,,,,,,,,,,,,,,,,,,,,,,,,,,,,,,,,,,,,,,,,,,,,,,,,,,,,,,,,,,,,,,,,,,,,,,,,,,,,,,,,,,,,,,,,,,,,,,,,
GaussianCopula__LR_L2,GaussianCopula,LR_L2,R5_NULL,TARGET_B,0.10000000000000001,QUALIFIED,0.043564829709596603,0.043564829709596603,0.056435170290403402,intermediate,METHOD_SUCCESS,,M2,M2_DIAGONAL_COV_CROSSED,995,1000,0,0,0,-2.1684043449710089e-19,0.0038459144709808452,Wilson score,0,0,0,-2.1684043449710089e-19,0.0038459144709808452,Wilson score,0,0,0,-2.1684043449710089e-19,0.0038459144709808452,Wilson score,0,0,0,-2.1684043449710089e-19,0.0038459144709808452,Wilson score,0,0,0,-2.1684043449710089e-19,0.0038459144709808452,Wilson score,1,995,0,0.9961540855290193,1.0000000000000002,Wilson score,1,995,0,0.9961540855290193,1.0000000000000002,Wilson score,0,0.0050000000000000001,0,,,,,,,,,,,,,,,,,,,,,,,,,,,,,,,,,,,,,,,,,,,,,,,,,,,,,,,,,,,,,,,,,,,,,,,,,,,,,,,,,,,,,,,,,,,,,,,,,,,,,,,,,,,,,,,,,,,,,,,,,,,,,,,,,
GaussianCopula__LR_L2,GaussianCopula,LR_L2,R5_NULL,TARGET_B,0.10000000000000001,QUALIFIED,0.043564829709596603,0.043564829709596603,0.056435170290403402,intermediate,METHOD_SUCCESS,,M3,M3_SEED_AGGREGATED,1000,1000,0,0,0,2.1684043449710089e-19,0.0038267584855551234,Wilson score,0,0,0,2.1684043449710089e-19,0.0038267584855551234,Wilson score,0,0,0,2.1684043449710089e-19,0.0038267584855551234,Wilson score,0,0,0,2.1684043449710089e-19,0.0038267584855551234,Wilson score,0,0,0,2.1684043449710089e-19,0.0038267584855551234,Wilson score,1,1000,0,0.99617324151444497,1,Wilson score,1,1000,0,0.99617324151444497,1,Wilson score,0,0,0,,,,,,,,,,,,,,,,,,,,,,,,,,,,,,,,,,,,,,,,,,,,,,,,,,,,,,,,,,,,,,,,,,,,,,,,,,,,,,,,,,,,,,,,,,,,,,,,,,,,,,,,,,,,,,,,,,,,,,,,,,,,,,,,,
GaussianCopula__LR_L2,GaussianCopula,LR_L2,R5_NULL,TARGET_B,0.10000000000000001,QUALIFIED,0.043564829709596603,0.043564829709596603,0.056435170290403402,intermediate,METHOD_SUCCESS,,M4,M4_SINGLE_REALIZATION,1000,1000,0,0,0,2.1684043449710089e-19,0.0038267584855551234,Wilson score,0,0,0,2.1684043449710089e-19,0.0038267584855551234,Wilson score,0,0,0,2.1684043449710089e-19,0.0038267584855551234,Wilson score,0,0,0,2.1684043449710089e-19,0.0038267584855551234,Wilson score,0,0,0,2.1684043449710089e-19,0.0038267584855551234,Wilson score,1,1000,0,0.99617324151444497,1,Wilson score,1,1000,0,0.99617324151444497,1,Wilson score,0,0,0,,,,,,,,,,,,,,,,,,,,,,,,,,,,,,,,,,,,,,,,,,,,,,,,,,,,,,,,,,,,,,,,,,,,,,,,,,,,,,,,,,,,,,,,,,,,,,,,,,,,,,,,,,,,,,,,,,,,,,,,,,,,,,,,,
GaussianCopula__LR_L2,GaussianCopula,LR_L2,R5_NULL,TARGET_B,0.10000000000000001,QUALIFIED,0.043564829709596603,0.043564829709596603,0.056435170290403402,intermediate,PAIR_COMMON_SUCCESS,M4_vs_M1,M1,M1_FULL_COV_CROSSED,990,1000,0,0,0,0,0.0038652632033005069,Wilson score,0,0,0,0,0.0038652632033005069,Wilson score,0,0,0,0,0.0038652632033005069,Wilson score,0,0,0,0,0.0038652632033005069,Wilson score,0,0,0,0,0.0038652632033005069,Wilson score,1,990,0,0.99613473679669939,0.99999999999999989,Wilson score,1,990,0,0.99613473679669939,0.99999999999999989,Wilson score,0,0.01,0,,,,,,,,,,,,,,,,,,,,,,,,,,,,,,,,,,,,,,,,,,,,,,,,,,,,,,,,,,,,,,,,,,,,,,,,,,,,,,,,,,,,,,,,,,,,,,,,,,,,,,,,,,,,,,,,,,,,,,,,,,,,,,,,,
GaussianCopula__LR_L2,GaussianCopula,LR_L2,R5_NULL,TARGET_B,0.10000000000000001,QUALIFIED,0.043564829709596603,0.043564829709596603,0.056435170290403402,intermediate,PAIR_COMMON_SUCCESS,M4_vs_M1,M4,M4_SINGLE_REALIZATION,990,1000,0,0,0,0,0.0038652632033005069,Wilson score,0,0,0,0,0.0038652632033005069,Wilson score,0,0,0,0,0.0038652632033005069,Wilson score,0,0,0,0,0.0038652632033005069,Wilson score,0,0,0,0,0.0038652632033005069,Wilson score,1,990,0,0.99613473679669939,0.99999999999999989,Wilson score,1,990,0,0.99613473679669939,0.99999999999999989,Wilson score,0,0.01,0,,,,,,,,,,,,,,,,,,,,,,,,,,,,,,,,,,,,,,,,,,,,,,,,,,,,,,,,,,,,,,,,,,,,,,,,,,,,,,,,,,,,,,,,,,,,,,,,,,,,,,,,,,,,,,,,,,,,,,,,,,,,,,,,,
GaussianCopula__LR_L2,GaussianCopula,LR_L2,R5_NULL,TARGET_B,0.10000000000000001,QUALIFIED,0.043564829709596603,0.043564829709596603,0.056435170290403402,intermediate,PAIR_COMMON_SUCCESS,M3_vs_M1,M1,M1_FULL_COV_CROSSED,990,1000,0,0,0,0,0.0038652632033005069,Wilson score,0,0,0,0,0.0038652632033005069,Wilson score,0,0,0,0,0.0038652632033005069,Wilson score,0,0,0,0,0.0038652632033005069,Wilson score,0,0,0,0,0.0038652632033005069,Wilson score,1,990,0,0.99613473679669939,0.99999999999999989,Wilson score,1,990,0,0.99613473679669939,0.99999999999999989,Wilson score,0,0.01,0,,,,,,,,,,,,,,,,,,,,,,,,,,,,,,,,,,,,,,,,,,,,,,,,,,,,,,,,,,,,,,,,,,,,,,,,,,,,,,,,,,,,,,,,,,,,,,,,,,,,,,,,,,,,,,,,,,,,,,,,,,,,,,,,,
GaussianCopula__LR_L2,GaussianCopula,LR_L2,R5_NULL,TARGET_B,0.10000000000000001,QUALIFIED,0.043564829709596603,0.043564829709596603,0.056435170290403402,intermediate,PAIR_COMMON_SUCCESS,M3_vs_M1,M3,M3_SEED_AGGREGATED,990,1000,0,0,0,0,0.0038652632033005069,Wilson score,0,0,0,0,0.0038652632033005069,Wilson score,0,0,0,0,0.0038652632033005069,Wilson score,0,0,0,0,0.0038652632033005069,Wilson score,0,0,0,0,0.0038652632033005069,Wilson score,1,990,0,0.99613473679669939,0.99999999999999989,Wilson score,1,990,0,0.99613473679669939,0.99999999999999989,Wilson score,0,0.01,0,,,,,,,,,,,,,,,,,,,,,,,,,,,,,,,,,,,,,,,,,,,,,,,,,,,,,,,,,,,,,,,,,,,,,,,,,,,,,,,,,,,,,,,,,,,,,,,,,,,,,,,,,,,,,,,,,,,,,,,,,,,,,,,,,
GaussianCopula__LR_L2,GaussianCopula,LR_L2,R5_NULL,TARGET_B,0.10000000000000001,QUALIFIED,0.043564829709596603,0.043564829709596603,0.056435170290403402,intermediate,PAIR_COMMON_SUCCESS,M2_vs_M1,M1,M1_FULL_COV_CROSSED,985,1000,0,0,0,2.1684043449710089e-19,0.0038848076063431863,Wilson score,0,0,0,2.1684043449710089e-19,0.0038848076063431863,Wilson score,0,0,0,2.1684043449710089e-19,0.0038848076063431863,Wilson score,0,0,0,2.1684043449710089e-19,0.0038848076063431863,Wilson score,0,0,0,2.1684043449710089e-19,0.0038848076063431863,Wilson score,1,985,0,0.99611519239365676,0.99999999999999989,Wilson score,1,985,0,0.99611519239365676,0.99999999999999989,Wilson score,0,0.014999999999999999,0,,,,,,,,,,,,,,,,,,,,,,,,,,,,,,,,,,,,,,,,,,,,,,,,,,,,,,,,,,,,,,,,,,,,,,,,,,,,,,,,,,,,,,,,,,,,,,,,,,,,,,,,,,,,,,,,,,,,,,,,,,,,,,,,,
GaussianCopula__LR_L2,GaussianCopula,LR_L2,R5_NULL,TARGET_B,0.10000000000000001,QUALIFIED,0.043564829709596603,0.043564829709596603,0.056435170290403402,intermediate,PAIR_COMMON_SUCCESS,M2_vs_M1,M2,M2_DIAGONAL_COV_CROSSED,985,1000,0,0,0,2.1684043449710089e-19,0.0038848076063431863,Wilson score,0,0,0,2.1684043449710089e-19,0.0038848076063431863,Wilson score,0,0,0,2.1684043449710089e-19,0.0038848076063431863,Wilson score,0,0,0,2.1684043449710089e-19,0.0038848076063431863,Wilson score,0,0,0,2.1684043449710089e-19,0.0038848076063431863,Wilson score,1,985,0,0.99611519239365676,0.99999999999999989,Wilson score,1,985,0,0.99611519239365676,0.99999999999999989,Wilson score,0,0.014999999999999999,0,,,,,,,,,,,,,,,,,,,,,,,,,,,,,,,,,,,,,,,,,,,,,,,,,,,,,,,,,,,,,,,,,,,,,,,,,,,,,,,,,,,,,,,,,,,,,,,,,,,,,,,,,,,,,,,,,,,,,,,,,,,,,,,,,
GaussianCopula__LR_L2,GaussianCopula,LR_L2,R5_NULL,TARGET_B,0.20000000000000001,QUALIFIED,0.043564829709596603,0.043564829709596603,0.15643517029040341,far from boundary,METHOD_SUCCESS,,M1,M1_FULL_COV_CROSSED,990,1000,0,0,0,0,0.0038652632033005069,Wilson score,0,0,0,0,0.0038652632033005069,Wilson score,0,0,0,0,0.0038652632033005069,Wilson score,0,0,0,0,0.0038652632033005069,Wilson score,0,0,0,0,0.0038652632033005069,Wilson score,1,990,0,0.99613473679669939,0.99999999999999989,Wilson score,1,990,0,0.99613473679669939,0.99999999999999989,Wilson score,0,0.01,0,,,,,,,,,,,,,,,,,,,,,,,,,,,,,,,,,,,,,,,,,,,,,,,,,,,,,,,,,,,,,,,,,,,,,,,,,,,,,,,,,,,,,,,,,,,,,,,,,,,,,,,,,,,,,,,,,,,,,,,,,,,,,,,,,
GaussianCopula__LR_L2,GaussianCopula,LR_L2,R5_NULL,TARGET_B,0.20000000000000001,QUALIFIED,0.043564829709596603,0.043564829709596603,0.15643517029040341,far from boundary,METHOD_SUCCESS,,M2,M2_DIAGONAL_COV_CROSSED,995,1000,0,0,0,-2.1684043449710089e-19,0.0038459144709808452,Wilson score,0,0,0,-2.1684043449710089e-19,0.0038459144709808452,Wilson score,0,0,0,-2.1684043449710089e-19,0.0038459144709808452,Wilson score,0,0,0,-2.1684043449710089e-19,0.0038459144709808452,Wilson score,0,0,0,-2.1684043449710089e-19,0.0038459144709808452,Wilson score,1,995,0,0.9961540855290193,1.0000000000000002,Wilson score,1,995,0,0.9961540855290193,1.0000000000000002,Wilson score,0,0.0050000000000000001,0,,,,,,,,,,,,,,,,,,,,,,,,,,,,,,,,,,,,,,,,,,,,,,,,,,,,,,,,,,,,,,,,,,,,,,,,,,,,,,,,,,,,,,,,,,,,,,,,,,,,,,,,,,,,,,,,,,,,,,,,,,,,,,,,,
GaussianCopula__LR_L2,GaussianCopula,LR_L2,R5_NULL,TARGET_B,0.20000000000000001,QUALIFIED,0.043564829709596603,0.043564829709596603,0.15643517029040341,far from boundary,METHOD_SUCCESS,,M3,M3_SEED_AGGREGATED,1000,1000,0,0,0,2.1684043449710089e-19,0.0038267584855551234,Wilson score,0,0,0,2.1684043449710089e-19,0.0038267584855551234,Wilson score,0,0,0,2.1684043449710089e-19,0.0038267584855551234,Wilson score,0,0,0,2.1684043449710089e-19,0.0038267584855551234,Wilson score,0,0,0,2.1684043449710089e-19,0.0038267584855551234,Wilson score,1,1000,0,0.99617324151444497,1,Wilson score,1,1000,0,0.99617324151444497,1,Wilson score,0,0,0,,,,,,,,,,,,,,,,,,,,,,,,,,,,,,,,,,,,,,,,,,,,,,,,,,,,,,,,,,,,,,,,,,,,,,,,,,,,,,,,,,,,,,,,,,,,,,,,,,,,,,,,,,,,,,,,,,,,,,,,,,,,,,,,,
GaussianCopula__LR_L2,GaussianCopula,LR_L2,R5_NULL,TARGET_B,0.20000000000000001,QUALIFIED,0.043564829709596603,0.043564829709596603,0.15643517029040341,far from boundary,METHOD_SUCCESS,,M4,M4_SINGLE_REALIZATION,1000,1000,0,0,0,2.1684043449710089e-19,0.0038267584855551234,Wilson score,0,0,0,2.1684043449710089e-19,0.0038267584855551234,Wilson score,0,0,0,2.1684043449710089e-19,0.0038267584855551234,Wilson score,0,0,0,2.1684043449710089e-19,0.0038267584855551234,Wilson score,0,0,0,2.1684043449710089e-19,0.0038267584855551234,Wilson score,1,1000,0,0.99617324151444497,1,Wilson score,1,1000,0,0.99617324151444497,1,Wilson score,0,0,0,,,,,,,,,,,,,,,,,,,,,,,,,,,,,,,,,,,,,,,,,,,,,,,,,,,,,,,,,,,,,,,,,,,,,,,,,,,,,,,,,,,,,,,,,,,,,,,,,,,,,,,,,,,,,,,,,,,,,,,,,,,,,,,,,
GaussianCopula__LR_L2,GaussianCopula,LR_L2,R5_NULL,TARGET_B,0.20000000000000001,QUALIFIED,0.043564829709596603,0.043564829709596603,0.15643517029040341,far from boundary,PAIR_COMMON_SUCCESS,M4_vs_M1,M1,M1_FULL_COV_CROSSED,990,1000,0,0,0,0,0.0038652632033005069,Wilson score,0,0,0,0,0.0038652632033005069,Wilson score,0,0,0,0,0.0038652632033005069,Wilson score,0,0,0,0,0.0038652632033005069,Wilson score,0,0,0,0,0.0038652632033005069,Wilson score,1,990,0,0.99613473679669939,0.99999999999999989,Wilson score,1,990,0,0.99613473679669939,0.99999999999999989,Wilson score,0,0.01,0,,,,,,,,,,,,,,,,,,,,,,,,,,,,,,,,,,,,,,,,,,,,,,,,,,,,,,,,,,,,,,,,,,,,,,,,,,,,,,,,,,,,,,,,,,,,,,,,,,,,,,,,,,,,,,,,,,,,,,,,,,,,,,,,,
GaussianCopula__LR_L2,GaussianCopula,LR_L2,R5_NULL,TARGET_B,0.20000000000000001,QUALIFIED,0.043564829709596603,0.043564829709596603,0.15643517029040341,far from boundary,PAIR_COMMON_SUCCESS,M4_vs_M1,M4,M4_SINGLE_REALIZATION,990,1000,0,0,0,0,0.0038652632033005069,Wilson score,0,0,0,0,0.0038652632033005069,Wilson score,0,0,0,0,0.0038652632033005069,Wilson score,0,0,0,0,0.0038652632033005069,Wilson score,0,0,0,0,0.0038652632033005069,Wilson score,1,990,0,0.99613473679669939,0.99999999999999989,Wilson score,1,990,0,0.99613473679669939,0.99999999999999989,Wilson score,0,0.01,0,,,,,,,,,,,,,,,,,,,,,,,,,,,,,,,,,,,,,,,,,,,,,,,,,,,,,,,,,,,,,,,,,,,,,,,,,,,,,,,,,,,,,,,,,,,,,,,,,,,,,,,,,,,,,,,,,,,,,,,,,,,,,,,,,
GaussianCopula__LR_L2,GaussianCopula,LR_L2,R5_NULL,TARGET_B,0.20000000000000001,QUALIFIED,0.043564829709596603,0.043564829709596603,0.15643517029040341,far from boundary,PAIR_COMMON_SUCCESS,M3_vs_M1,M1,M1_FULL_COV_CROSSED,990,1000,0,0,0,0,0.0038652632033005069,Wilson score,0,0,0,0,0.0038652632033005069,Wilson score,0,0,0,0,0.0038652632033005069,Wilson score,0,0,0,0,0.0038652632033005069,Wilson score,0,0,0,0,0.0038652632033005069,Wilson score,1,990,0,0.99613473679669939,0.99999999999999989,Wilson score,1,990,0,0.99613473679669939,0.99999999999999989,Wilson score,0,0.01,0,,,,,,,,,,,,,,,,,,,,,,,,,,,,,,,,,,,,,,,,,,,,,,,,,,,,,,,,,,,,,,,,,,,,,,,,,,,,,,,,,,,,,,,,,,,,,,,,,,,,,,,,,,,,,,,,,,,,,,,,,,,,,,,,,
GaussianCopula__LR_L2,GaussianCopula,LR_L2,R5_NULL,TARGET_B,0.20000000000000001,QUALIFIED,0.043564829709596603,0.043564829709596603,0.15643517029040341,far from boundary,PAIR_COMMON_SUCCESS,M3_vs_M1,M3,M3_SEED_AGGREGATED,990,1000,0,0,0,0,0.0038652632033005069,Wilson score,0,0,0,0,0.0038652632033005069,Wilson score,0,0,0,0,0.0038652632033005069,Wilson score,0,0,0,0,0.0038652632033005069,Wilson score,0,0,0,0,0.0038652632033005069,Wilson score,1,990,0,0.99613473679669939,0.99999999999999989,Wilson score,1,990,0,0.99613473679669939,0.99999999999999989,Wilson score,0,0.01,0,,,,,,,,,,,,,,,,,,,,,,,,,,,,,,,,,,,,,,,,,,,,,,,,,,,,,,,,,,,,,,,,,,,,,,,,,,,,,,,,,,,,,,,,,,,,,,,,,,,,,,,,,,,,,,,,,,,,,,,,,,,,,,,,,
GaussianCopula__LR_L2,GaussianCopula,LR_L2,R5_NULL,TARGET_B,0.20000000000000001,QUALIFIED,0.043564829709596603,0.043564829709596603,0.15643517029040341,far from boundary,PAIR_COMMON_SUCCESS,M2_vs_M1,M1,M1_FULL_COV_CROSSED,985,1000,0,0,0,2.1684043449710089e-19,0.0038848076063431863,Wilson score,0,0,0,2.1684043449710089e-19,0.0038848076063431863,Wilson score,0,0,0,2.1684043449710089e-19,0.0038848076063431863,Wilson score,0,0,0,2.1684043449710089e-19,0.0038848076063431863,Wilson score,0,0,0,2.1684043449710089e-19,0.0038848076063431863,Wilson score,1,985,0,0.99611519239365676,0.99999999999999989,Wilson score,1,985,0,0.99611519239365676,0.99999999999999989,Wilson score,0,0.014999999999999999,0,,,,,,,,,,,,,,,,,,,,,,,,,,,,,,,,,,,,,,,,,,,,,,,,,,,,,,,,,,,,,,,,,,,,,,,,,,,,,,,,,,,,,,,,,,,,,,,,,,,,,,,,,,,,,,,,,,,,,,,,,,,,,,,,,
GaussianCopula__LR_L2,GaussianCopula,LR_L2,R5_NULL,TARGET_B,0.20000000000000001,QUALIFIED,0.043564829709596603,0.043564829709596603,0.15643517029040341,far from boundary,PAIR_COMMON_SUCCESS,M2_vs_M1,M2,M2_DIAGONAL_COV_CROSSED,985,1000,0,0,0,2.1684043449710089e-19,0.0038848076063431863,Wilson score,0,0,0,2.1684043449710089e-19,0.0038848076063431863,Wilson score,0,0,0,2.1684043449710089e-19,0.0038848076063431863,Wilson score,0,0,0,2.1684043449710089e-19,0.0038848076063431863,Wilson score,0,0,0,2.1684043449710089e-19,0.0038848076063431863,Wilson score,1,985,0,0.99611519239365676,0.99999999999999989,Wilson score,1,985,0,0.99611519239365676,0.99999999999999989,Wilson score,0,0.014999999999999999,0,,,,,,,,,,,,,,,,,,,,,,,,,,,,,,,,,,,,,,,,,,,,,,,,,,,,,,,,,,,,,,,,,,,,,,,,,,,,,,,,,,,,,,,,,,,,,,,,,,,,,,,,,,,,,,,,,,,,,,,,,,,,,,,,,
GaussianCopula__LR_L2,GaussianCopula,LR_L2,R5_NULL,TARGET_A,0.025000000000000001,NOT_QUALIFIED,0.043564829709596603,0.043564829709596603,0.018564829709596602,near boundary,METHOD_SUCCESS,,M1,M1_FULL_COV_CROSSED,990,1000,0,0,0,0,0.0038652632033005069,Wilson score,0,0,0,0,0.0038652632033005069,Wilson score,0,0,0,0,0.0038652632033005069,Wilson score,0,0,0,0,0.0038652632033005069,Wilson score,0,0,0,0,0.0038652632033005069,Wilson score,1,990,0,0.99613473679669939,0.99999999999999989,Wilson score,1,990,0,0.99613473679669939,0.99999999999999989,Wilson score,0,0.01,0,,,,,,,,,,,,,,,,,,,,,,,,,,,,,,,,,,,,,,,,,,,,,,,,,,,,,,,,,,,,,,,,,,,,,,,,,,,,,,,,,,,,,,,,,,,,,,,,,,,,,,,,,,,,,,,,,,,,,,,,,,,,,,,,,
GaussianCopula__LR_L2,GaussianCopula,LR_L2,R5_NULL,TARGET_A,0.025000000000000001,NOT_QUALIFIED,0.043564829709596603,0.043564829709596603,0.018564829709596602,near boundary,METHOD_SUCCESS,,M2,M2_DIAGONAL_COV_CROSSED,995,1000,1,995,0,0.9961540855290193,1.0000000000000002,Wilson score,0,0,0,-2.1684043449710089e-19,0.0038459144709808452,Wilson score,0,0,0,-2.1684043449710089e-19,0.0038459144709808452,Wilson score,0,0,0,-2.1684043449710089e-19,0.0038459144709808452,Wilson score,1,995,0,0.9961540855290193,1.0000000000000002,Wilson score,0,0,0,-2.1684043449710089e-19,0.0038459144709808452,Wilson score,0,0,0,-2.1684043449710089e-19,0.0038459144709808452,Wilson score,0.995,1,1,,,,,,,,,,,,,,,,,,,,,,,,,,,,,,,,,,,,,,,,,,,,,,,,,,,,,,,,,,,,,,,,,,,,,,,,,,,,,,,,,,,,,,,,,,,,,,,,,,,,,,,,,,,,,,,,,,,,,,,,,,,,,,,,,
GaussianCopula__LR_L2,GaussianCopula,LR_L2,R5_NULL,TARGET_A,0.025000000000000001,NOT_QUALIFIED,0.043564829709596603,0.043564829709596603,0.018564829709596602,near boundary,METHOD_SUCCESS,,M3,M3_SEED_AGGREGATED,1000,1000,0.014,14,0.0037153734670958721,0.0083575751304239207,0.023362034117535659,Wilson score,0,0,0,2.1684043449710089e-19,0.0038267584855551234,Wilson score,0,0,0,2.1684043449710089e-19,0.0038267584855551234,Wilson score,0,0,0,2.1684043449710089e-19,0.0038267584855551234,Wilson score,0.014,14,0.0037153734670958721,0.0083575751304239207,0.023362034117535659,Wilson score,0.98599999999999999,986,0.0037153734670958734,0.97663796588246443,0.9916424248695761,Wilson score,0.98599999999999999,986,0.0037153734670958734,0.97663796588246443,0.9916424248695761,Wilson score,0.014,0.014,0.014000000000000012,,,,,,,,,,,,,,,,,,,,,,,,,,,,,,,,,,,,,,,,,,,,,,,,,,,,,,,,,,,,,,,,,,,,,,,,,,,,,,,,,,,,,,,,,,,,,,,,,,,,,,,,,,,,,,,,,,,,,,,,,,,,,,,,,
GaussianCopula__LR_L2,GaussianCopula,LR_L2,R5_NULL,TARGET_A,0.025000000000000001,NOT_QUALIFIED,0.043564829709596603,0.043564829709596603,0.018564829709596602,near boundary,METHOD_SUCCESS,,M4,M4_SINGLE_REALIZATION,1000,1000,0.154,154,0.011414201680362931,0.13295625717450094,0.17769185969750323,Wilson score,0,0,0,2.1684043449710089e-19,0.0038267584855551234,Wilson score,0,0,0,2.1684043449710089e-19,0.0038267584855551234,Wilson score,0,0,0,2.1684043449710089e-19,0.0038267584855551234,Wilson score,0.154,154,0.011414201680362931,0.13295625717450094,0.17769185969750323,Wilson score,0.84599999999999997,846,0.011414201680362933,0.82230814030249677,0.86704374282549912,Wilson score,0.84599999999999997,846,0.011414201680362933,0.82230814030249677,0.86704374282549912,Wilson score,0.154,0.154,0.15400000000000003,,,,,,,,,,,,,,,,,,,,,,,,,,,,,,,,,,,,,,,,,,,,,,,,,,,,,,,,,,,,,,,,,,,,,,,,,,,,,,,,,,,,,,,,,,,,,,,,,,,,,,,,,,,,,,,,,,,,,,,,,,,,,,,,,
GaussianCopula__LR_L2,GaussianCopula,LR_L2,R5_NULL,TARGET_A,0.025000000000000001,NOT_QUALIFIED,0.043564829709596603,0.043564829709596603,0.018564829709596602,near boundary,PAIR_COMMON_SUCCESS,M4_vs_M1,M1,M1_FULL_COV_CROSSED,990,1000,0,0,0,0,0.0038652632033005069,Wilson score,0,0,0,0,0.0038652632033005069,Wilson score,0,0,0,0,0.0038652632033005069,Wilson score,0,0,0,0,0.0038652632033005069,Wilson score,0,0,0,0,0.0038652632033005069,Wilson score,1,990,0,0.99613473679669939,0.99999999999999989,Wilson score,1,990,0,0.99613473679669939,0.99999999999999989,Wilson score,0,0.01,0,,,,,,,,,,,,,,,,,,,,,,,,,,,,,,,,,,,,,,,,,,,,,,,,,,,,,,,,,,,,,,,,,,,,,,,,,,,,,,,,,,,,,,,,,,,,,,,,,,,,,,,,,,,,,,,,,,,,,,,,,,,,,,,,,
GaussianCopula__LR_L2,GaussianCopula,LR_L2,R5_NULL,TARGET_A,0.025000000000000001,NOT_QUALIFIED,0.043564829709596603,0.043564829709596603,0.018564829709596602,near boundary,PAIR_COMMON_SUCCESS,M4_vs_M1,M4,M4_SINGLE_REALIZATION,990,1000,0.15454545454545454,153,0.011488296944791709,0.13336800387149392,0.17839345070533183,Wilson score,0,0,0,0,0.0038652632033005069,Wilson score,0,0,0,0,0.0038652632033005069,Wilson score,0,0,0,0,0.0038652632033005069,Wilson score,0.15454545454545454,153,0.011488296944791709,0.13336800387149392,0.17839345070533183,Wilson score,0.84545454545454546,837,0.011488296944791709,0.82160654929466814,0.86663199612850594,Wilson score,0.84545454545454546,837,0.011488296944791709,0.82160654929466814,0.86663199612850594,Wilson score,0.153,0.16300000000000001,0.15454545454545454,,,,,,,,,,,,,,,,,,,,,,,,,,,,,,,,,,,,,,,,,,,,,,,,,,,,,,,,,,,,,,,,,,,,,,,,,,,,,,,,,,,,,,,,,,,,,,,,,,,,,,,,,,,,,,,,,,,,,,,,,,,,,,,,,
GaussianCopula__LR_L2,GaussianCopula,LR_L2,R5_NULL,TARGET_A,0.025000000000000001,NOT_QUALIFIED,0.043564829709596603,0.043564829709596603,0.018564829709596602,near boundary,PAIR_COMMON_SUCCESS,M3_vs_M1,M1,M1_FULL_COV_CROSSED,990,1000,0,0,0,0,0.0038652632033005069,Wilson score,0,0,0,0,0.0038652632033005069,Wilson score,0,0,0,0,0.0038652632033005069,Wilson score,0,0,0,0,0.0038652632033005069,Wilson score,0,0,0,0,0.0038652632033005069,Wilson score,1,990,0,0.99613473679669939,0.99999999999999989,Wilson score,1,990,0,0.99613473679669939,0.99999999999999989,Wilson score,0,0.01,0,,,,,,,,,,,,,,,,,,,,,,,,,,,,,,,,,,,,,,,,,,,,,,,,,,,,,,,,,,,,,,,,,,,,,,,,,,,,,,,,,,,,,,,,,,,,,,,,,,,,,,,,,,,,,,,,,,,,,,,,,,,,,,,,,
GaussianCopula__LR_L2,GaussianCopula,LR_L2,R5_NULL,TARGET_A,0.025000000000000001,NOT_QUALIFIED,0.043564829709596603,0.043564829709596603,0.018564829709596602,near boundary,PAIR_COMMON_SUCCESS,M3_vs_M1,M3,M3_SEED_AGGREGATED,990,1000,0.014141414141414142,14,0.0037526333578810993,0.0084421768523270796,0.023596594058354826,Wilson score,0,0,0,0,0.0038652632033005069,Wilson score,0,0,0,0,0.0038652632033005069,Wilson score,0,0,0,0,0.0038652632033005069,Wilson score,0.014141414141414142,14,0.0037526333578810993,0.0084421768523270796,0.023596594058354826,Wilson score,0.98585858585858588,976,0.0037526333578810963,0.9764034059416451,0.99155782314767293,Wilson score,0.98585858585858588,976,0.0037526333578810963,0.9764034059416451,0.99155782314767293,Wilson score,0.014,0.024,0.014141414141414121,,,,,,,,,,,,,,,,,,,,,,,,,,,,,,,,,,,,,,,,,,,,,,,,,,,,,,,,,,,,,,,,,,,,,,,,,,,,,,,,,,,,,,,,,,,,,,,,,,,,,,,,,,,,,,,,,,,,,,,,,,,,,,,,,
GaussianCopula__LR_L2,GaussianCopula,LR_L2,R5_NULL,TARGET_A,0.025000000000000001,NOT_QUALIFIED,0.043564829709596603,0.043564829709596603,0.018564829709596602,near boundary,PAIR_COMMON_SUCCESS,M2_vs_M1,M1,M1_FULL_COV_CROSSED,985,1000,0,0,0,2.1684043449710089e-19,0.0038848076063431863,Wilson score,0,0,0,2.1684043449710089e-19,0.0038848076063431863,Wilson score,0,0,0,2.1684043449710089e-19,0.0038848076063431863,Wilson score,0,0,0,2.1684043449710089e-19,0.0038848076063431863,Wilson score,0,0,0,2.1684043449710089e-19,0.0038848076063431863,Wilson score,1,985,0,0.99611519239365676,0.99999999999999989,Wilson score,1,985,0,0.99611519239365676,0.99999999999999989,Wilson score,0,0.014999999999999999,0,,,,,,,,,,,,,,,,,,,,,,,,,,,,,,,,,,,,,,,,,,,,,,,,,,,,,,,,,,,,,,,,,,,,,,,,,,,,,,,,,,,,,,,,,,,,,,,,,,,,,,,,,,,,,,,,,,,,,,,,,,,,,,,,,
GaussianCopula__LR_L2,GaussianCopula,LR_L2,R5_NULL,TARGET_A,0.025000000000000001,NOT_QUALIFIED,0.043564829709596603,0.043564829709596603,0.018564829709596602,near boundary,PAIR_COMMON_SUCCESS,M2_vs_M1,M2,M2_DIAGONAL_COV_CROSSED,985,1000,1,985,0,0.99611519239365676,0.99999999999999989,Wilson score,0,0,0,2.1684043449710089e-19,0.0038848076063431863,Wilson score,0,0,0,2.1684043449710089e-19,0.0038848076063431863,Wilson score,0,0,0,2.1684043449710089e-19,0.0038848076063431863,Wilson score,1,985,0,0.99611519239365676,0.99999999999999989,Wilson score,0,0,0,2.1684043449710089e-19,0.0038848076063431863,Wilson score,0,0,0,2.1684043449710089e-19,0.0038848076063431863,Wilson score,0.98499999999999999,1,1,,,,,,,,,,,,,,,,,,,,,,,,,,,,,,,,,,,,,,,,,,,,,,,,,,,,,,,,,,,,,,,,,,,,,,,,,,,,,,,,,,,,,,,,,,,,,,,,,,,,,,,,,,,,,,,,,,,,,,,,,,,,,,,,,
GaussianCopula__LR_L2,GaussianCopula,LR_L2,R5_NULL,TARGET_A,0.050000000000000003,QUALIFIED,0.043564829709596603,0.043564829709596603,0.0064351702904033997,near boundary,METHOD_SUCCESS,,M1,M1_FULL_COV_CROSSED,990,1000,0.20909090909090908,207,0.012924485446899519,0.18490783482059048,0.23552286377042064,Wilson score,0,0,0,0,0.0038652632033005069,Wilson score,0,0,0,0,0.0038652632033005069,Wilson score,0,0,0,0,0.0038652632033005069,Wilson score,0.20909090909090908,207,0.012924485446899519,0.18490783482059048,0.23552286377042064,Wilson score,0.79090909090909089,783,0.012924485446899519,0.76447713622957925,0.81509216517940941,Wilson score,0.79090909090909089,783,0.012924485446899519,0.76447713622957925,0.81509216517940941,Wilson score,0.20699999999999999,0.217,0.20909090909090911,,,,,,,,,,,,,,,,,,,,,,,,,,,,,,,,,,,,,,,,,,,,,,,,,,,,,,,,,,,,,,,,,,,,,,,,,,,,,,,,,,,,,,,,,,,,,,,,,,,,,,,,,,,,,,,,,,,,,,,,,,,,,,,,,
GaussianCopula__LR_L2,GaussianCopula,LR_L2,R5_NULL,TARGET_A,0.050000000000000003,QUALIFIED,0.043564829709596603,0.043564829709596603,0.0064351702904033997,near boundary,METHOD_SUCCESS,,M2,M2_DIAGONAL_COV_CROSSED,995,1000,1,995,0,0.9961540855290193,1.0000000000000002,Wilson score,0,0,0,-2.1684043449710089e-19,0.0038459144709808452,Wilson score,0,0,0,-2.1684043449710089e-19,0.0038459144709808452,Wilson score,0,0,0,-2.1684043449710089e-19,0.0038459144709808452,Wilson score,1,995,0,0.9961540855290193,1.0000000000000002,Wilson score,0,0,0,-2.1684043449710089e-19,0.0038459144709808452,Wilson score,0,0,0,-2.1684043449710089e-19,0.0038459144709808452,Wilson score,0.995,1,1,,,,,,,,,,,,,,,,,,,,,,,,,,,,,,,,,,,,,,,,,,,,,,,,,,,,,,,,,,,,,,,,,,,,,,,,,,,,,,,,,,,,,,,,,,,,,,,,,,,,,,,,,,,,,,,,,,,,,,,,,,,,,,,,,
GaussianCopula__LR_L2,GaussianCopula,LR_L2,R5_NULL,TARGET_A,0.050000000000000003,QUALIFIED,0.043564829709596603,0.043564829709596603,0.0064351702904033997,near boundary,METHOD_SUCCESS,,M3,M3_SEED_AGGREGATED,1000,1000,0.38100000000000001,381,0.015357050498061143,0.35141031362749775,0.41150045489206433,Wilson score,0,0,0,2.1684043449710089e-19,0.0038267584855551234,Wilson score,0,0,0,2.1684043449710089e-19,0.0038267584855551234,Wilson score,0,0,0,2.1684043449710089e-19,0.0038267584855551234,Wilson score,0.38100000000000001,381,0.015357050498061143,0.35141031362749775,0.41150045489206433,Wilson score,0.61899999999999999,619,0.015357050498061143,0.58849954510793567,0.64858968637250214,Wilson score,0.61899999999999999,619,0.015357050498061143,0.58849954510793567,0.64858968637250214,Wilson score,0.38100000000000001,0.38100000000000001,0.38100000000000001,,,,,,,,,,,,,,,,,,,,,,,,,,,,,,,,,,,,,,,,,,,,,,,,,,,,,,,,,,,,,,,,,,,,,,,,,,,,,,,,,,,,,,,,,,,,,,,,,,,,,,,,,,,,,,,,,,,,,,,,,,,,,,,,,
GaussianCopula__LR_L2,GaussianCopula,LR_L2,R5_NULL,TARGET_A,0.050000000000000003,QUALIFIED,0.043564829709596603,0.043564829709596603,0.0064351702904033997,near boundary,METHOD_SUCCESS,,M4,M4_SINGLE_REALIZATION,1000,1000,0.57699999999999996,577,0.015622771841129857,0.54614249295103201,0.60726818624219236,Wilson score,0,0,0,2.1684043449710089e-19,0.0038267584855551234,Wilson score,0,0,0,2.1684043449710089e-19,0.0038267584855551234,Wilson score,0,0,0,2.1684043449710089e-19,0.0038267584855551234,Wilson score,0.57699999999999996,577,0.015622771841129857,0.54614249295103201,0.60726818624219236,Wilson score,0.42299999999999999,423,0.015622771841129857,0.39273181375780758,0.45385750704896782,Wilson score,0.42299999999999999,423,0.015622771841129857,0.39273181375780758,0.45385750704896782,Wilson score,0.57699999999999996,0.57699999999999996,0.57699999999999996,,,,,,,,,,,,,,,,,,,,,,,,,,,,,,,,,,,,,,,,,,,,,,,,,,,,,,,,,,,,,,,,,,,,,,,,,,,,,,,,,,,,,,,,,,,,,,,,,,,,,,,,,,,,,,,,,,,,,,,,,,,,,,,,,
GaussianCopula__LR_L2,GaussianCopula,LR_L2,R5_NULL,TARGET_A,0.050000000000000003,QUALIFIED,0.043564829709596603,0.043564829709596603,0.0064351702904033997,near boundary,PAIR_COMMON_SUCCESS,M4_vs_M1,M1,M1_FULL_COV_CROSSED,990,1000,0.20909090909090908,207,0.012924485446899519,0.18490783482059048,0.23552286377042064,Wilson score,0,0,0,0,0.0038652632033005069,Wilson score,0,0,0,0,0.0038652632033005069,Wilson score,0,0,0,0,0.0038652632033005069,Wilson score,0.20909090909090908,207,0.012924485446899519,0.18490783482059048,0.23552286377042064,Wilson score,0.79090909090909089,783,0.012924485446899519,0.76447713622957925,0.81509216517940941,Wilson score,0.79090909090909089,783,0.012924485446899519,0.76447713622957925,0.81509216517940941,Wilson score,0.20699999999999999,0.217,0.20909090909090911,,,,,,,,,,,,,,,,,,,,,,,,,,,,,,,,,,,,,,,,,,,,,,,,,,,,,,,,,,,,,,,,,,,,,,,,,,,,,,,,,,,,,,,,,,,,,,,,,,,,,,,,,,,,,,,,,,,,,,,,,,,,,,,,,
GaussianCopula__LR_L2,GaussianCopula,LR_L2,R5_NULL,TARGET_A,0.050000000000000003,QUALIFIED,0.043564829709596603,0.043564829709596603,0.0064351702904033997,near boundary,PAIR_COMMON_SUCCESS,M4_vs_M1,M4,M4_SINGLE_REALIZATION,990,1000,0.57777777777777772,572,0.015697603795907306,0.54676845485622538,0.60818583753437216,Wilson score,0,0,0,0,0.0038652632033005069,Wilson score,0,0,0,0,0.0038652632033005069,Wilson score,0,0,0,0,0.0038652632033005069,Wilson score,0.57777777777777772,572,0.015697603795907306,0.54676845485622538,0.60818583753437216,Wilson score,0.42222222222222222,418,0.015697603795907303,0.39181416246562772,0.45323154514377462,Wilson score,0.42222222222222222,418,0.015697603795907303,0.39181416246562772,0.45323154514377462,Wilson score,0.57199999999999995,0.58199999999999996,0.57777777777777772,,,,,,,,,,,,,,,,,,,,,,,,,,,,,,,,,,,,,,,,,,,,,,,,,,,,,,,,,,,,,,,,,,,,,,,,,,,,,,,,,,,,,,,,,,,,,,,,,,,,,,,,,,,,,,,,,,,,,,,,,,,,,,,,,
GaussianCopula__LR_L2,GaussianCopula,LR_L2,R5_NULL,TARGET_A,0.050000000000000003,QUALIFIED,0.043564829709596603,0.043564829709596603,0.0064351702904033997,near boundary,PAIR_COMMON_SUCCESS,M3_vs_M1,M1,M1_FULL_COV_CROSSED,990,1000,0.20909090909090908,207,0.012924485446899519,0.18490783482059048,0.23552286377042064,Wilson score,0,0,0,0,0.0038652632033005069,Wilson score,0,0,0,0,0.0038652632033005069,Wilson score,0,0,0,0,0.0038652632033005069,Wilson score,0.20909090909090908,207,0.012924485446899519,0.18490783482059048,0.23552286377042064,Wilson score,0.79090909090909089,783,0.012924485446899519,0.76447713622957925,0.81509216517940941,Wilson score,0.79090909090909089,783,0.012924485446899519,0.76447713622957925,0.81509216517940941,Wilson score,0.20699999999999999,0.217,0.20909090909090911,,,,,,,,,,,,,,,,,,,,,,,,,,,,,,,,,,,,,,,,,,,,,,,,,,,,,,,,,,,,,,,,,,,,,,,,,,,,,,,,,,,,,,,,,,,,,,,,,,,,,,,,,,,,,,,,,,,,,,,,,,,,,,,,,
GaussianCopula__LR_L2,GaussianCopula,LR_L2,R5_NULL,TARGET_A,0.050000000000000003,QUALIFIED,0.043564829709596603,0.043564829709596603,0.0064351702904033997,near boundary,PAIR_COMMON_SUCCESS,M3_vs_M1,M3,M3_SEED_AGGREGATED,990,1000,0.3797979797979798,376,0.015425005094357756,0.3500850457732525,0.41044013871400564,Wilson score,0,0,0,0,0.0038652632033005069,Wilson score,0,0,0,0,0.0038652632033005069,Wilson score,0,0,0,0,0.0038652632033005069,Wilson score,0.3797979797979798,376,0.015425005094357756,0.3500850457732525,0.41044013871400564,Wilson score,0.6202020202020202,614,0.015425005094357756,0.58955986128599447,0.6499149542267475,Wilson score,0.6202020202020202,614,0.015425005094357756,0.58955986128599447,0.6499149542267475,Wilson score,0.376,0.38600000000000001,0.3797979797979798,,,,,,,,,,,,,,,,,,,,,,,,,,,,,,,,,,,,,,,,,,,,,,,,,,,,,,,,,,,,,,,,,,,,,,,,,,,,,,,,,,,,,,,,,,,,,,,,,,,,,,,,,,,,,,,,,,,,,,,,,,,,,,,,,
GaussianCopula__LR_L2,GaussianCopula,LR_L2,R5_NULL,TARGET_A,0.050000000000000003,QUALIFIED,0.043564829709596603,0.043564829709596603,0.0064351702904033997,near boundary,PAIR_COMMON_SUCCESS,M2_vs_M1,M1,M1_FULL_COV_CROSSED,985,1000,0.20913705583756345,206,0.012958298899496403,0.18489341196268511,0.23564059286821304,Wilson score,0,0,0,2.1684043449710089e-19,0.0038848076063431863,Wilson score,0,0,0,2.1684043449710089e-19,0.0038848076063431863,Wilson score,0,0,0,2.1684043449710089e-19,0.0038848076063431863,Wilson score,0.20913705583756345,206,0.012958298899496403,0.18489341196268511,0.23564059286821304,Wilson score,0.79086294416243652,779,0.012958298899496403,0.76435940713178696,0.81510658803731495,Wilson score,0.79086294416243652,779,0.012958298899496403,0.76435940713178696,0.81510658803731495,Wilson score,0.20599999999999999,0.221,0.20913705583756348,,,,,,,,,,,,,,,,,,,,,,,,,,,,,,,,,,,,,,,,,,,,,,,,,,,,,,,,,,,,,,,,,,,,,,,,,,,,,,,,,,,,,,,,,,,,,,,,,,,,,,,,,,,,,,,,,,,,,,,,,,,,,,,,,
GaussianCopula__LR_L2,GaussianCopula,LR_L2,R5_NULL,TARGET_A,0.050000000000000003,QUALIFIED,0.043564829709596603,0.043564829709596603,0.0064351702904033997,near boundary,PAIR_COMMON_SUCCESS,M2_vs_M1,M2,M2_DIAGONAL_COV_CROSSED,985,1000,1,985,0,0.99611519239365676,0.99999999999999989,Wilson score,0,0,0,2.1684043449710089e-19,0.0038848076063431863,Wilson score,0,0,0,2.1684043449710089e-19,0.0038848076063431863,Wilson score,0,0,0,2.1684043449710089e-19,0.0038848076063431863,Wilson score,1,985,0,0.99611519239365676,0.99999999999999989,Wilson score,0,0,0,2.1684043449710089e-19,0.0038848076063431863,Wilson score,0,0,0,2.1684043449710089e-19,0.0038848076063431863,Wilson score,0.98499999999999999,1,1,,,,,,,,,,,,,,,,,,,,,,,,,,,,,,,,,,,,,,,,,,,,,,,,,,,,,,,,,,,,,,,,,,,,,,,,,,,,,,,,,,,,,,,,,,,,,,,,,,,,,,,,,,,,,,,,,,,,,,,,,,,,,,,,,
GaussianCopula__LR_L2,GaussianCopula,LR_L2,R5_NULL,TARGET_A,0.10000000000000001,QUALIFIED,0.043564829709596603,0.043564829709596603,0.056435170290403402,intermediate,METHOD_SUCCESS,,M1,M1_FULL_COV_CROSSED,990,1000,0,0,0,0,0.0038652632033005069,Wilson score,0,0,0,0,0.0038652632033005069,Wilson score,0,0,0,0,0.0038652632033005069,Wilson score,0,0,0,0,0.0038652632033005069,Wilson score,0,0,0,0,0.0038652632033005069,Wilson score,1,990,0,0.99613473679669939,0.99999999999999989,Wilson score,1,990,0,0.99613473679669939,0.99999999999999989,Wilson score,0,0.01,0,,,,,,,,,,,,,,,,,,,,,,,,,,,,,,,,,,,,,,,,,,,,,,,,,,,,,,,,,,,,,,,,,,,,,,,,,,,,,,,,,,,,,,,,,,,,,,,,,,,,,,,,,,,,,,,,,,,,,,,,,,,,,,,,,
GaussianCopula__LR_L2,GaussianCopula,LR_L2,R5_NULL,TARGET_A,0.10000000000000001,QUALIFIED,0.043564829709596603,0.043564829709596603,0.056435170290403402,intermediate,METHOD_SUCCESS,,M2,M2_DIAGONAL_COV_CROSSED,995,1000,0,0,0,-2.1684043449710089e-19,0.0038459144709808452,Wilson score,0,0,0,-2.1684043449710089e-19,0.0038459144709808452,Wilson score,0,0,0,-2.1684043449710089e-19,0.0038459144709808452,Wilson score,0,0,0,-2.1684043449710089e-19,0.0038459144709808452,Wilson score,0,0,0,-2.1684043449710089e-19,0.0038459144709808452,Wilson score,1,995,0,0.9961540855290193,1.0000000000000002,Wilson score,1,995,0,0.9961540855290193,1.0000000000000002,Wilson score,0,0.0050000000000000001,0,,,,,,,,,,,,,,,,,,,,,,,,,,,,,,,,,,,,,,,,,,,,,,,,,,,,,,,,,,,,,,,,,,,,,,,,,,,,,,,,,,,,,,,,,,,,,,,,,,,,,,,,,,,,,,,,,,,,,,,,,,,,,,,,,
GaussianCopula__LR_L2,GaussianCopula,LR_L2,R5_NULL,TARGET_A,0.10000000000000001,QUALIFIED,0.043564829709596603,0.043564829709596603,0.056435170290403402,intermediate,METHOD_SUCCESS,,M3,M3_SEED_AGGREGATED,1000,1000,0,0,0,2.1684043449710089e-19,0.0038267584855551234,Wilson score,0,0,0,2.1684043449710089e-19,0.0038267584855551234,Wilson score,0,0,0,2.1684043449710089e-19,0.0038267584855551234,Wilson score,0,0,0,2.1684043449710089e-19,0.0038267584855551234,Wilson score,0,0,0,2.1684043449710089e-19,0.0038267584855551234,Wilson score,1,1000,0,0.99617324151444497,1,Wilson score,1,1000,0,0.99617324151444497,1,Wilson score,0,0,0,,,,,,,,,,,,,,,,,,,,,,,,,,,,,,,,,,,,,,,,,,,,,,,,,,,,,,,,,,,,,,,,,,,,,,,,,,,,,,,,,,,,,,,,,,,,,,,,,,,,,,,,,,,,,,,,,,,,,,,,,,,,,,,,,
GaussianCopula__LR_L2,GaussianCopula,LR_L2,R5_NULL,TARGET_A,0.10000000000000001,QUALIFIED,0.043564829709596603,0.043564829709596603,0.056435170290403402,intermediate,METHOD_SUCCESS,,M4,M4_SINGLE_REALIZATION,1000,1000,0,0,0,2.1684043449710089e-19,0.0038267584855551234,Wilson score,0,0,0,2.1684043449710089e-19,0.0038267584855551234,Wilson score,0,0,0,2.1684043449710089e-19,0.0038267584855551234,Wilson score,0,0,0,2.1684043449710089e-19,0.0038267584855551234,Wilson score,0,0,0,2.1684043449710089e-19,0.0038267584855551234,Wilson score,1,1000,0,0.99617324151444497,1,Wilson score,1,1000,0,0.99617324151444497,1,Wilson score,0,0,0,,,,,,,,,,,,,,,,,,,,,,,,,,,,,,,,,,,,,,,,,,,,,,,,,,,,,,,,,,,,,,,,,,,,,,,,,,,,,,,,,,,,,,,,,,,,,,,,,,,,,,,,,,,,,,,,,,,,,,,,,,,,,,,,,
GaussianCopula__LR_L2,GaussianCopula,LR_L2,R5_NULL,TARGET_A,0.10000000000000001,QUALIFIED,0.043564829709596603,0.043564829709596603,0.056435170290403402,intermediate,PAIR_COMMON_SUCCESS,M4_vs_M1,M1,M1_FULL_COV_CROSSED,990,1000,0,0,0,0,0.0038652632033005069,Wilson score,0,0,0,0,0.0038652632033005069,Wilson score,0,0,0,0,0.0038652632033005069,Wilson score,0,0,0,0,0.0038652632033005069,Wilson score,0,0,0,0,0.0038652632033005069,Wilson score,1,990,0,0.99613473679669939,0.99999999999999989,Wilson score,1,990,0,0.99613473679669939,0.99999999999999989,Wilson score,0,0.01,0,,,,,,,,,,,,,,,,,,,,,,,,,,,,,,,,,,,,,,,,,,,,,,,,,,,,,,,,,,,,,,,,,,,,,,,,,,,,,,,,,,,,,,,,,,,,,,,,,,,,,,,,,,,,,,,,,,,,,,,,,,,,,,,,,
GaussianCopula__LR_L2,GaussianCopula,LR_L2,R5_NULL,TARGET_A,0.10000000000000001,QUALIFIED,0.043564829709596603,0.043564829709596603,0.056435170290403402,intermediate,PAIR_COMMON_SUCCESS,M4_vs_M1,M4,M4_SINGLE_REALIZATION,990,1000,0,0,0,0,0.0038652632033005069,Wilson score,0,0,0,0,0.0038652632033005069,Wilson score,0,0,0,0,0.0038652632033005069,Wilson score,0,0,0,0,0.0038652632033005069,Wilson score,0,0,0,0,0.0038652632033005069,Wilson score,1,990,0,0.99613473679669939,0.99999999999999989,Wilson score,1,990,0,0.99613473679669939,0.99999999999999989,Wilson score,0,0.01,0,,,,,,,,,,,,,,,,,,,,,,,,,,,,,,,,,,,,,,,,,,,,,,,,,,,,,,,,,,,,,,,,,,,,,,,,,,,,,,,,,,,,,,,,,,,,,,,,,,,,,,,,,,,,,,,,,,,,,,,,,,,,,,,,,
GaussianCopula__LR_L2,GaussianCopula,LR_L2,R5_NULL,TARGET_A,0.10000000000000001,QUALIFIED,0.043564829709596603,0.043564829709596603,0.056435170290403402,intermediate,PAIR_COMMON_SUCCESS,M3_vs_M1,M1,M1_FULL_COV_CROSSED,990,1000,0,0,0,0,0.0038652632033005069,Wilson score,0,0,0,0,0.0038652632033005069,Wilson score,0,0,0,0,0.0038652632033005069,Wilson score,0,0,0,0,0.0038652632033005069,Wilson score,0,0,0,0,0.0038652632033005069,Wilson score,1,990,0,0.99613473679669939,0.99999999999999989,Wilson score,1,990,0,0.99613473679669939,0.99999999999999989,Wilson score,0,0.01,0,,,,,,,,,,,,,,,,,,,,,,,,,,,,,,,,,,,,,,,,,,,,,,,,,,,,,,,,,,,,,,,,,,,,,,,,,,,,,,,,,,,,,,,,,,,,,,,,,,,,,,,,,,,,,,,,,,,,,,,,,,,,,,,,,
GaussianCopula__LR_L2,GaussianCopula,LR_L2,R5_NULL,TARGET_A,0.10000000000000001,QUALIFIED,0.043564829709596603,0.043564829709596603,0.056435170290403402,intermediate,PAIR_COMMON_SUCCESS,M3_vs_M1,M3,M3_SEED_AGGREGATED,990,1000,0,0,0,0,0.0038652632033005069,Wilson score,0,0,0,0,0.0038652632033005069,Wilson score,0,0,0,0,0.0038652632033005069,Wilson score,0,0,0,0,0.0038652632033005069,Wilson score,0,0,0,0,0.0038652632033005069,Wilson score,1,990,0,0.99613473679669939,0.99999999999999989,Wilson score,1,990,0,0.99613473679669939,0.99999999999999989,Wilson score,0,0.01,0,,,,,,,,,,,,,,,,,,,,,,,,,,,,,,,,,,,,,,,,,,,,,,,,,,,,,,,,,,,,,,,,,,,,,,,,,,,,,,,,,,,,,,,,,,,,,,,,,,,,,,,,,,,,,,,,,,,,,,,,,,,,,,,,,
GaussianCopula__LR_L2,GaussianCopula,LR_L2,R5_NULL,TARGET_A,0.10000000000000001,QUALIFIED,0.043564829709596603,0.043564829709596603,0.056435170290403402,intermediate,PAIR_COMMON_SUCCESS,M2_vs_M1,M1,M1_FULL_COV_CROSSED,985,1000,0,0,0,2.1684043449710089e-19,0.0038848076063431863,Wilson score,0,0,0,2.1684043449710089e-19,0.0038848076063431863,Wilson score,0,0,0,2.1684043449710089e-19,0.0038848076063431863,Wilson score,0,0,0,2.1684043449710089e-19,0.0038848076063431863,Wilson score,0,0,0,2.1684043449710089e-19,0.0038848076063431863,Wilson score,1,985,0,0.99611519239365676,0.99999999999999989,Wilson score,1,985,0,0.99611519239365676,0.99999999999999989,Wilson score,0,0.014999999999999999,0,,,,,,,,,,,,,,,,,,,,,,,,,,,,,,,,,,,,,,,,,,,,,,,,,,,,,,,,,,,,,,,,,,,,,,,,,,,,,,,,,,,,,,,,,,,,,,,,,,,,,,,,,,,,,,,,,,,,,,,,,,,,,,,,,
GaussianCopula__LR_L2,GaussianCopula,LR_L2,R5_NULL,TARGET_A,0.10000000000000001,QUALIFIED,0.043564829709596603,0.043564829709596603,0.056435170290403402,intermediate,PAIR_COMMON_SUCCESS,M2_vs_M1,M2,M2_DIAGONAL_COV_CROSSED,985,1000,0,0,0,2.1684043449710089e-19,0.0038848076063431863,Wilson score,0,0,0,2.1684043449710089e-19,0.0038848076063431863,Wilson score,0,0,0,2.1684043449710089e-19,0.0038848076063431863,Wilson score,0,0,0,2.1684043449710089e-19,0.0038848076063431863,Wilson score,0,0,0,2.1684043449710089e-19,0.0038848076063431863,Wilson score,1,985,0,0.99611519239365676,0.99999999999999989,Wilson score,1,985,0,0.99611519239365676,0.99999999999999989,Wilson score,0,0.014999999999999999,0,,,,,,,,,,,,,,,,,,,,,,,,,,,,,,,,,,,,,,,,,,,,,,,,,,,,,,,,,,,,,,,,,,,,,,,,,,,,,,,,,,,,,,,,,,,,,,,,,,,,,,,,,,,,,,,,,,,,,,,,,,,,,,,,,
GaussianCopula__LR_L2,GaussianCopula,LR_L2,R5_NULL,TARGET_A,0.20000000000000001,QUALIFIED,0.043564829709596603,0.043564829709596603,0.15643517029040341,far from boundary,METHOD_SUCCESS,,M1,M1_FULL_COV_CROSSED,990,1000,0,0,0,0,0.0038652632033005069,Wilson score,0,0,0,0,0.0038652632033005069,Wilson score,0,0,0,0,0.0038652632033005069,Wilson score,0,0,0,0,0.0038652632033005069,Wilson score,0,0,0,0,0.0038652632033005069,Wilson score,1,990,0,0.99613473679669939,0.99999999999999989,Wilson score,1,990,0,0.99613473679669939,0.99999999999999989,Wilson score,0,0.01,0,,,,,,,,,,,,,,,,,,,,,,,,,,,,,,,,,,,,,,,,,,,,,,,,,,,,,,,,,,,,,,,,,,,,,,,,,,,,,,,,,,,,,,,,,,,,,,,,,,,,,,,,,,,,,,,,,,,,,,,,,,,,,,,,,
GaussianCopula__LR_L2,GaussianCopula,LR_L2,R5_NULL,TARGET_A,0.20000000000000001,QUALIFIED,0.043564829709596603,0.043564829709596603,0.15643517029040341,far from boundary,METHOD_SUCCESS,,M2,M2_DIAGONAL_COV_CROSSED,995,1000,0,0,0,-2.1684043449710089e-19,0.0038459144709808452,Wilson score,0,0,0,-2.1684043449710089e-19,0.0038459144709808452,Wilson score,0,0,0,-2.1684043449710089e-19,0.0038459144709808452,Wilson score,0,0,0,-2.1684043449710089e-19,0.0038459144709808452,Wilson score,0,0,0,-2.1684043449710089e-19,0.0038459144709808452,Wilson score,1,995,0,0.9961540855290193,1.0000000000000002,Wilson score,1,995,0,0.9961540855290193,1.0000000000000002,Wilson score,0,0.0050000000000000001,0,,,,,,,,,,,,,,,,,,,,,,,,,,,,,,,,,,,,,,,,,,,,,,,,,,,,,,,,,,,,,,,,,,,,,,,,,,,,,,,,,,,,,,,,,,,,,,,,,,,,,,,,,,,,,,,,,,,,,,,,,,,,,,,,,
GaussianCopula__LR_L2,GaussianCopula,LR_L2,R5_NULL,TARGET_A,0.20000000000000001,QUALIFIED,0.043564829709596603,0.043564829709596603,0.15643517029040341,far from boundary,METHOD_SUCCESS,,M3,M3_SEED_AGGREGATED,1000,1000,0,0,0,2.1684043449710089e-19,0.0038267584855551234,Wilson score,0,0,0,2.1684043449710089e-19,0.0038267584855551234,Wilson score,0,0,0,2.1684043449710089e-19,0.0038267584855551234,Wilson score,0,0,0,2.1684043449710089e-19,0.0038267584855551234,Wilson score,0,0,0,2.1684043449710089e-19,0.0038267584855551234,Wilson score,1,1000,0,0.99617324151444497,1,Wilson score,1,1000,0,0.99617324151444497,1,Wilson score,0,0,0,,,,,,,,,,,,,,,,,,,,,,,,,,,,,,,,,,,,,,,,,,,,,,,,,,,,,,,,,,,,,,,,,,,,,,,,,,,,,,,,,,,,,,,,,,,,,,,,,,,,,,,,,,,,,,,,,,,,,,,,,,,,,,,,,
GaussianCopula__LR_L2,GaussianCopula,LR_L2,R5_NULL,TARGET_A,0.20000000000000001,QUALIFIED,0.043564829709596603,0.043564829709596603,0.15643517029040341,far from boundary,METHOD_SUCCESS,,M4,M4_SINGLE_REALIZATION,1000,1000,0,0,0,2.1684043449710089e-19,0.0038267584855551234,Wilson score,0,0,0,2.1684043449710089e-19,0.0038267584855551234,Wilson score,0,0,0,2.1684043449710089e-19,0.0038267584855551234,Wilson score,0,0,0,2.1684043449710089e-19,0.0038267584855551234,Wilson score,0,0,0,2.1684043449710089e-19,0.0038267584855551234,Wilson score,1,1000,0,0.99617324151444497,1,Wilson score,1,1000,0,0.99617324151444497,1,Wilson score,0,0,0,,,,,,,,,,,,,,,,,,,,,,,,,,,,,,,,,,,,,,,,,,,,,,,,,,,,,,,,,,,,,,,,,,,,,,,,,,,,,,,,,,,,,,,,,,,,,,,,,,,,,,,,,,,,,,,,,,,,,,,,,,,,,,,,,
GaussianCopula__LR_L2,GaussianCopula,LR_L2,R5_NULL,TARGET_A,0.20000000000000001,QUALIFIED,0.043564829709596603,0.043564829709596603,0.15643517029040341,far from boundary,PAIR_COMMON_SUCCESS,M4_vs_M1,M1,M1_FULL_COV_CROSSED,990,1000,0,0,0,0,0.0038652632033005069,Wilson score,0,0,0,0,0.0038652632033005069,Wilson score,0,0,0,0,0.0038652632033005069,Wilson score,0,0,0,0,0.0038652632033005069,Wilson score,0,0,0,0,0.0038652632033005069,Wilson score,1,990,0,0.99613473679669939,0.99999999999999989,Wilson score,1,990,0,0.99613473679669939,0.99999999999999989,Wilson score,0,0.01,0,,,,,,,,,,,,,,,,,,,,,,,,,,,,,,,,,,,,,,,,,,,,,,,,,,,,,,,,,,,,,,,,,,,,,,,,,,,,,,,,,,,,,,,,,,,,,,,,,,,,,,,,,,,,,,,,,,,,,,,,,,,,,,,,,
GaussianCopula__LR_L2,GaussianCopula,LR_L2,R5_NULL,TARGET_A,0.20000000000000001,QUALIFIED,0.043564829709596603,0.043564829709596603,0.15643517029040341,far from boundary,PAIR_COMMON_SUCCESS,M4_vs_M1,M4,M4_SINGLE_REALIZATION,990,1000,0,0,0,0,0.0038652632033005069,Wilson score,0,0,0,0,0.0038652632033005069,Wilson score,0,0,0,0,0.0038652632033005069,Wilson score,0,0,0,0,0.0038652632033005069,Wilson score,0,0,0,0,0.0038652632033005069,Wilson score,1,990,0,0.99613473679669939,0.99999999999999989,Wilson score,1,990,0,0.99613473679669939,0.99999999999999989,Wilson score,0,0.01,0,,,,,,,,,,,,,,,,,,,,,,,,,,,,,,,,,,,,,,,,,,,,,,,,,,,,,,,,,,,,,,,,,,,,,,,,,,,,,,,,,,,,,,,,,,,,,,,,,,,,,,,,,,,,,,,,,,,,,,,,,,,,,,,,,
GaussianCopula__LR_L2,GaussianCopula,LR_L2,R5_NULL,TARGET_A,0.20000000000000001,QUALIFIED,0.043564829709596603,0.043564829709596603,0.15643517029040341,far from boundary,PAIR_COMMON_SUCCESS,M3_vs_M1,M1,M1_FULL_COV_CROSSED,990,1000,0,0,0,0,0.0038652632033005069,Wilson score,0,0,0,0,0.0038652632033005069,Wilson score,0,0,0,0,0.0038652632033005069,Wilson score,0,0,0,0,0.0038652632033005069,Wilson score,0,0,0,0,0.0038652632033005069,Wilson score,1,990,0,0.99613473679669939,0.99999999999999989,Wilson score,1,990,0,0.99613473679669939,0.99999999999999989,Wilson score,0,0.01,0,,,,,,,,,,,,,,,,,,,,,,,,,,,,,,,,,,,,,,,,,,,,,,,,,,,,,,,,,,,,,,,,,,,,,,,,,,,,,,,,,,,,,,,,,,,,,,,,,,,,,,,,,,,,,,,,,,,,,,,,,,,,,,,,,
GaussianCopula__LR_L2,GaussianCopula,LR_L2,R5_NULL,TARGET_A,0.20000000000000001,QUALIFIED,0.043564829709596603,0.043564829709596603,0.15643517029040341,far from boundary,PAIR_COMMON_SUCCESS,M3_vs_M1,M3,M3_SEED_AGGREGATED,990,1000,0,0,0,0,0.0038652632033005069,Wilson score,0,0,0,0,0.0038652632033005069,Wilson score,0,0,0,0,0.0038652632033005069,Wilson score,0,0,0,0,0.0038652632033005069,Wilson score,0,0,0,0,0.0038652632033005069,Wilson score,1,990,0,0.99613473679669939,0.99999999999999989,Wilson score,1,990,0,0.99613473679669939,0.99999999999999989,Wilson score,0,0.01,0,,,,,,,,,,,,,,,,,,,,,,,,,,,,,,,,,,,,,,,,,,,,,,,,,,,,,,,,,,,,,,,,,,,,,,,,,,,,,,,,,,,,,,,,,,,,,,,,,,,,,,,,,,,,,,,,,,,,,,,,,,,,,,,,,
GaussianCopula__LR_L2,GaussianCopula,LR_L2,R5_NULL,TARGET_A,0.20000000000000001,QUALIFIED,0.043564829709596603,0.043564829709596603,0.15643517029040341,far from boundary,PAIR_COMMON_SUCCESS,M2_vs_M1,M1,M1_FULL_COV_CROSSED,985,1000,0,0,0,2.1684043449710089e-19,0.0038848076063431863,Wilson score,0,0,0,2.1684043449710089e-19,0.0038848076063431863,Wilson score,0,0,0,2.1684043449710089e-19,0.0038848076063431863,Wilson score,0,0,0,2.1684043449710089e-19,0.0038848076063431863,Wilson score,0,0,0,2.1684043449710089e-19,0.0038848076063431863,Wilson score,1,985,0,0.99611519239365676,0.99999999999999989,Wilson score,1,985,0,0.99611519239365676,0.99999999999999989,Wilson score,0,0.014999999999999999,0,,,,,,,,,,,,,,,,,,,,,,,,,,,,,,,,,,,,,,,,,,,,,,,,,,,,,,,,,,,,,,,,,,,,,,,,,,,,,,,,,,,,,,,,,,,,,,,,,,,,,,,,,,,,,,,,,,,,,,,,,,,,,,,,,
GaussianCopula__LR_L2,GaussianCopula,LR_L2,R5_NULL,TARGET_A,0.20000000000000001,QUALIFIED,0.043564829709596603,0.043564829709596603,0.15643517029040341,far from boundary,PAIR_COMMON_SUCCESS,M2_vs_M1,M2,M2_DIAGONAL_COV_CROSSED,985,1000,0,0,0,2.1684043449710089e-19,0.0038848076063431863,Wilson score,0,0,0,2.1684043449710089e-19,0.0038848076063431863,Wilson score,0,0,0,2.1684043449710089e-19,0.0038848076063431863,Wilson score,0,0,0,2.1684043449710089e-19,0.0038848076063431863,Wilson score,0,0,0,2.1684043449710089e-19,0.0038848076063431863,Wilson score,1,985,0,0.99611519239365676,0.99999999999999989,Wilson score,1,985,0,0.99611519239365676,0.99999999999999989,Wilson score,0,0.014999999999999999,0,,,,,,,,,,,,,,,,,,,,,,,,,,,,,,,,,,,,,,,,,,,,,,,,,,,,,,,,,,,,,,,,,,,,,,,,,,,,,,,,,,,,,,,,,,,,,,,,,,,,,,,,,,,,,,,,,,,,,,,,,,,,,,,,,
GaussianCopula__XGBoost,GaussianCopula,XGBoost,R5_NULL,TARGET_B,0.025000000000000001,NOT_QUALIFIED,0.1158612933122804,0.1158612933122804,0.090861293312280406,far from boundary,METHOD_SUCCESS,,M1,M1_FULL_COV_CROSSED,991,1000,0,0,0,0,0.0038613778975876926,Wilson score,0,0,0,0,0.0038613778975876926,Wilson score,0,0,0,0,0.0038613778975876926,Wilson score,0,0,0,0,0.0038613778975876926,Wilson score,0,0,0,0,0.0038613778975876926,Wilson score,1,991,0,0.99613862210241211,0.99999999999999989,Wilson score,1,991,0,0.99613862210241211,0.99999999999999989,Wilson score,0,0.0089999999999999993,0,,,,,,,,,,,,,,,,,,,,,,,,,,,,,,,,,,,,,,,,,,,,,,,,,,,,,,,,,,,,,,,,,,,,,,,,,,,,,,,,,,,,,,,,,,,,,,,,,,,,,,,,,,,,,,,,,,,,,,,,,,,,,,,,,
GaussianCopula__XGBoost,GaussianCopula,XGBoost,R5_NULL,TARGET_B,0.025000000000000001,NOT_QUALIFIED,0.1158612933122804,0.1158612933122804,0.090861293312280406,far from boundary,METHOD_SUCCESS,,M2,M2_DIAGONAL_COV_CROSSED,995,1000,0,0,0,-2.1684043449710089e-19,0.0038459144709808452,Wilson score,0,0,0,-2.1684043449710089e-19,0.0038459144709808452,Wilson score,0,0,0,-2.1684043449710089e-19,0.0038459144709808452,Wilson score,0,0,0,-2.1684043449710089e-19,0.0038459144709808452,Wilson score,0,0,0,-2.1684043449710089e-19,0.0038459144709808452,Wilson score,1,995,0,0.9961540855290193,1.0000000000000002,Wilson score,1,995,0,0.9961540855290193,1.0000000000000002,Wilson score,0,0.0050000000000000001,0,,,,,,,,,,,,,,,,,,,,,,,,,,,,,,,,,,,,,,,,,,,,,,,,,,,,,,,,,,,,,,,,,,,,,,,,,,,,,,,,,,,,,,,,,,,,,,,,,,,,,,,,,,,,,,,,,,,,,,,,,,,,,,,,,
GaussianCopula__XGBoost,GaussianCopula,XGBoost,R5_NULL,TARGET_B,0.025000000000000001,NOT_QUALIFIED,0.1158612933122804,0.1158612933122804,0.090861293312280406,far from boundary,METHOD_SUCCESS,,M3,M3_SEED_AGGREGATED,1000,1000,0,0,0,2.1684043449710089e-19,0.0038267584855551234,Wilson score,0,0,0,2.1684043449710089e-19,0.0038267584855551234,Wilson score,0,0,0,2.1684043449710089e-19,0.0038267584855551234,Wilson score,0,0,0,2.1684043449710089e-19,0.0038267584855551234,Wilson score,0,0,0,2.1684043449710089e-19,0.0038267584855551234,Wilson score,1,1000,0,0.99617324151444497,1,Wilson score,1,1000,0,0.99617324151444497,1,Wilson score,0,0,0,,,,,,,,,,,,,,,,,,,,,,,,,,,,,,,,,,,,,,,,,,,,,,,,,,,,,,,,,,,,,,,,,,,,,,,,,,,,,,,,,,,,,,,,,,,,,,,,,,,,,,,,,,,,,,,,,,,,,,,,,,,,,,,,,
GaussianCopula__XGBoost,GaussianCopula,XGBoost,R5_NULL,TARGET_B,0.025000000000000001,NOT_QUALIFIED,0.1158612933122804,0.1158612933122804,0.090861293312280406,far from boundary,METHOD_SUCCESS,,M4,M4_SINGLE_REALIZATION,1000,1000,0,0,0,2.1684043449710089e-19,0.0038267584855551234,Wilson score,0,0,0,2.1684043449710089e-19,0.0038267584855551234,Wilson score,0,0,0,2.1684043449710089e-19,0.0038267584855551234,Wilson score,0,0,0,2.1684043449710089e-19,0.0038267584855551234,Wilson score,0,0,0,2.1684043449710089e-19,0.0038267584855551234,Wilson score,1,1000,0,0.99617324151444497,1,Wilson score,1,1000,0,0.99617324151444497,1,Wilson score,0,0,0,,,,,,,,,,,,,,,,,,,,,,,,,,,,,,,,,,,,,,,,,,,,,,,,,,,,,,,,,,,,,,,,,,,,,,,,,,,,,,,,,,,,,,,,,,,,,,,,,,,,,,,,,,,,,,,,,,,,,,,,,,,,,,,,,
GaussianCopula__XGBoost,GaussianCopula,XGBoost,R5_NULL,TARGET_B,0.025000000000000001,NOT_QUALIFIED,0.1158612933122804,0.1158612933122804,0.090861293312280406,far from boundary,PAIR_COMMON_SUCCESS,M4_vs_M1,M1,M1_FULL_COV_CROSSED,991,1000,0,0,0,0,0.0038613778975876926,Wilson score,0,0,0,0,0.0038613778975876926,Wilson score,0,0,0,0,0.0038613778975876926,Wilson score,0,0,0,0,0.0038613778975876926,Wilson score,0,0,0,0,0.0038613778975876926,Wilson score,1,991,0,0.99613862210241211,0.99999999999999989,Wilson score,1,991,0,0.99613862210241211,0.99999999999999989,Wilson score,0,0.0089999999999999993,0,,,,,,,,,,,,,,,,,,,,,,,,,,,,,,,,,,,,,,,,,,,,,,,,,,,,,,,,,,,,,,,,,,,,,,,,,,,,,,,,,,,,,,,,,,,,,,,,,,,,,,,,,,,,,,,,,,,,,,,,,,,,,,,,,
GaussianCopula__XGBoost,GaussianCopula,XGBoost,R5_NULL,TARGET_B,0.025000000000000001,NOT_QUALIFIED,0.1158612933122804,0.1158612933122804,0.090861293312280406,far from boundary,PAIR_COMMON_SUCCESS,M4_vs_M1,M4,M4_SINGLE_REALIZATION,991,1000,0,0,0,0,0.0038613778975876926,Wilson score,0,0,0,0,0.0038613778975876926,Wilson score,0,0,0,0,0.0038613778975876926,Wilson score,0,0,0,0,0.0038613778975876926,Wilson score,0,0,0,0,0.0038613778975876926,Wilson score,1,991,0,0.99613862210241211,0.99999999999999989,Wilson score,1,991,0,0.99613862210241211,0.99999999999999989,Wilson score,0,0.0089999999999999993,0,,,,,,,,,,,,,,,,,,,,,,,,,,,,,,,,,,,,,,,,,,,,,,,,,,,,,,,,,,,,,,,,,,,,,,,,,,,,,,,,,,,,,,,,,,,,,,,,,,,,,,,,,,,,,,,,,,,,,,,,,,,,,,,,,
GaussianCopula__XGBoost,GaussianCopula,XGBoost,R5_NULL,TARGET_B,0.025000000000000001,NOT_QUALIFIED,0.1158612933122804,0.1158612933122804,0.090861293312280406,far from boundary,PAIR_COMMON_SUCCESS,M3_vs_M1,M1,M1_FULL_COV_CROSSED,991,1000,0,0,0,0,0.0038613778975876926,Wilson score,0,0,0,0,0.0038613778975876926,Wilson score,0,0,0,0,0.0038613778975876926,Wilson score,0,0,0,0,0.0038613778975876926,Wilson score,0,0,0,0,0.0038613778975876926,Wilson score,1,991,0,0.99613862210241211,0.99999999999999989,Wilson score,1,991,0,0.99613862210241211,0.99999999999999989,Wilson score,0,0.0089999999999999993,0,,,,,,,,,,,,,,,,,,,,,,,,,,,,,,,,,,,,,,,,,,,,,,,,,,,,,,,,,,,,,,,,,,,,,,,,,,,,,,,,,,,,,,,,,,,,,,,,,,,,,,,,,,,,,,,,,,,,,,,,,,,,,,,,,
GaussianCopula__XGBoost,GaussianCopula,XGBoost,R5_NULL,TARGET_B,0.025000000000000001,NOT_QUALIFIED,0.1158612933122804,0.1158612933122804,0.090861293312280406,far from boundary,PAIR_COMMON_SUCCESS,M3_vs_M1,M3,M3_SEED_AGGREGATED,991,1000,0,0,0,0,0.0038613778975876926,Wilson score,0,0,0,0,0.0038613778975876926,Wilson score,0,0,0,0,0.0038613778975876926,Wilson score,0,0,0,0,0.0038613778975876926,Wilson score,0,0,0,0,0.0038613778975876926,Wilson score,1,991,0,0.99613862210241211,0.99999999999999989,Wilson score,1,991,0,0.99613862210241211,0.99999999999999989,Wilson score,0,0.0089999999999999993,0,,,,,,,,,,,,,,,,,,,,,,,,,,,,,,,,,,,,,,,,,,,,,,,,,,,,,,,,,,,,,,,,,,,,,,,,,,,,,,,,,,,,,,,,,,,,,,,,,,,,,,,,,,,,,,,,,,,,,,,,,,,,,,,,,
GaussianCopula__XGBoost,GaussianCopula,XGBoost,R5_NULL,TARGET_B,0.025000000000000001,NOT_QUALIFIED,0.1158612933122804,0.1158612933122804,0.090861293312280406,far from boundary,PAIR_COMMON_SUCCESS,M2_vs_M1,M1,M1_FULL_COV_CROSSED,986,1000,0,0,0,-2.1684043449710089e-19,0.0038808829297480359,Wilson score,0,0,0,-2.1684043449710089e-19,0.0038808829297480359,Wilson score,0,0,0,-2.1684043449710089e-19,0.0038808829297480359,Wilson score,0,0,0,-2.1684043449710089e-19,0.0038808829297480359,Wilson score,0,0,0,-2.1684043449710089e-19,0.0038808829297480359,Wilson score,1,986,0,0.99611911707025191,1,Wilson score,1,986,0,0.99611911707025191,1,Wilson score,0,0.014,0,,,,,,,,,,,,,,,,,,,,,,,,,,,,,,,,,,,,,,,,,,,,,,,,,,,,,,,,,,,,,,,,,,,,,,,,,,,,,,,,,,,,,,,,,,,,,,,,,,,,,,,,,,,,,,,,,,,,,,,,,,,,,,,,,
GaussianCopula__XGBoost,GaussianCopula,XGBoost,R5_NULL,TARGET_B,0.025000000000000001,NOT_QUALIFIED,0.1158612933122804,0.1158612933122804,0.090861293312280406,far from boundary,PAIR_COMMON_SUCCESS,M2_vs_M1,M2,M2_DIAGONAL_COV_CROSSED,986,1000,0,0,0,-2.1684043449710089e-19,0.0038808829297480359,Wilson score,0,0,0,-2.1684043449710089e-19,0.0038808829297480359,Wilson score,0,0,0,-2.1684043449710089e-19,0.0038808829297480359,Wilson score,0,0,0,-2.1684043449710089e-19,0.0038808829297480359,Wilson score,0,0,0,-2.1684043449710089e-19,0.0038808829297480359,Wilson score,1,986,0,0.99611911707025191,1,Wilson score,1,986,0,0.99611911707025191,1,Wilson score,0,0.014,0,,,,,,,,,,,,,,,,,,,,,,,,,,,,,,,,,,,,,,,,,,,,,,,,,,,,,,,,,,,,,,,,,,,,,,,,,,,,,,,,,,,,,,,,,,,,,,,,,,,,,,,,,,,,,,,,,,,,,,,,,,,,,,,,,
GaussianCopula__XGBoost,GaussianCopula,XGBoost,R5_NULL,TARGET_B,0.050000000000000003,NOT_QUALIFIED,0.1158612933122804,0.1158612933122804,0.065861293312280397,far from boundary,METHOD_SUCCESS,,M1,M1_FULL_COV_CROSSED,991,1000,0,0,0,0,0.0038613778975876926,Wilson score,0,0,0,0,0.0038613778975876926,Wilson score,0,0,0,0,0.0038613778975876926,Wilson score,0,0,0,0,0.0038613778975876926,Wilson score,0,0,0,0,0.0038613778975876926,Wilson score,1,991,0,0.99613862210241211,0.99999999999999989,Wilson score,1,991,0,0.99613862210241211,0.99999999999999989,Wilson score,0,0.0089999999999999993,0,,,,,,,,,,,,,,,,,,,,,,,,,,,,,,,,,,,,,,,,,,,,,,,,,,,,,,,,,,,,,,,,,,,,,,,,,,,,,,,,,,,,,,,,,,,,,,,,,,,,,,,,,,,,,,,,,,,,,,,,,,,,,,,,,
GaussianCopula__XGBoost,GaussianCopula,XGBoost,R5_NULL,TARGET_B,0.050000000000000003,NOT_QUALIFIED,0.1158612933122804,0.1158612933122804,0.065861293312280397,far from boundary,METHOD_SUCCESS,,M2,M2_DIAGONAL_COV_CROSSED,995,1000,0,0,0,-2.1684043449710089e-19,0.0038459144709808452,Wilson score,0,0,0,-2.1684043449710089e-19,0.0038459144709808452,Wilson score,0,0,0,-2.1684043449710089e-19,0.0038459144709808452,Wilson score,0,0,0,-2.1684043449710089e-19,0.0038459144709808452,Wilson score,0,0,0,-2.1684043449710089e-19,0.0038459144709808452,Wilson score,1,995,0,0.9961540855290193,1.0000000000000002,Wilson score,1,995,0,0.9961540855290193,1.0000000000000002,Wilson score,0,0.0050000000000000001,0,,,,,,,,,,,,,,,,,,,,,,,,,,,,,,,,,,,,,,,,,,,,,,,,,,,,,,,,,,,,,,,,,,,,,,,,,,,,,,,,,,,,,,,,,,,,,,,,,,,,,,,,,,,,,,,,,,,,,,,,,,,,,,,,,
GaussianCopula__XGBoost,GaussianCopula,XGBoost,R5_NULL,TARGET_B,0.050000000000000003,NOT_QUALIFIED,0.1158612933122804,0.1158612933122804,0.065861293312280397,far from boundary,METHOD_SUCCESS,,M3,M3_SEED_AGGREGATED,1000,1000,0,0,0,2.1684043449710089e-19,0.0038267584855551234,Wilson score,0,0,0,2.1684043449710089e-19,0.0038267584855551234,Wilson score,0,0,0,2.1684043449710089e-19,0.0038267584855551234,Wilson score,0,0,0,2.1684043449710089e-19,0.0038267584855551234,Wilson score,0,0,0,2.1684043449710089e-19,0.0038267584855551234,Wilson score,1,1000,0,0.99617324151444497,1,Wilson score,1,1000,0,0.99617324151444497,1,Wilson score,0,0,0,,,,,,,,,,,,,,,,,,,,,,,,,,,,,,,,,,,,,,,,,,,,,,,,,,,,,,,,,,,,,,,,,,,,,,,,,,,,,,,,,,,,,,,,,,,,,,,,,,,,,,,,,,,,,,,,,,,,,,,,,,,,,,,,,
GaussianCopula__XGBoost,GaussianCopula,XGBoost,R5_NULL,TARGET_B,0.050000000000000003,NOT_QUALIFIED,0.1158612933122804,0.1158612933122804,0.065861293312280397,far from boundary,METHOD_SUCCESS,,M4,M4_SINGLE_REALIZATION,1000,1000,0,0,0,2.1684043449710089e-19,0.0038267584855551234,Wilson score,0,0,0,2.1684043449710089e-19,0.0038267584855551234,Wilson score,0,0,0,2.1684043449710089e-19,0.0038267584855551234,Wilson score,0,0,0,2.1684043449710089e-19,0.0038267584855551234,Wilson score,0,0,0,2.1684043449710089e-19,0.0038267584855551234,Wilson score,1,1000,0,0.99617324151444497,1,Wilson score,1,1000,0,0.99617324151444497,1,Wilson score,0,0,0,,,,,,,,,,,,,,,,,,,,,,,,,,,,,,,,,,,,,,,,,,,,,,,,,,,,,,,,,,,,,,,,,,,,,,,,,,,,,,,,,,,,,,,,,,,,,,,,,,,,,,,,,,,,,,,,,,,,,,,,,,,,,,,,,
GaussianCopula__XGBoost,GaussianCopula,XGBoost,R5_NULL,TARGET_B,0.050000000000000003,NOT_QUALIFIED,0.1158612933122804,0.1158612933122804,0.065861293312280397,far from boundary,PAIR_COMMON_SUCCESS,M4_vs_M1,M1,M1_FULL_COV_CROSSED,991,1000,0,0,0,0,0.0038613778975876926,Wilson score,0,0,0,0,0.0038613778975876926,Wilson score,0,0,0,0,0.0038613778975876926,Wilson score,0,0,0,0,0.0038613778975876926,Wilson score,0,0,0,0,0.0038613778975876926,Wilson score,1,991,0,0.99613862210241211,0.99999999999999989,Wilson score,1,991,0,0.99613862210241211,0.99999999999999989,Wilson score,0,0.0089999999999999993,0,,,,,,,,,,,,,,,,,,,,,,,,,,,,,,,,,,,,,,,,,,,,,,,,,,,,,,,,,,,,,,,,,,,,,,,,,,,,,,,,,,,,,,,,,,,,,,,,,,,,,,,,,,,,,,,,,,,,,,,,,,,,,,,,,
GaussianCopula__XGBoost,GaussianCopula,XGBoost,R5_NULL,TARGET_B,0.050000000000000003,NOT_QUALIFIED,0.1158612933122804,0.1158612933122804,0.065861293312280397,far from boundary,PAIR_COMMON_SUCCESS,M4_vs_M1,M4,M4_SINGLE_REALIZATION,991,1000,0,0,0,0,0.0038613778975876926,Wilson score,0,0,0,0,0.0038613778975876926,Wilson score,0,0,0,0,0.0038613778975876926,Wilson score,0,0,0,0,0.0038613778975876926,Wilson score,0,0,0,0,0.0038613778975876926,Wilson score,1,991,0,0.99613862210241211,0.99999999999999989,Wilson score,1,991,0,0.99613862210241211,0.99999999999999989,Wilson score,0,0.0089999999999999993,0,,,,,,,,,,,,,,,,,,,,,,,,,,,,,,,,,,,,,,,,,,,,,,,,,,,,,,,,,,,,,,,,,,,,,,,,,,,,,,,,,,,,,,,,,,,,,,,,,,,,,,,,,,,,,,,,,,,,,,,,,,,,,,,,,
GaussianCopula__XGBoost,GaussianCopula,XGBoost,R5_NULL,TARGET_B,0.050000000000000003,NOT_QUALIFIED,0.1158612933122804,0.1158612933122804,0.065861293312280397,far from boundary,PAIR_COMMON_SUCCESS,M3_vs_M1,M1,M1_FULL_COV_CROSSED,991,1000,0,0,0,0,0.0038613778975876926,Wilson score,0,0,0,0,0.0038613778975876926,Wilson score,0,0,0,0,0.0038613778975876926,Wilson score,0,0,0,0,0.0038613778975876926,Wilson score,0,0,0,0,0.0038613778975876926,Wilson score,1,991,0,0.99613862210241211,0.99999999999999989,Wilson score,1,991,0,0.99613862210241211,0.99999999999999989,Wilson score,0,0.0089999999999999993,0,,,,,,,,,,,,,,,,,,,,,,,,,,,,,,,,,,,,,,,,,,,,,,,,,,,,,,,,,,,,,,,,,,,,,,,,,,,,,,,,,,,,,,,,,,,,,,,,,,,,,,,,,,,,,,,,,,,,,,,,,,,,,,,,,
GaussianCopula__XGBoost,GaussianCopula,XGBoost,R5_NULL,TARGET_B,0.050000000000000003,NOT_QUALIFIED,0.1158612933122804,0.1158612933122804,0.065861293312280397,far from boundary,PAIR_COMMON_SUCCESS,M3_vs_M1,M3,M3_SEED_AGGREGATED,991,1000,0,0,0,0,0.0038613778975876926,Wilson score,0,0,0,0,0.0038613778975876926,Wilson score,0,0,0,0,0.0038613778975876926,Wilson score,0,0,0,0,0.0038613778975876926,Wilson score,0,0,0,0,0.0038613778975876926,Wilson score,1,991,0,0.99613862210241211,0.99999999999999989,Wilson score,1,991,0,0.99613862210241211,0.99999999999999989,Wilson score,0,0.0089999999999999993,0,,,,,,,,,,,,,,,,,,,,,,,,,,,,,,,,,,,,,,,,,,,,,,,,,,,,,,,,,,,,,,,,,,,,,,,,,,,,,,,,,,,,,,,,,,,,,,,,,,,,,,,,,,,,,,,,,,,,,,,,,,,,,,,,,
GaussianCopula__XGBoost,GaussianCopula,XGBoost,R5_NULL,TARGET_B,0.050000000000000003,NOT_QUALIFIED,0.1158612933122804,0.1158612933122804,0.065861293312280397,far from boundary,PAIR_COMMON_SUCCESS,M2_vs_M1,M1,M1_FULL_COV_CROSSED,986,1000,0,0,0,-2.1684043449710089e-19,0.0038808829297480359,Wilson score,0,0,0,-2.1684043449710089e-19,0.0038808829297480359,Wilson score,0,0,0,-2.1684043449710089e-19,0.0038808829297480359,Wilson score,0,0,0,-2.1684043449710089e-19,0.0038808829297480359,Wilson score,0,0,0,-2.1684043449710089e-19,0.0038808829297480359,Wilson score,1,986,0,0.99611911707025191,1,Wilson score,1,986,0,0.99611911707025191,1,Wilson score,0,0.014,0,,,,,,,,,,,,,,,,,,,,,,,,,,,,,,,,,,,,,,,,,,,,,,,,,,,,,,,,,,,,,,,,,,,,,,,,,,,,,,,,,,,,,,,,,,,,,,,,,,,,,,,,,,,,,,,,,,,,,,,,,,,,,,,,,
GaussianCopula__XGBoost,GaussianCopula,XGBoost,R5_NULL,TARGET_B,0.050000000000000003,NOT_QUALIFIED,0.1158612933122804,0.1158612933122804,0.065861293312280397,far from boundary,PAIR_COMMON_SUCCESS,M2_vs_M1,M2,M2_DIAGONAL_COV_CROSSED,986,1000,0,0,0,-2.1684043449710089e-19,0.0038808829297480359,Wilson score,0,0,0,-2.1684043449710089e-19,0.0038808829297480359,Wilson score,0,0,0,-2.1684043449710089e-19,0.0038808829297480359,Wilson score,0,0,0,-2.1684043449710089e-19,0.0038808829297480359,Wilson score,0,0,0,-2.1684043449710089e-19,0.0038808829297480359,Wilson score,1,986,0,0.99611911707025191,1,Wilson score,1,986,0,0.99611911707025191,1,Wilson score,0,0.014,0,,,,,,,,,,,,,,,,,,,,,,,,,,,,,,,,,,,,,,,,,,,,,,,,,,,,,,,,,,,,,,,,,,,,,,,,,,,,,,,,,,,,,,,,,,,,,,,,,,,,,,,,,,,,,,,,,,,,,,,,,,,,,,,,,
GaussianCopula__XGBoost,GaussianCopula,XGBoost,R5_NULL,TARGET_B,0.10000000000000001,NOT_QUALIFIED,0.1158612933122804,0.1158612933122804,0.015861293312280395,near boundary,METHOD_SUCCESS,,M1,M1_FULL_COV_CROSSED,991,1000,0.025227043390514632,25,0.0049813617977951087,0.017144946260965473,0.036975696122112239,Wilson score,0,0,0,0,0.0038613778975876926,Wilson score,0,0,0,0,0.0038613778975876926,Wilson score,0,0,0,0,0.0038613778975876926,Wilson score,0.025227043390514632,25,0.0049813617977951087,0.017144946260965473,0.036975696122112239,Wilson score,0.97477295660948537,966,0.0049813617977951079,0.96302430387788773,0.98285505373903448,Wilson score,0.97477295660948537,966,0.0049813617977951079,0.96302430387788773,0.98285505373903448,Wilson score,0.025000000000000001,0.034000000000000002,0.025227043390514625,,,,,,,,,,,,,,,,,,,,,,,,,,,,,,,,,,,,,,,,,,,,,,,,,,,,,,,,,,,,,,,,,,,,,,,,,,,,,,,,,,,,,,,,,,,,,,,,,,,,,,,,,,,,,,,,,,,,,,,,,,,,,,,,,
GaussianCopula__XGBoost,GaussianCopula,XGBoost,R5_NULL,TARGET_B,0.10000000000000001,NOT_QUALIFIED,0.1158612933122804,0.1158612933122804,0.015861293312280395,near boundary,METHOD_SUCCESS,,M2,M2_DIAGONAL_COV_CROSSED,995,1000,1,995,0,0.9961540855290193,1.0000000000000002,Wilson score,0,0,0,-2.1684043449710089e-19,0.0038459144709808452,Wilson score,0,0,0,-2.1684043449710089e-19,0.0038459144709808452,Wilson score,0,0,0,-2.1684043449710089e-19,0.0038459144709808452,Wilson score,1,995,0,0.9961540855290193,1.0000000000000002,Wilson score,0,0,0,-2.1684043449710089e-19,0.0038459144709808452,Wilson score,0,0,0,-2.1684043449710089e-19,0.0038459144709808452,Wilson score,0.995,1,1,,,,,,,,,,,,,,,,,,,,,,,,,,,,,,,,,,,,,,,,,,,,,,,,,,,,,,,,,,,,,,,,,,,,,,,,,,,,,,,,,,,,,,,,,,,,,,,,,,,,,,,,,,,,,,,,,,,,,,,,,,,,,,,,,
GaussianCopula__XGBoost,GaussianCopula,XGBoost,R5_NULL,TARGET_B,0.10000000000000001,NOT_QUALIFIED,0.1158612933122804,0.1158612933122804,0.015861293312280395,near boundary,METHOD_SUCCESS,,M3,M3_SEED_AGGREGATED,1000,1000,0.13400000000000001,134,0.010772372069326236,0.11428107599412643,0.15652011121729995,Wilson score,0,0,0,2.1684043449710089e-19,0.0038267584855551234,Wilson score,0,0,0,2.1684043449710089e-19,0.0038267584855551234,Wilson score,0,0,0,2.1684043449710089e-19,0.0038267584855551234,Wilson score,0.13400000000000001,134,0.010772372069326236,0.11428107599412643,0.15652011121729995,Wilson score,0.86599999999999999,866,0.010772372069326236,0.84347988878269997,0.8857189240058736,Wilson score,0.86599999999999999,866,0.010772372069326236,0.84347988878269997,0.8857189240058736,Wilson score,0.13400000000000001,0.13400000000000001,0.13400000000000001,,,,,,,,,,,,,,,,,,,,,,,,,,,,,,,,,,,,,,,,,,,,,,,,,,,,,,,,,,,,,,,,,,,,,,,,,,,,,,,,,,,,,,,,,,,,,,,,,,,,,,,,,,,,,,,,,,,,,,,,,,,,,,,,,
GaussianCopula__XGBoost,GaussianCopula,XGBoost,R5_NULL,TARGET_B,0.10000000000000001,NOT_QUALIFIED,0.1158612933122804,0.1158612933122804,0.015861293312280395,near boundary,METHOD_SUCCESS,,M4,M4_SINGLE_REALIZATION,1000,1000,0.32400000000000001,324,0.014799459449588015,0.29571482227221091,0.35363219671470447,Wilson score,0,0,0,2.1684043449710089e-19,0.0038267584855551234,Wilson score,0,0,0,2.1684043449710089e-19,0.0038267584855551234,Wilson score,0,0,0,2.1684043449710089e-19,0.0038267584855551234,Wilson score,0.32400000000000001,324,0.014799459449588015,0.29571482227221091,0.35363219671470447,Wilson score,0.67600000000000005,676,0.014799459449588015,0.64636780328529553,0.7042851777277892,Wilson score,0.67600000000000005,676,0.014799459449588015,0.64636780328529553,0.7042851777277892,Wilson score,0.32400000000000001,0.32400000000000001,0.32399999999999995,,,,,,,,,,,,,,,,,,,,,,,,,,,,,,,,,,,,,,,,,,,,,,,,,,,,,,,,,,,,,,,,,,,,,,,,,,,,,,,,,,,,,,,,,,,,,,,,,,,,,,,,,,,,,,,,,,,,,,,,,,,,,,,,,
GaussianCopula__XGBoost,GaussianCopula,XGBoost,R5_NULL,TARGET_B,0.10000000000000001,NOT_QUALIFIED,0.1158612933122804,0.1158612933122804,0.015861293312280395,near boundary,PAIR_COMMON_SUCCESS,M4_vs_M1,M1,M1_FULL_COV_CROSSED,991,1000,0.025227043390514632,25,0.0049813617977951087,0.017144946260965473,0.036975696122112239,Wilson score,0,0,0,0,0.0038613778975876926,Wilson score,0,0,0,0,0.0038613778975876926,Wilson score,0,0,0,0,0.0038613778975876926,Wilson score,0.025227043390514632,25,0.0049813617977951087,0.017144946260965473,0.036975696122112239,Wilson score,0.97477295660948537,966,0.0049813617977951079,0.96302430387788773,0.98285505373903448,Wilson score,0.97477295660948537,966,0.0049813617977951079,0.96302430387788773,0.98285505373903448,Wilson score,0.025000000000000001,0.034000000000000002,0.025227043390514625,,,,,,,,,,,,,,,,,,,,,,,,,,,,,,,,,,,,,,,,,,,,,,,,,,,,,,,,,,,,,,,,,,,,,,,,,,,,,,,,,,,,,,,,,,,,,,,,,,,,,,,,,,,,,,,,,,,,,,,,,,,,,,,,,
GaussianCopula__XGBoost,GaussianCopula,XGBoost,R5_NULL,TARGET_B,0.10000000000000001,NOT_QUALIFIED,0.1158612933122804,0.1158612933122804,0.015861293312280395,near boundary,PAIR_COMMON_SUCCESS,M4_vs_M1,M4,M4_SINGLE_REALIZATION,991,1000,0.32391523713420789,321,0.014865497075992612,0.29550768683247047,0.35368264705880909,Wilson score,0,0,0,0,0.0038613778975876926,Wilson score,0,0,0,0,0.0038613778975876926,Wilson score,0,0,0,0,0.0038613778975876926,Wilson score,0.32391523713420789,321,0.014865497075992612,0.29550768683247047,0.35368264705880909,Wilson score,0.67608476286579211,670,0.014865497075992612,0.64631735294119086,0.70449231316752947,Wilson score,0.67608476286579211,670,0.014865497075992612,0.64631735294119086,0.70449231316752947,Wilson score,0.32100000000000001,0.33000000000000002,0.32391523713420789,,,,,,,,,,,,,,,,,,,,,,,,,,,,,,,,,,,,,,,,,,,,,,,,,,,,,,,,,,,,,,,,,,,,,,,,,,,,,,,,,,,,,,,,,,,,,,,,,,,,,,,,,,,,,,,,,,,,,,,,,,,,,,,,,
GaussianCopula__XGBoost,GaussianCopula,XGBoost,R5_NULL,TARGET_B,0.10000000000000001,NOT_QUALIFIED,0.1158612933122804,0.1158612933122804,0.015861293312280395,near boundary,PAIR_COMMON_SUCCESS,M3_vs_M1,M1,M1_FULL_COV_CROSSED,991,1000,0.025227043390514632,25,0.0049813617977951087,0.017144946260965473,0.036975696122112239,Wilson score,0,0,0,0,0.0038613778975876926,Wilson score,0,0,0,0,0.0038613778975876926,Wilson score,0,0,0,0,0.0038613778975876926,Wilson score,0.025227043390514632,25,0.0049813617977951087,0.017144946260965473,0.036975696122112239,Wilson score,0.97477295660948537,966,0.0049813617977951079,0.96302430387788773,0.98285505373903448,Wilson score,0.97477295660948537,966,0.0049813617977951079,0.96302430387788773,0.98285505373903448,Wilson score,0.025000000000000001,0.034000000000000002,0.025227043390514625,,,,,,,,,,,,,,,,,,,,,,,,,,,,,,,,,,,,,,,,,,,,,,,,,,,,,,,,,,,,,,,,,,,,,,,,,,,,,,,,,,,,,,,,,,,,,,,,,,,,,,,,,,,,,,,,,,,,,,,,,,,,,,,,,
GaussianCopula__XGBoost,GaussianCopula,XGBoost,R5_NULL,TARGET_B,0.10000000000000001,NOT_QUALIFIED,0.1158612933122804,0.1158612933122804,0.015861293312280395,near boundary,PAIR_COMMON_SUCCESS,M3_vs_M1,M3,M3_SEED_AGGREGATED,991,1000,0.13319878910191726,132,0.010793767667867946,0.11345318408024849,0.15577711030072652,Wilson score,0,0,0,0,0.0038613778975876926,Wilson score,0,0,0,0,0.0038613778975876926,Wilson score,0,0,0,0,0.0038613778975876926,Wilson score,0.13319878910191726,132,0.010793767667867946,0.11345318408024849,0.15577711030072652,Wilson score,0.86680121089808271,859,0.010793767667867948,0.84422288969927339,0.88654681591975137,Wilson score,0.86680121089808271,859,0.010793767667867948,0.84422288969927339,0.88654681591975137,Wilson score,0.13200000000000001,0.14099999999999999,0.13319878910191729,,,,,,,,,,,,,,,,,,,,,,,,,,,,,,,,,,,,,,,,,,,,,,,,,,,,,,,,,,,,,,,,,,,,,,,,,,,,,,,,,,,,,,,,,,,,,,,,,,,,,,,,,,,,,,,,,,,,,,,,,,,,,,,,,
GaussianCopula__XGBoost,GaussianCopula,XGBoost,R5_NULL,TARGET_B,0.10000000000000001,NOT_QUALIFIED,0.1158612933122804,0.1158612933122804,0.015861293312280395,near boundary,PAIR_COMMON_SUCCESS,M2_vs_M1,M1,M1_FULL_COV_CROSSED,986,1000,0.025354969574036511,25,0.0050062937155813747,0.017232179912634316,0.037161842827978415,Wilson score,0,0,0,-2.1684043449710089e-19,0.0038808829297480359,Wilson score,0,0,0,-2.1684043449710089e-19,0.0038808829297480359,Wilson score,0,0,0,-2.1684043449710089e-19,0.0038808829297480359,Wilson score,0.025354969574036511,25,0.0050062937155813747,0.017232179912634316,0.037161842827978415,Wilson score,0.97464503042596351,961,0.005006293715581373,0.96283815717202159,0.98276782008736563,Wilson score,0.97464503042596351,961,0.005006293715581373,0.96283815717202159,0.98276782008736563,Wilson score,0.025000000000000001,0.039,0.02535496957403649,,,,,,,,,,,,,,,,,,,,,,,,,,,,,,,,,,,,,,,,,,,,,,,,,,,,,,,,,,,,,,,,,,,,,,,,,,,,,,,,,,,,,,,,,,,,,,,,,,,,,,,,,,,,,,,,,,,,,,,,,,,,,,,,,
GaussianCopula__XGBoost,GaussianCopula,XGBoost,R5_NULL,TARGET_B,0.10000000000000001,NOT_QUALIFIED,0.1158612933122804,0.1158612933122804,0.015861293312280395,near boundary,PAIR_COMMON_SUCCESS,M2_vs_M1,M2,M2_DIAGONAL_COV_CROSSED,986,1000,1,986,0,0.99611911707025191,1,Wilson score,0,0,0,-2.1684043449710089e-19,0.0038808829297480359,Wilson score,0,0,0,-2.1684043449710089e-19,0.0038808829297480359,Wilson score,0,0,0,-2.1684043449710089e-19,0.0038808829297480359,Wilson score,1,986,0,0.99611911707025191,1,Wilson score,0,0,0,-2.1684043449710089e-19,0.0038808829297480359,Wilson score,0,0,0,-2.1684043449710089e-19,0.0038808829297480359,Wilson score,0.98599999999999999,1,1,,,,,,,,,,,,,,,,,,,,,,,,,,,,,,,,,,,,,,,,,,,,,,,,,,,,,,,,,,,,,,,,,,,,,,,,,,,,,,,,,,,,,,,,,,,,,,,,,,,,,,,,,,,,,,,,,,,,,,,,,,,,,,,,,
GaussianCopula__XGBoost,GaussianCopula,XGBoost,R5_NULL,TARGET_B,0.20000000000000001,QUALIFIED,0.1158612933122804,0.1158612933122804,0.084138706687719611,far from boundary,METHOD_SUCCESS,,M1,M1_FULL_COV_CROSSED,991,1000,0,0,0,0,0.0038613778975876926,Wilson score,0,0,0,0,0.0038613778975876926,Wilson score,0,0,0,0,0.0038613778975876926,Wilson score,0,0,0,0,0.0038613778975876926,Wilson score,0,0,0,0,0.0038613778975876926,Wilson score,1,991,0,0.99613862210241211,0.99999999999999989,Wilson score,1,991,0,0.99613862210241211,0.99999999999999989,Wilson score,0,0.0089999999999999993,0,,,,,,,,,,,,,,,,,,,,,,,,,,,,,,,,,,,,,,,,,,,,,,,,,,,,,,,,,,,,,,,,,,,,,,,,,,,,,,,,,,,,,,,,,,,,,,,,,,,,,,,,,,,,,,,,,,,,,,,,,,,,,,,,,
GaussianCopula__XGBoost,GaussianCopula,XGBoost,R5_NULL,TARGET_B,0.20000000000000001,QUALIFIED,0.1158612933122804,0.1158612933122804,0.084138706687719611,far from boundary,METHOD_SUCCESS,,M2,M2_DIAGONAL_COV_CROSSED,995,1000,0,0,0,-2.1684043449710089e-19,0.0038459144709808452,Wilson score,0,0,0,-2.1684043449710089e-19,0.0038459144709808452,Wilson score,0,0,0,-2.1684043449710089e-19,0.0038459144709808452,Wilson score,0,0,0,-2.1684043449710089e-19,0.0038459144709808452,Wilson score,0,0,0,-2.1684043449710089e-19,0.0038459144709808452,Wilson score,1,995,0,0.9961540855290193,1.0000000000000002,Wilson score,1,995,0,0.9961540855290193,1.0000000000000002,Wilson score,0,0.0050000000000000001,0,,,,,,,,,,,,,,,,,,,,,,,,,,,,,,,,,,,,,,,,,,,,,,,,,,,,,,,,,,,,,,,,,,,,,,,,,,,,,,,,,,,,,,,,,,,,,,,,,,,,,,,,,,,,,,,,,,,,,,,,,,,,,,,,,
GaussianCopula__XGBoost,GaussianCopula,XGBoost,R5_NULL,TARGET_B,0.20000000000000001,QUALIFIED,0.1158612933122804,0.1158612933122804,0.084138706687719611,far from boundary,METHOD_SUCCESS,,M3,M3_SEED_AGGREGATED,1000,1000,0,0,0,2.1684043449710089e-19,0.0038267584855551234,Wilson score,0,0,0,2.1684043449710089e-19,0.0038267584855551234,Wilson score,0,0,0,2.1684043449710089e-19,0.0038267584855551234,Wilson score,0,0,0,2.1684043449710089e-19,0.0038267584855551234,Wilson score,0,0,0,2.1684043449710089e-19,0.0038267584855551234,Wilson score,1,1000,0,0.99617324151444497,1,Wilson score,1,1000,0,0.99617324151444497,1,Wilson score,0,0,0,,,,,,,,,,,,,,,,,,,,,,,,,,,,,,,,,,,,,,,,,,,,,,,,,,,,,,,,,,,,,,,,,,,,,,,,,,,,,,,,,,,,,,,,,,,,,,,,,,,,,,,,,,,,,,,,,,,,,,,,,,,,,,,,,
GaussianCopula__XGBoost,GaussianCopula,XGBoost,R5_NULL,TARGET_B,0.20000000000000001,QUALIFIED,0.1158612933122804,0.1158612933122804,0.084138706687719611,far from boundary,METHOD_SUCCESS,,M4,M4_SINGLE_REALIZATION,1000,1000,0,0,0,2.1684043449710089e-19,0.0038267584855551234,Wilson score,0,0,0,2.1684043449710089e-19,0.0038267584855551234,Wilson score,0,0,0,2.1684043449710089e-19,0.0038267584855551234,Wilson score,0,0,0,2.1684043449710089e-19,0.0038267584855551234,Wilson score,0,0,0,2.1684043449710089e-19,0.0038267584855551234,Wilson score,1,1000,0,0.99617324151444497,1,Wilson score,1,1000,0,0.99617324151444497,1,Wilson score,0,0,0,,,,,,,,,,,,,,,,,,,,,,,,,,,,,,,,,,,,,,,,,,,,,,,,,,,,,,,,,,,,,,,,,,,,,,,,,,,,,,,,,,,,,,,,,,,,,,,,,,,,,,,,,,,,,,,,,,,,,,,,,,,,,,,,,
GaussianCopula__XGBoost,GaussianCopula,XGBoost,R5_NULL,TARGET_B,0.20000000000000001,QUALIFIED,0.1158612933122804,0.1158612933122804,0.084138706687719611,far from boundary,PAIR_COMMON_SUCCESS,M4_vs_M1,M1,M1_FULL_COV_CROSSED,991,1000,0,0,0,0,0.0038613778975876926,Wilson score,0,0,0,0,0.0038613778975876926,Wilson score,0,0,0,0,0.0038613778975876926,Wilson score,0,0,0,0,0.0038613778975876926,Wilson score,0,0,0,0,0.0038613778975876926,Wilson score,1,991,0,0.99613862210241211,0.99999999999999989,Wilson score,1,991,0,0.99613862210241211,0.99999999999999989,Wilson score,0,0.0089999999999999993,0,,,,,,,,,,,,,,,,,,,,,,,,,,,,,,,,,,,,,,,,,,,,,,,,,,,,,,,,,,,,,,,,,,,,,,,,,,,,,,,,,,,,,,,,,,,,,,,,,,,,,,,,,,,,,,,,,,,,,,,,,,,,,,,,,
GaussianCopula__XGBoost,GaussianCopula,XGBoost,R5_NULL,TARGET_B,0.20000000000000001,QUALIFIED,0.1158612933122804,0.1158612933122804,0.084138706687719611,far from boundary,PAIR_COMMON_SUCCESS,M4_vs_M1,M4,M4_SINGLE_REALIZATION,991,1000,0,0,0,0,0.0038613778975876926,Wilson score,0,0,0,0,0.0038613778975876926,Wilson score,0,0,0,0,0.0038613778975876926,Wilson score,0,0,0,0,0.0038613778975876926,Wilson score,0,0,0,0,0.0038613778975876926,Wilson score,1,991,0,0.99613862210241211,0.99999999999999989,Wilson score,1,991,0,0.99613862210241211,0.99999999999999989,Wilson score,0,0.0089999999999999993,0,,,,,,,,,,,,,,,,,,,,,,,,,,,,,,,,,,,,,,,,,,,,,,,,,,,,,,,,,,,,,,,,,,,,,,,,,,,,,,,,,,,,,,,,,,,,,,,,,,,,,,,,,,,,,,,,,,,,,,,,,,,,,,,,,
GaussianCopula__XGBoost,GaussianCopula,XGBoost,R5_NULL,TARGET_B,0.20000000000000001,QUALIFIED,0.1158612933122804,0.1158612933122804,0.084138706687719611,far from boundary,PAIR_COMMON_SUCCESS,M3_vs_M1,M1,M1_FULL_COV_CROSSED,991,1000,0,0,0,0,0.0038613778975876926,Wilson score,0,0,0,0,0.0038613778975876926,Wilson score,0,0,0,0,0.0038613778975876926,Wilson score,0,0,0,0,0.0038613778975876926,Wilson score,0,0,0,0,0.0038613778975876926,Wilson score,1,991,0,0.99613862210241211,0.99999999999999989,Wilson score,1,991,0,0.99613862210241211,0.99999999999999989,Wilson score,0,0.0089999999999999993,0,,,,,,,,,,,,,,,,,,,,,,,,,,,,,,,,,,,,,,,,,,,,,,,,,,,,,,,,,,,,,,,,,,,,,,,,,,,,,,,,,,,,,,,,,,,,,,,,,,,,,,,,,,,,,,,,,,,,,,,,,,,,,,,,,
GaussianCopula__XGBoost,GaussianCopula,XGBoost,R5_NULL,TARGET_B,0.20000000000000001,QUALIFIED,0.1158612933122804,0.1158612933122804,0.084138706687719611,far from boundary,PAIR_COMMON_SUCCESS,M3_vs_M1,M3,M3_SEED_AGGREGATED,991,1000,0,0,0,0,0.0038613778975876926,Wilson score,0,0,0,0,0.0038613778975876926,Wilson score,0,0,0,0,0.0038613778975876926,Wilson score,0,0,0,0,0.0038613778975876926,Wilson score,0,0,0,0,0.0038613778975876926,Wilson score,1,991,0,0.99613862210241211,0.99999999999999989,Wilson score,1,991,0,0.99613862210241211,0.99999999999999989,Wilson score,0,0.0089999999999999993,0,,,,,,,,,,,,,,,,,,,,,,,,,,,,,,,,,,,,,,,,,,,,,,,,,,,,,,,,,,,,,,,,,,,,,,,,,,,,,,,,,,,,,,,,,,,,,,,,,,,,,,,,,,,,,,,,,,,,,,,,,,,,,,,,,
GaussianCopula__XGBoost,GaussianCopula,XGBoost,R5_NULL,TARGET_B,0.20000000000000001,QUALIFIED,0.1158612933122804,0.1158612933122804,0.084138706687719611,far from boundary,PAIR_COMMON_SUCCESS,M2_vs_M1,M1,M1_FULL_COV_CROSSED,986,1000,0,0,0,-2.1684043449710089e-19,0.0038808829297480359,Wilson score,0,0,0,-2.1684043449710089e-19,0.0038808829297480359,Wilson score,0,0,0,-2.1684043449710089e-19,0.0038808829297480359,Wilson score,0,0,0,-2.1684043449710089e-19,0.0038808829297480359,Wilson score,0,0,0,-2.1684043449710089e-19,0.0038808829297480359,Wilson score,1,986,0,0.99611911707025191,1,Wilson score,1,986,0,0.99611911707025191,1,Wilson score,0,0.014,0,,,,,,,,,,,,,,,,,,,,,,,,,,,,,,,,,,,,,,,,,,,,,,,,,,,,,,,,,,,,,,,,,,,,,,,,,,,,,,,,,,,,,,,,,,,,,,,,,,,,,,,,,,,,,,,,,,,,,,,,,,,,,,,,,
GaussianCopula__XGBoost,GaussianCopula,XGBoost,R5_NULL,TARGET_B,0.20000000000000001,QUALIFIED,0.1158612933122804,0.1158612933122804,0.084138706687719611,far from boundary,PAIR_COMMON_SUCCESS,M2_vs_M1,M2,M2_DIAGONAL_COV_CROSSED,986,1000,0,0,0,-2.1684043449710089e-19,0.0038808829297480359,Wilson score,0,0,0,-2.1684043449710089e-19,0.0038808829297480359,Wilson score,0,0,0,-2.1684043449710089e-19,0.0038808829297480359,Wilson score,0,0,0,-2.1684043449710089e-19,0.0038808829297480359,Wilson score,0,0,0,-2.1684043449710089e-19,0.0038808829297480359,Wilson score,1,986,0,0.99611911707025191,1,Wilson score,1,986,0,0.99611911707025191,1,Wilson score,0,0.014,0,,,,,,,,,,,,,,,,,,,,,,,,,,,,,,,,,,,,,,,,,,,,,,,,,,,,,,,,,,,,,,,,,,,,,,,,,,,,,,,,,,,,,,,,,,,,,,,,,,,,,,,,,,,,,,,,,,,,,,,,,,,,,,,,,
GaussianCopula__XGBoost,GaussianCopula,XGBoost,R5_NULL,TARGET_A,0.025000000000000001,NOT_QUALIFIED,0.1158612933122804,0.1158612933122804,0.090861293312280406,far from boundary,METHOD_SUCCESS,,M1,M1_FULL_COV_CROSSED,991,1000,0,0,0,0,0.0038613778975876926,Wilson score,0,0,0,0,0.0038613778975876926,Wilson score,0,0,0,0,0.0038613778975876926,Wilson score,0,0,0,0,0.0038613778975876926,Wilson score,0,0,0,0,0.0038613778975876926,Wilson score,1,991,0,0.99613862210241211,0.99999999999999989,Wilson score,1,991,0,0.99613862210241211,0.99999999999999989,Wilson score,0,0.0089999999999999993,0,,,,,,,,,,,,,,,,,,,,,,,,,,,,,,,,,,,,,,,,,,,,,,,,,,,,,,,,,,,,,,,,,,,,,,,,,,,,,,,,,,,,,,,,,,,,,,,,,,,,,,,,,,,,,,,,,,,,,,,,,,,,,,,,,
GaussianCopula__XGBoost,GaussianCopula,XGBoost,R5_NULL,TARGET_A,0.025000000000000001,NOT_QUALIFIED,0.1158612933122804,0.1158612933122804,0.090861293312280406,far from boundary,METHOD_SUCCESS,,M2,M2_DIAGONAL_COV_CROSSED,995,1000,0,0,0,-2.1684043449710089e-19,0.0038459144709808452,Wilson score,0,0,0,-2.1684043449710089e-19,0.0038459144709808452,Wilson score,0,0,0,-2.1684043449710089e-19,0.0038459144709808452,Wilson score,0,0,0,-2.1684043449710089e-19,0.0038459144709808452,Wilson score,0,0,0,-2.1684043449710089e-19,0.0038459144709808452,Wilson score,1,995,0,0.9961540855290193,1.0000000000000002,Wilson score,1,995,0,0.9961540855290193,1.0000000000000002,Wilson score,0,0.0050000000000000001,0,,,,,,,,,,,,,,,,,,,,,,,,,,,,,,,,,,,,,,,,,,,,,,,,,,,,,,,,,,,,,,,,,,,,,,,,,,,,,,,,,,,,,,,,,,,,,,,,,,,,,,,,,,,,,,,,,,,,,,,,,,,,,,,,,
GaussianCopula__XGBoost,GaussianCopula,XGBoost,R5_NULL,TARGET_A,0.025000000000000001,NOT_QUALIFIED,0.1158612933122804,0.1158612933122804,0.090861293312280406,far from boundary,METHOD_SUCCESS,,M3,M3_SEED_AGGREGATED,1000,1000,0,0,0,2.1684043449710089e-19,0.0038267584855551234,Wilson score,0,0,0,2.1684043449710089e-19,0.0038267584855551234,Wilson score,0,0,0,2.1684043449710089e-19,0.0038267584855551234,Wilson score,0,0,0,2.1684043449710089e-19,0.0038267584855551234,Wilson score,0,0,0,2.1684043449710089e-19,0.0038267584855551234,Wilson score,1,1000,0,0.99617324151444497,1,Wilson score,1,1000,0,0.99617324151444497,1,Wilson score,0,0,0,,,,,,,,,,,,,,,,,,,,,,,,,,,,,,,,,,,,,,,,,,,,,,,,,,,,,,,,,,,,,,,,,,,,,,,,,,,,,,,,,,,,,,,,,,,,,,,,,,,,,,,,,,,,,,,,,,,,,,,,,,,,,,,,,
GaussianCopula__XGBoost,GaussianCopula,XGBoost,R5_NULL,TARGET_A,0.025000000000000001,NOT_QUALIFIED,0.1158612933122804,0.1158612933122804,0.090861293312280406,far from boundary,METHOD_SUCCESS,,M4,M4_SINGLE_REALIZATION,1000,1000,0,0,0,2.1684043449710089e-19,0.0038267584855551234,Wilson score,0,0,0,2.1684043449710089e-19,0.0038267584855551234,Wilson score,0,0,0,2.1684043449710089e-19,0.0038267584855551234,Wilson score,0,0,0,2.1684043449710089e-19,0.0038267584855551234,Wilson score,0,0,0,2.1684043449710089e-19,0.0038267584855551234,Wilson score,1,1000,0,0.99617324151444497,1,Wilson score,1,1000,0,0.99617324151444497,1,Wilson score,0,0,0,,,,,,,,,,,,,,,,,,,,,,,,,,,,,,,,,,,,,,,,,,,,,,,,,,,,,,,,,,,,,,,,,,,,,,,,,,,,,,,,,,,,,,,,,,,,,,,,,,,,,,,,,,,,,,,,,,,,,,,,,,,,,,,,,
GaussianCopula__XGBoost,GaussianCopula,XGBoost,R5_NULL,TARGET_A,0.025000000000000001,NOT_QUALIFIED,0.1158612933122804,0.1158612933122804,0.090861293312280406,far from boundary,PAIR_COMMON_SUCCESS,M4_vs_M1,M1,M1_FULL_COV_CROSSED,991,1000,0,0,0,0,0.0038613778975876926,Wilson score,0,0,0,0,0.0038613778975876926,Wilson score,0,0,0,0,0.0038613778975876926,Wilson score,0,0,0,0,0.0038613778975876926,Wilson score,0,0,0,0,0.0038613778975876926,Wilson score,1,991,0,0.99613862210241211,0.99999999999999989,Wilson score,1,991,0,0.99613862210241211,0.99999999999999989,Wilson score,0,0.0089999999999999993,0,,,,,,,,,,,,,,,,,,,,,,,,,,,,,,,,,,,,,,,,,,,,,,,,,,,,,,,,,,,,,,,,,,,,,,,,,,,,,,,,,,,,,,,,,,,,,,,,,,,,,,,,,,,,,,,,,,,,,,,,,,,,,,,,,
GaussianCopula__XGBoost,GaussianCopula,XGBoost,R5_NULL,TARGET_A,0.025000000000000001,NOT_QUALIFIED,0.1158612933122804,0.1158612933122804,0.090861293312280406,far from boundary,PAIR_COMMON_SUCCESS,M4_vs_M1,M4,M4_SINGLE_REALIZATION,991,1000,0,0,0,0,0.0038613778975876926,Wilson score,0,0,0,0,0.0038613778975876926,Wilson score,0,0,0,0,0.0038613778975876926,Wilson score,0,0,0,0,0.0038613778975876926,Wilson score,0,0,0,0,0.0038613778975876926,Wilson score,1,991,0,0.99613862210241211,0.99999999999999989,Wilson score,1,991,0,0.99613862210241211,0.99999999999999989,Wilson score,0,0.0089999999999999993,0,,,,,,,,,,,,,,,,,,,,,,,,,,,,,,,,,,,,,,,,,,,,,,,,,,,,,,,,,,,,,,,,,,,,,,,,,,,,,,,,,,,,,,,,,,,,,,,,,,,,,,,,,,,,,,,,,,,,,,,,,,,,,,,,,
GaussianCopula__XGBoost,GaussianCopula,XGBoost,R5_NULL,TARGET_A,0.025000000000000001,NOT_QUALIFIED,0.1158612933122804,0.1158612933122804,0.090861293312280406,far from boundary,PAIR_COMMON_SUCCESS,M3_vs_M1,M1,M1_FULL_COV_CROSSED,991,1000,0,0,0,0,0.0038613778975876926,Wilson score,0,0,0,0,0.0038613778975876926,Wilson score,0,0,0,0,0.0038613778975876926,Wilson score,0,0,0,0,0.0038613778975876926,Wilson score,0,0,0,0,0.0038613778975876926,Wilson score,1,991,0,0.99613862210241211,0.99999999999999989,Wilson score,1,991,0,0.99613862210241211,0.99999999999999989,Wilson score,0,0.0089999999999999993,0,,,,,,,,,,,,,,,,,,,,,,,,,,,,,,,,,,,,,,,,,,,,,,,,,,,,,,,,,,,,,,,,,,,,,,,,,,,,,,,,,,,,,,,,,,,,,,,,,,,,,,,,,,,,,,,,,,,,,,,,,,,,,,,,,
GaussianCopula__XGBoost,GaussianCopula,XGBoost,R5_NULL,TARGET_A,0.025000000000000001,NOT_QUALIFIED,0.1158612933122804,0.1158612933122804,0.090861293312280406,far from boundary,PAIR_COMMON_SUCCESS,M3_vs_M1,M3,M3_SEED_AGGREGATED,991,1000,0,0,0,0,0.0038613778975876926,Wilson score,0,0,0,0,0.0038613778975876926,Wilson score,0,0,0,0,0.0038613778975876926,Wilson score,0,0,0,0,0.0038613778975876926,Wilson score,0,0,0,0,0.0038613778975876926,Wilson score,1,991,0,0.99613862210241211,0.99999999999999989,Wilson score,1,991,0,0.99613862210241211,0.99999999999999989,Wilson score,0,0.0089999999999999993,0,,,,,,,,,,,,,,,,,,,,,,,,,,,,,,,,,,,,,,,,,,,,,,,,,,,,,,,,,,,,,,,,,,,,,,,,,,,,,,,,,,,,,,,,,,,,,,,,,,,,,,,,,,,,,,,,,,,,,,,,,,,,,,,,,
GaussianCopula__XGBoost,GaussianCopula,XGBoost,R5_NULL,TARGET_A,0.025000000000000001,NOT_QUALIFIED,0.1158612933122804,0.1158612933122804,0.090861293312280406,far from boundary,PAIR_COMMON_SUCCESS,M2_vs_M1,M1,M1_FULL_COV_CROSSED,986,1000,0,0,0,-2.1684043449710089e-19,0.0038808829297480359,Wilson score,0,0,0,-2.1684043449710089e-19,0.0038808829297480359,Wilson score,0,0,0,-2.1684043449710089e-19,0.0038808829297480359,Wilson score,0,0,0,-2.1684043449710089e-19,0.0038808829297480359,Wilson score,0,0,0,-2.1684043449710089e-19,0.0038808829297480359,Wilson score,1,986,0,0.99611911707025191,1,Wilson score,1,986,0,0.99611911707025191,1,Wilson score,0,0.014,0,,,,,,,,,,,,,,,,,,,,,,,,,,,,,,,,,,,,,,,,,,,,,,,,,,,,,,,,,,,,,,,,,,,,,,,,,,,,,,,,,,,,,,,,,,,,,,,,,,,,,,,,,,,,,,,,,,,,,,,,,,,,,,,,,
GaussianCopula__XGBoost,GaussianCopula,XGBoost,R5_NULL,TARGET_A,0.025000000000000001,NOT_QUALIFIED,0.1158612933122804,0.1158612933122804,0.090861293312280406,far from boundary,PAIR_COMMON_SUCCESS,M2_vs_M1,M2,M2_DIAGONAL_COV_CROSSED,986,1000,0,0,0,-2.1684043449710089e-19,0.0038808829297480359,Wilson score,0,0,0,-2.1684043449710089e-19,0.0038808829297480359,Wilson score,0,0,0,-2.1684043449710089e-19,0.0038808829297480359,Wilson score,0,0,0,-2.1684043449710089e-19,0.0038808829297480359,Wilson score,0,0,0,-2.1684043449710089e-19,0.0038808829297480359,Wilson score,1,986,0,0.99611911707025191,1,Wilson score,1,986,0,0.99611911707025191,1,Wilson score,0,0.014,0,,,,,,,,,,,,,,,,,,,,,,,,,,,,,,,,,,,,,,,,,,,,,,,,,,,,,,,,,,,,,,,,,,,,,,,,,,,,,,,,,,,,,,,,,,,,,,,,,,,,,,,,,,,,,,,,,,,,,,,,,,,,,,,,,
GaussianCopula__XGBoost,GaussianCopula,XGBoost,R5_NULL,TARGET_A,0.050000000000000003,NOT_QUALIFIED,0.1158612933122804,0.1158612933122804,0.065861293312280397,far from boundary,METHOD_SUCCESS,,M1,M1_FULL_COV_CROSSED,991,1000,0,0,0,0,0.0038613778975876926,Wilson score,0,0,0,0,0.0038613778975876926,Wilson score,0,0,0,0,0.0038613778975876926,Wilson score,0,0,0,0,0.0038613778975876926,Wilson score,0,0,0,0,0.0038613778975876926,Wilson score,1,991,0,0.99613862210241211,0.99999999999999989,Wilson score,1,991,0,0.99613862210241211,0.99999999999999989,Wilson score,0,0.0089999999999999993,0,,,,,,,,,,,,,,,,,,,,,,,,,,,,,,,,,,,,,,,,,,,,,,,,,,,,,,,,,,,,,,,,,,,,,,,,,,,,,,,,,,,,,,,,,,,,,,,,,,,,,,,,,,,,,,,,,,,,,,,,,,,,,,,,,
GaussianCopula__XGBoost,GaussianCopula,XGBoost,R5_NULL,TARGET_A,0.050000000000000003,NOT_QUALIFIED,0.1158612933122804,0.1158612933122804,0.065861293312280397,far from boundary,METHOD_SUCCESS,,M2,M2_DIAGONAL_COV_CROSSED,995,1000,0,0,0,-2.1684043449710089e-19,0.0038459144709808452,Wilson score,0,0,0,-2.1684043449710089e-19,0.0038459144709808452,Wilson score,0,0,0,-2.1684043449710089e-19,0.0038459144709808452,Wilson score,0,0,0,-2.1684043449710089e-19,0.0038459144709808452,Wilson score,0,0,0,-2.1684043449710089e-19,0.0038459144709808452,Wilson score,1,995,0,0.9961540855290193,1.0000000000000002,Wilson score,1,995,0,0.9961540855290193,1.0000000000000002,Wilson score,0,0.0050000000000000001,0,,,,,,,,,,,,,,,,,,,,,,,,,,,,,,,,,,,,,,,,,,,,,,,,,,,,,,,,,,,,,,,,,,,,,,,,,,,,,,,,,,,,,,,,,,,,,,,,,,,,,,,,,,,,,,,,,,,,,,,,,,,,,,,,,
GaussianCopula__XGBoost,GaussianCopula,XGBoost,R5_NULL,TARGET_A,0.050000000000000003,NOT_QUALIFIED,0.1158612933122804,0.1158612933122804,0.065861293312280397,far from boundary,METHOD_SUCCESS,,M3,M3_SEED_AGGREGATED,1000,1000,0,0,0,2.1684043449710089e-19,0.0038267584855551234,Wilson score,0,0,0,2.1684043449710089e-19,0.0038267584855551234,Wilson score,0,0,0,2.1684043449710089e-19,0.0038267584855551234,Wilson score,0,0,0,2.1684043449710089e-19,0.0038267584855551234,Wilson score,0,0,0,2.1684043449710089e-19,0.0038267584855551234,Wilson score,1,1000,0,0.99617324151444497,1,Wilson score,1,1000,0,0.99617324151444497,1,Wilson score,0,0,0,,,,,,,,,,,,,,,,,,,,,,,,,,,,,,,,,,,,,,,,,,,,,,,,,,,,,,,,,,,,,,,,,,,,,,,,,,,,,,,,,,,,,,,,,,,,,,,,,,,,,,,,,,,,,,,,,,,,,,,,,,,,,,,,,
GaussianCopula__XGBoost,GaussianCopula,XGBoost,R5_NULL,TARGET_A,0.050000000000000003,NOT_QUALIFIED,0.1158612933122804,0.1158612933122804,0.065861293312280397,far from boundary,METHOD_SUCCESS,,M4,M4_SINGLE_REALIZATION,1000,1000,0,0,0,2.1684043449710089e-19,0.0038267584855551234,Wilson score,0,0,0,2.1684043449710089e-19,0.0038267584855551234,Wilson score,0,0,0,2.1684043449710089e-19,0.0038267584855551234,Wilson score,0,0,0,2.1684043449710089e-19,0.0038267584855551234,Wilson score,0,0,0,2.1684043449710089e-19,0.0038267584855551234,Wilson score,1,1000,0,0.99617324151444497,1,Wilson score,1,1000,0,0.99617324151444497,1,Wilson score,0,0,0,,,,,,,,,,,,,,,,,,,,,,,,,,,,,,,,,,,,,,,,,,,,,,,,,,,,,,,,,,,,,,,,,,,,,,,,,,,,,,,,,,,,,,,,,,,,,,,,,,,,,,,,,,,,,,,,,,,,,,,,,,,,,,,,,
GaussianCopula__XGBoost,GaussianCopula,XGBoost,R5_NULL,TARGET_A,0.050000000000000003,NOT_QUALIFIED,0.1158612933122804,0.1158612933122804,0.065861293312280397,far from boundary,PAIR_COMMON_SUCCESS,M4_vs_M1,M1,M1_FULL_COV_CROSSED,991,1000,0,0,0,0,0.0038613778975876926,Wilson score,0,0,0,0,0.0038613778975876926,Wilson score,0,0,0,0,0.0038613778975876926,Wilson score,0,0,0,0,0.0038613778975876926,Wilson score,0,0,0,0,0.0038613778975876926,Wilson score,1,991,0,0.99613862210241211,0.99999999999999989,Wilson score,1,991,0,0.99613862210241211,0.99999999999999989,Wilson score,0,0.0089999999999999993,0,,,,,,,,,,,,,,,,,,,,,,,,,,,,,,,,,,,,,,,,,,,,,,,,,,,,,,,,,,,,,,,,,,,,,,,,,,,,,,,,,,,,,,,,,,,,,,,,,,,,,,,,,,,,,,,,,,,,,,,,,,,,,,,,,
GaussianCopula__XGBoost,GaussianCopula,XGBoost,R5_NULL,TARGET_A,0.050000000000000003,NOT_QUALIFIED,0.1158612933122804,0.1158612933122804,0.065861293312280397,far from boundary,PAIR_COMMON_SUCCESS,M4_vs_M1,M4,M4_SINGLE_REALIZATION,991,1000,0,0,0,0,0.0038613778975876926,Wilson score,0,0,0,0,0.0038613778975876926,Wilson score,0,0,0,0,0.0038613778975876926,Wilson score,0,0,0,0,0.0038613778975876926,Wilson score,0,0,0,0,0.0038613778975876926,Wilson score,1,991,0,0.99613862210241211,0.99999999999999989,Wilson score,1,991,0,0.99613862210241211,0.99999999999999989,Wilson score,0,0.0089999999999999993,0,,,,,,,,,,,,,,,,,,,,,,,,,,,,,,,,,,,,,,,,,,,,,,,,,,,,,,,,,,,,,,,,,,,,,,,,,,,,,,,,,,,,,,,,,,,,,,,,,,,,,,,,,,,,,,,,,,,,,,,,,,,,,,,,,
GaussianCopula__XGBoost,GaussianCopula,XGBoost,R5_NULL,TARGET_A,0.050000000000000003,NOT_QUALIFIED,0.1158612933122804,0.1158612933122804,0.065861293312280397,far from boundary,PAIR_COMMON_SUCCESS,M3_vs_M1,M1,M1_FULL_COV_CROSSED,991,1000,0,0,0,0,0.0038613778975876926,Wilson score,0,0,0,0,0.0038613778975876926,Wilson score,0,0,0,0,0.0038613778975876926,Wilson score,0,0,0,0,0.0038613778975876926,Wilson score,0,0,0,0,0.0038613778975876926,Wilson score,1,991,0,0.99613862210241211,0.99999999999999989,Wilson score,1,991,0,0.99613862210241211,0.99999999999999989,Wilson score,0,0.0089999999999999993,0,,,,,,,,,,,,,,,,,,,,,,,,,,,,,,,,,,,,,,,,,,,,,,,,,,,,,,,,,,,,,,,,,,,,,,,,,,,,,,,,,,,,,,,,,,,,,,,,,,,,,,,,,,,,,,,,,,,,,,,,,,,,,,,,,
GaussianCopula__XGBoost,GaussianCopula,XGBoost,R5_NULL,TARGET_A,0.050000000000000003,NOT_QUALIFIED,0.1158612933122804,0.1158612933122804,0.065861293312280397,far from boundary,PAIR_COMMON_SUCCESS,M3_vs_M1,M3,M3_SEED_AGGREGATED,991,1000,0,0,0,0,0.0038613778975876926,Wilson score,0,0,0,0,0.0038613778975876926,Wilson score,0,0,0,0,0.0038613778975876926,Wilson score,0,0,0,0,0.0038613778975876926,Wilson score,0,0,0,0,0.0038613778975876926,Wilson score,1,991,0,0.99613862210241211,0.99999999999999989,Wilson score,1,991,0,0.99613862210241211,0.99999999999999989,Wilson score,0,0.0089999999999999993,0,,,,,,,,,,,,,,,,,,,,,,,,,,,,,,,,,,,,,,,,,,,,,,,,,,,,,,,,,,,,,,,,,,,,,,,,,,,,,,,,,,,,,,,,,,,,,,,,,,,,,,,,,,,,,,,,,,,,,,,,,,,,,,,,,
GaussianCopula__XGBoost,GaussianCopula,XGBoost,R5_NULL,TARGET_A,0.050000000000000003,NOT_QUALIFIED,0.1158612933122804,0.1158612933122804,0.065861293312280397,far from boundary,PAIR_COMMON_SUCCESS,M2_vs_M1,M1,M1_FULL_COV_CROSSED,986,1000,0,0,0,-2.1684043449710089e-19,0.0038808829297480359,Wilson score,0,0,0,-2.1684043449710089e-19,0.0038808829297480359,Wilson score,0,0,0,-2.1684043449710089e-19,0.0038808829297480359,Wilson score,0,0,0,-2.1684043449710089e-19,0.0038808829297480359,Wilson score,0,0,0,-2.1684043449710089e-19,0.0038808829297480359,Wilson score,1,986,0,0.99611911707025191,1,Wilson score,1,986,0,0.99611911707025191,1,Wilson score,0,0.014,0,,,,,,,,,,,,,,,,,,,,,,,,,,,,,,,,,,,,,,,,,,,,,,,,,,,,,,,,,,,,,,,,,,,,,,,,,,,,,,,,,,,,,,,,,,,,,,,,,,,,,,,,,,,,,,,,,,,,,,,,,,,,,,,,,
GaussianCopula__XGBoost,GaussianCopula,XGBoost,R5_NULL,TARGET_A,0.050000000000000003,NOT_QUALIFIED,0.1158612933122804,0.1158612933122804,0.065861293312280397,far from boundary,PAIR_COMMON_SUCCESS,M2_vs_M1,M2,M2_DIAGONAL_COV_CROSSED,986,1000,0,0,0,-2.1684043449710089e-19,0.0038808829297480359,Wilson score,0,0,0,-2.1684043449710089e-19,0.0038808829297480359,Wilson score,0,0,0,-2.1684043449710089e-19,0.0038808829297480359,Wilson score,0,0,0,-2.1684043449710089e-19,0.0038808829297480359,Wilson score,0,0,0,-2.1684043449710089e-19,0.0038808829297480359,Wilson score,1,986,0,0.99611911707025191,1,Wilson score,1,986,0,0.99611911707025191,1,Wilson score,0,0.014,0,,,,,,,,,,,,,,,,,,,,,,,,,,,,,,,,,,,,,,,,,,,,,,,,,,,,,,,,,,,,,,,,,,,,,,,,,,,,,,,,,,,,,,,,,,,,,,,,,,,,,,,,,,,,,,,,,,,,,,,,,,,,,,,,,
GaussianCopula__XGBoost,GaussianCopula,XGBoost,R5_NULL,TARGET_A,0.10000000000000001,NOT_QUALIFIED,0.1158612933122804,0.1158612933122804,0.015861293312280395,near boundary,METHOD_SUCCESS,,M1,M1_FULL_COV_CROSSED,991,1000,0.024217961654894045,24,0.0048832434495387688,0.016327588646294945,0.035782683157363167,Wilson score,0,0,0,0,0.0038613778975876926,Wilson score,0,0,0,0,0.0038613778975876926,Wilson score,0,0,0,0,0.0038613778975876926,Wilson score,0.024217961654894045,24,0.0048832434495387688,0.016327588646294945,0.035782683157363167,Wilson score,0.97578203834510591,967,0.004883243449538774,0.96421731684263667,0.98367241135370498,Wilson score,0.97578203834510591,967,0.004883243449538774,0.96421731684263667,0.98367241135370498,Wilson score,0.024,0.033000000000000002,0.024217961654894093,,,,,,,,,,,,,,,,,,,,,,,,,,,,,,,,,,,,,,,,,,,,,,,,,,,,,,,,,,,,,,,,,,,,,,,,,,,,,,,,,,,,,,,,,,,,,,,,,,,,,,,,,,,,,,,,,,,,,,,,,,,,,,,,,
GaussianCopula__XGBoost,GaussianCopula,XGBoost,R5_NULL,TARGET_A,0.10000000000000001,NOT_QUALIFIED,0.1158612933122804,0.1158612933122804,0.015861293312280395,near boundary,METHOD_SUCCESS,,M2,M2_DIAGONAL_COV_CROSSED,995,1000,1,995,0,0.9961540855290193,1.0000000000000002,Wilson score,0,0,0,-2.1684043449710089e-19,0.0038459144709808452,Wilson score,0,0,0,-2.1684043449710089e-19,0.0038459144709808452,Wilson score,0,0,0,-2.1684043449710089e-19,0.0038459144709808452,Wilson score,1,995,0,0.9961540855290193,1.0000000000000002,Wilson score,0,0,0,-2.1684043449710089e-19,0.0038459144709808452,Wilson score,0,0,0,-2.1684043449710089e-19,0.0038459144709808452,Wilson score,0.995,1,1,,,,,,,,,,,,,,,,,,,,,,,,,,,,,,,,,,,,,,,,,,,,,,,,,,,,,,,,,,,,,,,,,,,,,,,,,,,,,,,,,,,,,,,,,,,,,,,,,,,,,,,,,,,,,,,,,,,,,,,,,,,,,,,,,
GaussianCopula__XGBoost,GaussianCopula,XGBoost,R5_NULL,TARGET_A,0.10000000000000001,NOT_QUALIFIED,0.1158612933122804,0.1158612933122804,0.015861293312280395,near boundary,METHOD_SUCCESS,,M3,M3_SEED_AGGREGATED,1000,1000,0.13400000000000001,134,0.010772372069326236,0.11428107599412643,0.15652011121729995,Wilson score,0,0,0,2.1684043449710089e-19,0.0038267584855551234,Wilson score,0,0,0,2.1684043449710089e-19,0.0038267584855551234,Wilson score,0,0,0,2.1684043449710089e-19,0.0038267584855551234,Wilson score,0.13400000000000001,134,0.010772372069326236,0.11428107599412643,0.15652011121729995,Wilson score,0.86599999999999999,866,0.010772372069326236,0.84347988878269997,0.8857189240058736,Wilson score,0.86599999999999999,866,0.010772372069326236,0.84347988878269997,0.8857189240058736,Wilson score,0.13400000000000001,0.13400000000000001,0.13400000000000001,,,,,,,,,,,,,,,,,,,,,,,,,,,,,,,,,,,,,,,,,,,,,,,,,,,,,,,,,,,,,,,,,,,,,,,,,,,,,,,,,,,,,,,,,,,,,,,,,,,,,,,,,,,,,,,,,,,,,,,,,,,,,,,,,
GaussianCopula__XGBoost,GaussianCopula,XGBoost,R5_NULL,TARGET_A,0.10000000000000001,NOT_QUALIFIED,0.1158612933122804,0.1158612933122804,0.015861293312280395,near boundary,METHOD_SUCCESS,,M4,M4_SINGLE_REALIZATION,1000,1000,0.32400000000000001,324,0.014799459449588015,0.29571482227221091,0.35363219671470447,Wilson score,0,0,0,2.1684043449710089e-19,0.0038267584855551234,Wilson score,0,0,0,2.1684043449710089e-19,0.0038267584855551234,Wilson score,0,0,0,2.1684043449710089e-19,0.0038267584855551234,Wilson score,0.32400000000000001,324,0.014799459449588015,0.29571482227221091,0.35363219671470447,Wilson score,0.67600000000000005,676,0.014799459449588015,0.64636780328529553,0.7042851777277892,Wilson score,0.67600000000000005,676,0.014799459449588015,0.64636780328529553,0.7042851777277892,Wilson score,0.32400000000000001,0.32400000000000001,0.32399999999999995,,,,,,,,,,,,,,,,,,,,,,,,,,,,,,,,,,,,,,,,,,,,,,,,,,,,,,,,,,,,,,,,,,,,,,,,,,,,,,,,,,,,,,,,,,,,,,,,,,,,,,,,,,,,,,,,,,,,,,,,,,,,,,,,,
GaussianCopula__XGBoost,GaussianCopula,XGBoost,R5_NULL,TARGET_A,0.10000000000000001,NOT_QUALIFIED,0.1158612933122804,0.1158612933122804,0.015861293312280395,near boundary,PAIR_COMMON_SUCCESS,M4_vs_M1,M1,M1_FULL_COV_CROSSED,991,1000,0.024217961654894045,24,0.0048832434495387688,0.016327588646294945,0.035782683157363167,Wilson score,0,0,0,0,0.0038613778975876926,Wilson score,0,0,0,0,0.0038613778975876926,Wilson score,0,0,0,0,0.0038613778975876926,Wilson score,0.024217961654894045,24,0.0048832434495387688,0.016327588646294945,0.035782683157363167,Wilson score,0.97578203834510591,967,0.004883243449538774,0.96421731684263667,0.98367241135370498,Wilson score,0.97578203834510591,967,0.004883243449538774,0.96421731684263667,0.98367241135370498,Wilson score,0.024,0.033000000000000002,0.024217961654894093,,,,,,,,,,,,,,,,,,,,,,,,,,,,,,,,,,,,,,,,,,,,,,,,,,,,,,,,,,,,,,,,,,,,,,,,,,,,,,,,,,,,,,,,,,,,,,,,,,,,,,,,,,,,,,,,,,,,,,,,,,,,,,,,,
GaussianCopula__XGBoost,GaussianCopula,XGBoost,R5_NULL,TARGET_A,0.10000000000000001,NOT_QUALIFIED,0.1158612933122804,0.1158612933122804,0.015861293312280395,near boundary,PAIR_COMMON_SUCCESS,M4_vs_M1,M4,M4_SINGLE_REALIZATION,991,1000,0.32391523713420789,321,0.014865497075992612,0.29550768683247047,0.35368264705880909,Wilson score,0,0,0,0,0.0038613778975876926,Wilson score,0,0,0,0,0.0038613778975876926,Wilson score,0,0,0,0,0.0038613778975876926,Wilson score,0.32391523713420789,321,0.014865497075992612,0.29550768683247047,0.35368264705880909,Wilson score,0.67608476286579211,670,0.014865497075992612,0.64631735294119086,0.70449231316752947,Wilson score,0.67608476286579211,670,0.014865497075992612,0.64631735294119086,0.70449231316752947,Wilson score,0.32100000000000001,0.33000000000000002,0.32391523713420789,,,,,,,,,,,,,,,,,,,,,,,,,,,,,,,,,,,,,,,,,,,,,,,,,,,,,,,,,,,,,,,,,,,,,,,,,,,,,,,,,,,,,,,,,,,,,,,,,,,,,,,,,,,,,,,,,,,,,,,,,,,,,,,,,
GaussianCopula__XGBoost,GaussianCopula,XGBoost,R5_NULL,TARGET_A,0.10000000000000001,NOT_QUALIFIED,0.1158612933122804,0.1158612933122804,0.015861293312280395,near boundary,PAIR_COMMON_SUCCESS,M3_vs_M1,M1,M1_FULL_COV_CROSSED,991,1000,0.024217961654894045,24,0.0048832434495387688,0.016327588646294945,0.035782683157363167,Wilson score,0,0,0,0,0.0038613778975876926,Wilson score,0,0,0,0,0.0038613778975876926,Wilson score,0,0,0,0,0.0038613778975876926,Wilson score,0.024217961654894045,24,0.0048832434495387688,0.016327588646294945,0.035782683157363167,Wilson score,0.97578203834510591,967,0.004883243449538774,0.96421731684263667,0.98367241135370498,Wilson score,0.97578203834510591,967,0.004883243449538774,0.96421731684263667,0.98367241135370498,Wilson score,0.024,0.033000000000000002,0.024217961654894093,,,,,,,,,,,,,,,,,,,,,,,,,,,,,,,,,,,,,,,,,,,,,,,,,,,,,,,,,,,,,,,,,,,,,,,,,,,,,,,,,,,,,,,,,,,,,,,,,,,,,,,,,,,,,,,,,,,,,,,,,,,,,,,,,
GaussianCopula__XGBoost,GaussianCopula,XGBoost,R5_NULL,TARGET_A,0.10000000000000001,NOT_QUALIFIED,0.1158612933122804,0.1158612933122804,0.015861293312280395,near boundary,PAIR_COMMON_SUCCESS,M3_vs_M1,M3,M3_SEED_AGGREGATED,991,1000,0.13319878910191726,132,0.010793767667867946,0.11345318408024849,0.15577711030072652,Wilson score,0,0,0,0,0.0038613778975876926,Wilson score,0,0,0,0,0.0038613778975876926,Wilson score,0,0,0,0,0.0038613778975876926,Wilson score,0.13319878910191726,132,0.010793767667867946,0.11345318408024849,0.15577711030072652,Wilson score,0.86680121089808271,859,0.010793767667867948,0.84422288969927339,0.88654681591975137,Wilson score,0.86680121089808271,859,0.010793767667867948,0.84422288969927339,0.88654681591975137,Wilson score,0.13200000000000001,0.14099999999999999,0.13319878910191729,,,,,,,,,,,,,,,,,,,,,,,,,,,,,,,,,,,,,,,,,,,,,,,,,,,,,,,,,,,,,,,,,,,,,,,,,,,,,,,,,,,,,,,,,,,,,,,,,,,,,,,,,,,,,,,,,,,,,,,,,,,,,,,,,
GaussianCopula__XGBoost,GaussianCopula,XGBoost,R5_NULL,TARGET_A,0.10000000000000001,NOT_QUALIFIED,0.1158612933122804,0.1158612933122804,0.015861293312280395,near boundary,PAIR_COMMON_SUCCESS,M2_vs_M1,M1,M1_FULL_COV_CROSSED,986,1000,0.02434077079107505,24,0.0049076974838175146,0.016410655437915551,0.035962841710262594,Wilson score,0,0,0,-2.1684043449710089e-19,0.0038808829297480359,Wilson score,0,0,0,-2.1684043449710089e-19,0.0038808829297480359,Wilson score,0,0,0,-2.1684043449710089e-19,0.0038808829297480359,Wilson score,0.02434077079107505,24,0.0049076974838175146,0.016410655437915551,0.035962841710262594,Wilson score,0.97565922920892489,962,0.0049076974838175198,0.96403715828973724,0.98358934456208436,Wilson score,0.97565922920892489,962,0.0049076974838175198,0.96403715828973724,0.98358934456208436,Wilson score,0.024,0.037999999999999999,0.024340770791075106,,,,,,,,,,,,,,,,,,,,,,,,,,,,,,,,,,,,,,,,,,,,,,,,,,,,,,,,,,,,,,,,,,,,,,,,,,,,,,,,,,,,,,,,,,,,,,,,,,,,,,,,,,,,,,,,,,,,,,,,,,,,,,,,,
GaussianCopula__XGBoost,GaussianCopula,XGBoost,R5_NULL,TARGET_A,0.10000000000000001,NOT_QUALIFIED,0.1158612933122804,0.1158612933122804,0.015861293312280395,near boundary,PAIR_COMMON_SUCCESS,M2_vs_M1,M2,M2_DIAGONAL_COV_CROSSED,986,1000,1,986,0,0.99611911707025191,1,Wilson score,0,0,0,-2.1684043449710089e-19,0.0038808829297480359,Wilson score,0,0,0,-2.1684043449710089e-19,0.0038808829297480359,Wilson score,0,0,0,-2.1684043449710089e-19,0.0038808829297480359,Wilson score,1,986,0,0.99611911707025191,1,Wilson score,0,0,0,-2.1684043449710089e-19,0.0038808829297480359,Wilson score,0,0,0,-2.1684043449710089e-19,0.0038808829297480359,Wilson score,0.98599999999999999,1,1,,,,,,,,,,,,,,,,,,,,,,,,,,,,,,,,,,,,,,,,,,,,,,,,,,,,,,,,,,,,,,,,,,,,,,,,,,,,,,,,,,,,,,,,,,,,,,,,,,,,,,,,,,,,,,,,,,,,,,,,,,,,,,,,,
GaussianCopula__XGBoost,GaussianCopula,XGBoost,R5_NULL,TARGET_A,0.20000000000000001,QUALIFIED,0.1158612933122804,0.1158612933122804,0.084138706687719611,far from boundary,METHOD_SUCCESS,,M1,M1_FULL_COV_CROSSED,991,1000,0,0,0,0,0.0038613778975876926,Wilson score,0,0,0,0,0.0038613778975876926,Wilson score,0,0,0,0,0.0038613778975876926,Wilson score,0,0,0,0,0.0038613778975876926,Wilson score,0,0,0,0,0.0038613778975876926,Wilson score,1,991,0,0.99613862210241211,0.99999999999999989,Wilson score,1,991,0,0.99613862210241211,0.99999999999999989,Wilson score,0,0.0089999999999999993,0,,,,,,,,,,,,,,,,,,,,,,,,,,,,,,,,,,,,,,,,,,,,,,,,,,,,,,,,,,,,,,,,,,,,,,,,,,,,,,,,,,,,,,,,,,,,,,,,,,,,,,,,,,,,,,,,,,,,,,,,,,,,,,,,,
GaussianCopula__XGBoost,GaussianCopula,XGBoost,R5_NULL,TARGET_A,0.20000000000000001,QUALIFIED,0.1158612933122804,0.1158612933122804,0.084138706687719611,far from boundary,METHOD_SUCCESS,,M2,M2_DIAGONAL_COV_CROSSED,995,1000,0,0,0,-2.1684043449710089e-19,0.0038459144709808452,Wilson score,0,0,0,-2.1684043449710089e-19,0.0038459144709808452,Wilson score,0,0,0,-2.1684043449710089e-19,0.0038459144709808452,Wilson score,0,0,0,-2.1684043449710089e-19,0.0038459144709808452,Wilson score,0,0,0,-2.1684043449710089e-19,0.0038459144709808452,Wilson score,1,995,0,0.9961540855290193,1.0000000000000002,Wilson score,1,995,0,0.9961540855290193,1.0000000000000002,Wilson score,0,0.0050000000000000001,0,,,,,,,,,,,,,,,,,,,,,,,,,,,,,,,,,,,,,,,,,,,,,,,,,,,,,,,,,,,,,,,,,,,,,,,,,,,,,,,,,,,,,,,,,,,,,,,,,,,,,,,,,,,,,,,,,,,,,,,,,,,,,,,,,
GaussianCopula__XGBoost,GaussianCopula,XGBoost,R5_NULL,TARGET_A,0.20000000000000001,QUALIFIED,0.1158612933122804,0.1158612933122804,0.084138706687719611,far from boundary,METHOD_SUCCESS,,M3,M3_SEED_AGGREGATED,1000,1000,0,0,0,2.1684043449710089e-19,0.0038267584855551234,Wilson score,0,0,0,2.1684043449710089e-19,0.0038267584855551234,Wilson score,0,0,0,2.1684043449710089e-19,0.0038267584855551234,Wilson score,0,0,0,2.1684043449710089e-19,0.0038267584855551234,Wilson score,0,0,0,2.1684043449710089e-19,0.0038267584855551234,Wilson score,1,1000,0,0.99617324151444497,1,Wilson score,1,1000,0,0.99617324151444497,1,Wilson score,0,0,0,,,,,,,,,,,,,,,,,,,,,,,,,,,,,,,,,,,,,,,,,,,,,,,,,,,,,,,,,,,,,,,,,,,,,,,,,,,,,,,,,,,,,,,,,,,,,,,,,,,,,,,,,,,,,,,,,,,,,,,,,,,,,,,,,
GaussianCopula__XGBoost,GaussianCopula,XGBoost,R5_NULL,TARGET_A,0.20000000000000001,QUALIFIED,0.1158612933122804,0.1158612933122804,0.084138706687719611,far from boundary,METHOD_SUCCESS,,M4,M4_SINGLE_REALIZATION,1000,1000,0,0,0,2.1684043449710089e-19,0.0038267584855551234,Wilson score,0,0,0,2.1684043449710089e-19,0.0038267584855551234,Wilson score,0,0,0,2.1684043449710089e-19,0.0038267584855551234,Wilson score,0,0,0,2.1684043449710089e-19,0.0038267584855551234,Wilson score,0,0,0,2.1684043449710089e-19,0.0038267584855551234,Wilson score,1,1000,0,0.99617324151444497,1,Wilson score,1,1000,0,0.99617324151444497,1,Wilson score,0,0,0,,,,,,,,,,,,,,,,,,,,,,,,,,,,,,,,,,,,,,,,,,,,,,,,,,,,,,,,,,,,,,,,,,,,,,,,,,,,,,,,,,,,,,,,,,,,,,,,,,,,,,,,,,,,,,,,,,,,,,,,,,,,,,,,,
GaussianCopula__XGBoost,GaussianCopula,XGBoost,R5_NULL,TARGET_A,0.20000000000000001,QUALIFIED,0.1158612933122804,0.1158612933122804,0.084138706687719611,far from boundary,PAIR_COMMON_SUCCESS,M4_vs_M1,M1,M1_FULL_COV_CROSSED,991,1000,0,0,0,0,0.0038613778975876926,Wilson score,0,0,0,0,0.0038613778975876926,Wilson score,0,0,0,0,0.0038613778975876926,Wilson score,0,0,0,0,0.0038613778975876926,Wilson score,0,0,0,0,0.0038613778975876926,Wilson score,1,991,0,0.99613862210241211,0.99999999999999989,Wilson score,1,991,0,0.99613862210241211,0.99999999999999989,Wilson score,0,0.0089999999999999993,0,,,,,,,,,,,,,,,,,,,,,,,,,,,,,,,,,,,,,,,,,,,,,,,,,,,,,,,,,,,,,,,,,,,,,,,,,,,,,,,,,,,,,,,,,,,,,,,,,,,,,,,,,,,,,,,,,,,,,,,,,,,,,,,,,
GaussianCopula__XGBoost,GaussianCopula,XGBoost,R5_NULL,TARGET_A,0.20000000000000001,QUALIFIED,0.1158612933122804,0.1158612933122804,0.084138706687719611,far from boundary,PAIR_COMMON_SUCCESS,M4_vs_M1,M4,M4_SINGLE_REALIZATION,991,1000,0,0,0,0,0.0038613778975876926,Wilson score,0,0,0,0,0.0038613778975876926,Wilson score,0,0,0,0,0.0038613778975876926,Wilson score,0,0,0,0,0.0038613778975876926,Wilson score,0,0,0,0,0.0038613778975876926,Wilson score,1,991,0,0.99613862210241211,0.99999999999999989,Wilson score,1,991,0,0.99613862210241211,0.99999999999999989,Wilson score,0,0.0089999999999999993,0,,,,,,,,,,,,,,,,,,,,,,,,,,,,,,,,,,,,,,,,,,,,,,,,,,,,,,,,,,,,,,,,,,,,,,,,,,,,,,,,,,,,,,,,,,,,,,,,,,,,,,,,,,,,,,,,,,,,,,,,,,,,,,,,,
GaussianCopula__XGBoost,GaussianCopula,XGBoost,R5_NULL,TARGET_A,0.20000000000000001,QUALIFIED,0.1158612933122804,0.1158612933122804,0.084138706687719611,far from boundary,PAIR_COMMON_SUCCESS,M3_vs_M1,M1,M1_FULL_COV_CROSSED,991,1000,0,0,0,0,0.0038613778975876926,Wilson score,0,0,0,0,0.0038613778975876926,Wilson score,0,0,0,0,0.0038613778975876926,Wilson score,0,0,0,0,0.0038613778975876926,Wilson score,0,0,0,0,0.0038613778975876926,Wilson score,1,991,0,0.99613862210241211,0.99999999999999989,Wilson score,1,991,0,0.99613862210241211,0.99999999999999989,Wilson score,0,0.0089999999999999993,0,,,,,,,,,,,,,,,,,,,,,,,,,,,,,,,,,,,,,,,,,,,,,,,,,,,,,,,,,,,,,,,,,,,,,,,,,,,,,,,,,,,,,,,,,,,,,,,,,,,,,,,,,,,,,,,,,,,,,,,,,,,,,,,,,
GaussianCopula__XGBoost,GaussianCopula,XGBoost,R5_NULL,TARGET_A,0.20000000000000001,QUALIFIED,0.1158612933122804,0.1158612933122804,0.084138706687719611,far from boundary,PAIR_COMMON_SUCCESS,M3_vs_M1,M3,M3_SEED_AGGREGATED,991,1000,0,0,0,0,0.0038613778975876926,Wilson score,0,0,0,0,0.0038613778975876926,Wilson score,0,0,0,0,0.0038613778975876926,Wilson score,0,0,0,0,0.0038613778975876926,Wilson score,0,0,0,0,0.0038613778975876926,Wilson score,1,991,0,0.99613862210241211,0.99999999999999989,Wilson score,1,991,0,0.99613862210241211,0.99999999999999989,Wilson score,0,0.0089999999999999993,0,,,,,,,,,,,,,,,,,,,,,,,,,,,,,,,,,,,,,,,,,,,,,,,,,,,,,,,,,,,,,,,,,,,,,,,,,,,,,,,,,,,,,,,,,,,,,,,,,,,,,,,,,,,,,,,,,,,,,,,,,,,,,,,,,
GaussianCopula__XGBoost,GaussianCopula,XGBoost,R5_NULL,TARGET_A,0.20000000000000001,QUALIFIED,0.1158612933122804,0.1158612933122804,0.084138706687719611,far from boundary,PAIR_COMMON_SUCCESS,M2_vs_M1,M1,M1_FULL_COV_CROSSED,986,1000,0,0,0,-2.1684043449710089e-19,0.0038808829297480359,Wilson score,0,0,0,-2.1684043449710089e-19,0.0038808829297480359,Wilson score,0,0,0,-2.1684043449710089e-19,0.0038808829297480359,Wilson score,0,0,0,-2.1684043449710089e-19,0.0038808829297480359,Wilson score,0,0,0,-2.1684043449710089e-19,0.0038808829297480359,Wilson score,1,986,0,0.99611911707025191,1,Wilson score,1,986,0,0.99611911707025191,1,Wilson score,0,0.014,0,,,,,,,,,,,,,,,,,,,,,,,,,,,,,,,,,,,,,,,,,,,,,,,,,,,,,,,,,,,,,,,,,,,,,,,,,,,,,,,,,,,,,,,,,,,,,,,,,,,,,,,,,,,,,,,,,,,,,,,,,,,,,,,,,
GaussianCopula__XGBoost,GaussianCopula,XGBoost,R5_NULL,TARGET_A,0.20000000000000001,QUALIFIED,0.1158612933122804,0.1158612933122804,0.084138706687719611,far from boundary,PAIR_COMMON_SUCCESS,M2_vs_M1,M2,M2_DIAGONAL_COV_CROSSED,986,1000,0,0,0,-2.1684043449710089e-19,0.0038808829297480359,Wilson score,0,0,0,-2.1684043449710089e-19,0.0038808829297480359,Wilson score,0,0,0,-2.1684043449710089e-19,0.0038808829297480359,Wilson score,0,0,0,-2.1684043449710089e-19,0.0038808829297480359,Wilson score,0,0,0,-2.1684043449710089e-19,0.0038808829297480359,Wilson score,1,986,0,0.99611911707025191,1,Wilson score,1,986,0,0.99611911707025191,1,Wilson score,0,0.014,0,,,,,,,,,,,,,,,,,,,,,,,,,,,,,,,,,,,,,,,,,,,,,,,,,,,,,,,,,,,,,,,,,,,,,,,,,,,,,,,,,,,,,,,,,,,,,,,,,,,,,,,,,,,,,,,,,,,,,,,,,,,,,,,,,
CTGAN__LR_L2,CTGAN,LR_L2,R5_NULL,TARGET_B,0.025000000000000001,NOT_QUALIFIED,0.093139941857816697,0.093139941857816697,0.068139941857816688,far from boundary,METHOD_SUCCESS,,M1,M1_FULL_COV_CROSSED,996,1000,0,0,0,2.1684043449710089e-19,0.0038420679466773643,Wilson score,0,0,0,2.1684043449710089e-19,0.0038420679466773643,Wilson score,0,0,0,2.1684043449710089e-19,0.0038420679466773643,Wilson score,0,0,0,2.1684043449710089e-19,0.0038420679466773643,Wilson score,0,0,0,2.1684043449710089e-19,0.0038420679466773643,Wilson score,1,996,0,0.99615793205332259,0.99999999999999989,Wilson score,1,996,0,0.99615793205332259,0.99999999999999989,Wilson score,0,0.0040000000000000001,0,,,,,,,,,,,,,,,,,,,,,,,,,,,,,,,,,,,,,,,,,,,,,,,,,,,,,,,,,,,,,,,,,,,,,,,,,,,,,,,,,,,,,,,,,,,,,,,,,,,,,,,,,,,,,,,,,,,,,,,,,,,,,,,,,
CTGAN__LR_L2,CTGAN,LR_L2,R5_NULL,TARGET_B,0.025000000000000001,NOT_QUALIFIED,0.093139941857816697,0.093139941857816697,0.068139941857816688,far from boundary,METHOD_SUCCESS,,M2,M2_DIAGONAL_COV_CROSSED,993,1000,0.65760322255790538,653,0.01505816932710446,0.62753306974053613,0.68645868615040806,Wilson score,0,0,0,0,0.0038536306718610345,Wilson score,0,0,0,0,0.0038536306718610345,Wilson score,0,0,0,0,0.0038536306718610345,Wilson score,0.65760322255790538,653,0.01505816932710446,0.62753306974053613,0.68645868615040806,Wilson score,0.34239677744209468,340,0.015058169327104461,0.313541313849592,0.37246693025946392,Wilson score,0.34239677744209468,340,0.015058169327104461,0.313541313849592,0.37246693025946392,Wilson score,0.65300000000000002,0.66000000000000003,0.65760322255790538,,,,,,,,,,,,,,,,,,,,,,,,,,,,,,,,,,,,,,,,,,,,,,,,,,,,,,,,,,,,,,,,,,,,,,,,,,,,,,,,,,,,,,,,,,,,,,,,,,,,,,,,,,,,,,,,,,,,,,,,,,,,,,,,,
CTGAN__LR_L2,CTGAN,LR_L2,R5_NULL,TARGET_B,0.025000000000000001,NOT_QUALIFIED,0.093139941857816697,0.093139941857816697,0.068139941857816688,far from boundary,METHOD_SUCCESS,,M3,M3_SEED_AGGREGATED,1000,1000,0,0,0,2.1684043449710089e-19,0.0038267584855551234,Wilson score,0,0,0,2.1684043449710089e-19,0.0038267584855551234,Wilson score,0,0,0,2.1684043449710089e-19,0.0038267584855551234,Wilson score,0,0,0,2.1684043449710089e-19,0.0038267584855551234,Wilson score,0,0,0,2.1684043449710089e-19,0.0038267584855551234,Wilson score,1,1000,0,0.99617324151444497,1,Wilson score,1,1000,0,0.99617324151444497,1,Wilson score,0,0,0,,,,,,,,,,,,,,,,,,,,,,,,,,,,,,,,,,,,,,,,,,,,,,,,,,,,,,,,,,,,,,,,,,,,,,,,,,,,,,,,,,,,,,,,,,,,,,,,,,,,,,,,,,,,,,,,,,,,,,,,,,,,,,,,,
CTGAN__LR_L2,CTGAN,LR_L2,R5_NULL,TARGET_B,0.025000000000000001,NOT_QUALIFIED,0.093139941857816697,0.093139941857816697,0.068139941857816688,far from boundary,METHOD_SUCCESS,,M4,M4_SINGLE_REALIZATION,1000,1000,0,0,0,2.1684043449710089e-19,0.0038267584855551234,Wilson score,0,0,0,2.1684043449710089e-19,0.0038267584855551234,Wilson score,0,0,0,2.1684043449710089e-19,0.0038267584855551234,Wilson score,0,0,0,2.1684043449710089e-19,0.0038267584855551234,Wilson score,0,0,0,2.1684043449710089e-19,0.0038267584855551234,Wilson score,1,1000,0,0.99617324151444497,1,Wilson score,1,1000,0,0.99617324151444497,1,Wilson score,0,0,0,,,,,,,,,,,,,,,,,,,,,,,,,,,,,,,,,,,,,,,,,,,,,,,,,,,,,,,,,,,,,,,,,,,,,,,,,,,,,,,,,,,,,,,,,,,,,,,,,,,,,,,,,,,,,,,,,,,,,,,,,,,,,,,,,
CTGAN__LR_L2,CTGAN,LR_L2,R5_NULL,TARGET_B,0.025000000000000001,NOT_QUALIFIED,0.093139941857816697,0.093139941857816697,0.068139941857816688,far from boundary,PAIR_COMMON_SUCCESS,M4_vs_M1,M1,M1_FULL_COV_CROSSED,996,1000,0,0,0,2.1684043449710089e-19,0.0038420679466773643,Wilson score,0,0,0,2.1684043449710089e-19,0.0038420679466773643,Wilson score,0,0,0,2.1684043449710089e-19,0.0038420679466773643,Wilson score,0,0,0,2.1684043449710089e-19,0.0038420679466773643,Wilson score,0,0,0,2.1684043449710089e-19,0.0038420679466773643,Wilson score,1,996,0,0.99615793205332259,0.99999999999999989,Wilson score,1,996,0,0.99615793205332259,0.99999999999999989,Wilson score,0,0.0040000000000000001,0,,,,,,,,,,,,,,,,,,,,,,,,,,,,,,,,,,,,,,,,,,,,,,,,,,,,,,,,,,,,,,,,,,,,,,,,,,,,,,,,,,,,,,,,,,,,,,,,,,,,,,,,,,,,,,,,,,,,,,,,,,,,,,,,,
CTGAN__LR_L2,CTGAN,LR_L2,R5_NULL,TARGET_B,0.025000000000000001,NOT_QUALIFIED,0.093139941857816697,0.093139941857816697,0.068139941857816688,far from boundary,PAIR_COMMON_SUCCESS,M4_vs_M1,M4,M4_SINGLE_REALIZATION,996,1000,0,0,0,2.1684043449710089e-19,0.0038420679466773643,Wilson score,0,0,0,2.1684043449710089e-19,0.0038420679466773643,Wilson score,0,0,0,2.1684043449710089e-19,0.0038420679466773643,Wilson score,0,0,0,2.1684043449710089e-19,0.0038420679466773643,Wilson score,0,0,0,2.1684043449710089e-19,0.0038420679466773643,Wilson score,1,996,0,0.99615793205332259,0.99999999999999989,Wilson score,1,996,0,0.99615793205332259,0.99999999999999989,Wilson score,0,0.0040000000000000001,0,,,,,,,,,,,,,,,,,,,,,,,,,,,,,,,,,,,,,,,,,,,,,,,,,,,,,,,,,,,,,,,,,,,,,,,,,,,,,,,,,,,,,,,,,,,,,,,,,,,,,,,,,,,,,,,,,,,,,,,,,,,,,,,,,
CTGAN__LR_L2,CTGAN,LR_L2,R5_NULL,TARGET_B,0.025000000000000001,NOT_QUALIFIED,0.093139941857816697,0.093139941857816697,0.068139941857816688,far from boundary,PAIR_COMMON_SUCCESS,M3_vs_M1,M1,M1_FULL_COV_CROSSED,996,1000,0,0,0,2.1684043449710089e-19,0.0038420679466773643,Wilson score,0,0,0,2.1684043449710089e-19,0.0038420679466773643,Wilson score,0,0,0,2.1684043449710089e-19,0.0038420679466773643,Wilson score,0,0,0,2.1684043449710089e-19,0.0038420679466773643,Wilson score,0,0,0,2.1684043449710089e-19,0.0038420679466773643,Wilson score,1,996,0,0.99615793205332259,0.99999999999999989,Wilson score,1,996,0,0.99615793205332259,0.99999999999999989,Wilson score,0,0.0040000000000000001,0,,,,,,,,,,,,,,,,,,,,,,,,,,,,,,,,,,,,,,,,,,,,,,,,,,,,,,,,,,,,,,,,,,,,,,,,,,,,,,,,,,,,,,,,,,,,,,,,,,,,,,,,,,,,,,,,,,,,,,,,,,,,,,,,,
CTGAN__LR_L2,CTGAN,LR_L2,R5_NULL,TARGET_B,0.025000000000000001,NOT_QUALIFIED,0.093139941857816697,0.093139941857816697,0.068139941857816688,far from boundary,PAIR_COMMON_SUCCESS,M3_vs_M1,M3,M3_SEED_AGGREGATED,996,1000,0,0,0,2.1684043449710089e-19,0.0038420679466773643,Wilson score,0,0,0,2.1684043449710089e-19,0.0038420679466773643,Wilson score,0,0,0,2.1684043449710089e-19,0.0038420679466773643,Wilson score,0,0,0,2.1684043449710089e-19,0.0038420679466773643,Wilson score,0,0,0,2.1684043449710089e-19,0.0038420679466773643,Wilson score,1,996,0,0.99615793205332259,0.99999999999999989,Wilson score,1,996,0,0.99615793205332259,0.99999999999999989,Wilson score,0,0.0040000000000000001,0,,,,,,,,,,,,,,,,,,,,,,,,,,,,,,,,,,,,,,,,,,,,,,,,,,,,,,,,,,,,,,,,,,,,,,,,,,,,,,,,,,,,,,,,,,,,,,,,,,,,,,,,,,,,,,,,,,,,,,,,,,,,,,,,,
CTGAN__LR_L2,CTGAN,LR_L2,R5_NULL,TARGET_B,0.025000000000000001,NOT_QUALIFIED,0.093139941857816697,0.093139941857816697,0.068139941857816688,far from boundary,PAIR_COMMON_SUCCESS,M2_vs_M1,M1,M1_FULL_COV_CROSSED,989,1000,0,0,0,2.1684043449710089e-19,0.0038691563356520629,Wilson score,0,0,0,2.1684043449710089e-19,0.0038691563356520629,Wilson score,0,0,0,2.1684043449710089e-19,0.0038691563356520629,Wilson score,0,0,0,2.1684043449710089e-19,0.0038691563356520629,Wilson score,0,0,0,2.1684043449710089e-19,0.0038691563356520629,Wilson score,1,989,0,0.9961308436643479,1,Wilson score,1,989,0,0.9961308436643479,1,Wilson score,0,0.010999999999999999,0,,,,,,,,,,,,,,,,,,,,,,,,,,,,,,,,,,,,,,,,,,,,,,,,,,,,,,,,,,,,,,,,,,,,,,,,,,,,,,,,,,,,,,,,,,,,,,,,,,,,,,,,,,,,,,,,,,,,,,,,,,,,,,,,,
CTGAN__LR_L2,CTGAN,LR_L2,R5_NULL,TARGET_B,0.025000000000000001,NOT_QUALIFIED,0.093139941857816697,0.093139941857816697,0.068139941857816688,far from boundary,PAIR_COMMON_SUCCESS,M2_vs_M1,M2,M2_DIAGONAL_COV_CROSSED,989,1000,0.65722952477249752,650,0.015092531467815182,0.62709137596386699,0.68615098235727778,Wilson score,0,0,0,2.1684043449710089e-19,0.0038691563356520629,Wilson score,0,0,0,2.1684043449710089e-19,0.0038691563356520629,Wilson score,0,0,0,2.1684043449710089e-19,0.0038691563356520629,Wilson score,0.65722952477249752,650,0.015092531467815182,0.62709137596386699,0.68615098235727778,Wilson score,0.34277047522750254,339,0.015092531467815183,0.31384901764272222,0.37290862403613301,Wilson score,0.34277047522750254,339,0.015092531467815183,0.31384901764272222,0.37290862403613301,Wilson score,0.65000000000000002,0.66100000000000003,0.65722952477249752,,,,,,,,,,,,,,,,,,,,,,,,,,,,,,,,,,,,,,,,,,,,,,,,,,,,,,,,,,,,,,,,,,,,,,,,,,,,,,,,,,,,,,,,,,,,,,,,,,,,,,,,,,,,,,,,,,,,,,,,,,,,,,,,,
CTGAN__LR_L2,CTGAN,LR_L2,R5_NULL,TARGET_B,0.050000000000000003,NOT_QUALIFIED,0.093139941857816697,0.093139941857816697,0.043139941857816694,intermediate,METHOD_SUCCESS,,M1,M1_FULL_COV_CROSSED,996,1000,0,0,0,2.1684043449710089e-19,0.0038420679466773643,Wilson score,0,0,0,2.1684043449710089e-19,0.0038420679466773643,Wilson score,0,0,0,2.1684043449710089e-19,0.0038420679466773643,Wilson score,0,0,0,2.1684043449710089e-19,0.0038420679466773643,Wilson score,0,0,0,2.1684043449710089e-19,0.0038420679466773643,Wilson score,1,996,0,0.99615793205332259,0.99999999999999989,Wilson score,1,996,0,0.99615793205332259,0.99999999999999989,Wilson score,0,0.0040000000000000001,0,,,,,,,,,,,,,,,,,,,,,,,,,,,,,,,,,,,,,,,,,,,,,,,,,,,,,,,,,,,,,,,,,,,,,,,,,,,,,,,,,,,,,,,,,,,,,,,,,,,,,,,,,,,,,,,,,,,,,,,,,,,,,,,,,
CTGAN__LR_L2,CTGAN,LR_L2,R5_NULL,TARGET_B,0.050000000000000003,NOT_QUALIFIED,0.093139941857816697,0.093139941857816697,0.043139941857816694,intermediate,METHOD_SUCCESS,,M2,M2_DIAGONAL_COV_CROSSED,993,1000,1,993,0,0.99614636932813894,1,Wilson score,0,0,0,0,0.0038536306718610345,Wilson score,0,0,0,0,0.0038536306718610345,Wilson score,0,0,0,0,0.0038536306718610345,Wilson score,1,993,0,0.99614636932813894,1,Wilson score,0,0,0,0,0.0038536306718610345,Wilson score,0,0,0,0,0.0038536306718610345,Wilson score,0.99299999999999999,1,1,,,,,,,,,,,,,,,,,,,,,,,,,,,,,,,,,,,,,,,,,,,,,,,,,,,,,,,,,,,,,,,,,,,,,,,,,,,,,,,,,,,,,,,,,,,,,,,,,,,,,,,,,,,,,,,,,,,,,,,,,,,,,,,,,
CTGAN__LR_L2,CTGAN,LR_L2,R5_NULL,TARGET_B,0.050000000000000003,NOT_QUALIFIED,0.093139941857816697,0.093139941857816697,0.043139941857816694,intermediate,METHOD_SUCCESS,,M3,M3_SEED_AGGREGATED,1000,1000,0,0,0,2.1684043449710089e-19,0.0038267584855551234,Wilson score,0,0,0,2.1684043449710089e-19,0.0038267584855551234,Wilson score,0,0,0,2.1684043449710089e-19,0.0038267584855551234,Wilson score,0,0,0,2.1684043449710089e-19,0.0038267584855551234,Wilson score,0,0,0,2.1684043449710089e-19,0.0038267584855551234,Wilson score,1,1000,0,0.99617324151444497,1,Wilson score,1,1000,0,0.99617324151444497,1,Wilson score,0,0,0,,,,,,,,,,,,,,,,,,,,,,,,,,,,,,,,,,,,,,,,,,,,,,,,,,,,,,,,,,,,,,,,,,,,,,,,,,,,,,,,,,,,,,,,,,,,,,,,,,,,,,,,,,,,,,,,,,,,,,,,,,,,,,,,,
CTGAN__LR_L2,CTGAN,LR_L2,R5_NULL,TARGET_B,0.050000000000000003,NOT_QUALIFIED,0.093139941857816697,0.093139941857816697,0.043139941857816694,intermediate,METHOD_SUCCESS,,M4,M4_SINGLE_REALIZATION,1000,1000,0.01,10,0.0031464265445104549,0.0054407544455292488,0.018309468870314774,Wilson score,0,0,0,2.1684043449710089e-19,0.0038267584855551234,Wilson score,0,0,0,2.1684043449710089e-19,0.0038267584855551234,Wilson score,0,0,0,2.1684043449710089e-19,0.0038267584855551234,Wilson score,0.01,10,0.0031464265445104549,0.0054407544455292488,0.018309468870314774,Wilson score,0.98999999999999999,990,0.0031464265445104562,0.9816905311296853,0.99455924555447073,Wilson score,0.98999999999999999,990,0.0031464265445104562,0.9816905311296853,0.99455924555447073,Wilson score,0.01,0.01,0.010000000000000009,,,,,,,,,,,,,,,,,,,,,,,,,,,,,,,,,,,,,,,,,,,,,,,,,,,,,,,,,,,,,,,,,,,,,,,,,,,,,,,,,,,,,,,,,,,,,,,,,,,,,,,,,,,,,,,,,,,,,,,,,,,,,,,,,
CTGAN__LR_L2,CTGAN,LR_L2,R5_NULL,TARGET_B,0.050000000000000003,NOT_QUALIFIED,0.093139941857816697,0.093139941857816697,0.043139941857816694,intermediate,PAIR_COMMON_SUCCESS,M4_vs_M1,M1,M1_FULL_COV_CROSSED,996,1000,0,0,0,2.1684043449710089e-19,0.0038420679466773643,Wilson score,0,0,0,2.1684043449710089e-19,0.0038420679466773643,Wilson score,0,0,0,2.1684043449710089e-19,0.0038420679466773643,Wilson score,0,0,0,2.1684043449710089e-19,0.0038420679466773643,Wilson score,0,0,0,2.1684043449710089e-19,0.0038420679466773643,Wilson score,1,996,0,0.99615793205332259,0.99999999999999989,Wilson score,1,996,0,0.99615793205332259,0.99999999999999989,Wilson score,0,0.0040000000000000001,0,,,,,,,,,,,,,,,,,,,,,,,,,,,,,,,,,,,,,,,,,,,,,,,,,,,,,,,,,,,,,,,,,,,,,,,,,,,,,,,,,,,,,,,,,,,,,,,,,,,,,,,,,,,,,,,,,,,,,,,,,,,,,,,,,
CTGAN__LR_L2,CTGAN,LR_L2,R5_NULL,TARGET_B,0.050000000000000003,NOT_QUALIFIED,0.093139941857816697,0.093139941857816697,0.043139941857816694,intermediate,PAIR_COMMON_SUCCESS,M4_vs_M1,M4,M4_SINGLE_REALIZATION,996,1000,0.010040160642570281,10,0.0031589987192899537,0.0054626403595897585,0.018382598913459548,Wilson score,0,0,0,2.1684043449710089e-19,0.0038420679466773643,Wilson score,0,0,0,2.1684043449710089e-19,0.0038420679466773643,Wilson score,0,0,0,2.1684043449710089e-19,0.0038420679466773643,Wilson score,0.010040160642570281,10,0.0031589987192899537,0.0054626403595897585,0.018382598913459548,Wilson score,0.98995983935742971,986,0.0031589987192899558,0.9816174010865405,0.99453735964041023,Wilson score,0.98995983935742971,986,0.0031589987192899558,0.9816174010865405,0.99453735964041023,Wilson score,0.01,0.014,0.010040160642570295,,,,,,,,,,,,,,,,,,,,,,,,,,,,,,,,,,,,,,,,,,,,,,,,,,,,,,,,,,,,,,,,,,,,,,,,,,,,,,,,,,,,,,,,,,,,,,,,,,,,,,,,,,,,,,,,,,,,,,,,,,,,,,,,,
CTGAN__LR_L2,CTGAN,LR_L2,R5_NULL,TARGET_B,0.050000000000000003,NOT_QUALIFIED,0.093139941857816697,0.093139941857816697,0.043139941857816694,intermediate,PAIR_COMMON_SUCCESS,M3_vs_M1,M1,M1_FULL_COV_CROSSED,996,1000,0,0,0,2.1684043449710089e-19,0.0038420679466773643,Wilson score,0,0,0,2.1684043449710089e-19,0.0038420679466773643,Wilson score,0,0,0,2.1684043449710089e-19,0.0038420679466773643,Wilson score,0,0,0,2.1684043449710089e-19,0.0038420679466773643,Wilson score,0,0,0,2.1684043449710089e-19,0.0038420679466773643,Wilson score,1,996,0,0.99615793205332259,0.99999999999999989,Wilson score,1,996,0,0.99615793205332259,0.99999999999999989,Wilson score,0,0.0040000000000000001,0,,,,,,,,,,,,,,,,,,,,,,,,,,,,,,,,,,,,,,,,,,,,,,,,,,,,,,,,,,,,,,,,,,,,,,,,,,,,,,,,,,,,,,,,,,,,,,,,,,,,,,,,,,,,,,,,,,,,,,,,,,,,,,,,,
CTGAN__LR_L2,CTGAN,LR_L2,R5_NULL,TARGET_B,0.050000000000000003,NOT_QUALIFIED,0.093139941857816697,0.093139941857816697,0.043139941857816694,intermediate,PAIR_COMMON_SUCCESS,M3_vs_M1,M3,M3_SEED_AGGREGATED,996,1000,0,0,0,2.1684043449710089e-19,0.0038420679466773643,Wilson score,0,0,0,2.1684043449710089e-19,0.0038420679466773643,Wilson score,0,0,0,2.1684043449710089e-19,0.0038420679466773643,Wilson score,0,0,0,2.1684043449710089e-19,0.0038420679466773643,Wilson score,0,0,0,2.1684043449710089e-19,0.0038420679466773643,Wilson score,1,996,0,0.99615793205332259,0.99999999999999989,Wilson score,1,996,0,0.99615793205332259,0.99999999999999989,Wilson score,0,0.0040000000000000001,0,,,,,,,,,,,,,,,,,,,,,,,,,,,,,,,,,,,,,,,,,,,,,,,,,,,,,,,,,,,,,,,,,,,,,,,,,,,,,,,,,,,,,,,,,,,,,,,,,,,,,,,,,,,,,,,,,,,,,,,,,,,,,,,,,
CTGAN__LR_L2,CTGAN,LR_L2,R5_NULL,TARGET_B,0.050000000000000003,NOT_QUALIFIED,0.093139941857816697,0.093139941857816697,0.043139941857816694,intermediate,PAIR_COMMON_SUCCESS,M2_vs_M1,M1,M1_FULL_COV_CROSSED,989,1000,0,0,0,2.1684043449710089e-19,0.0038691563356520629,Wilson score,0,0,0,2.1684043449710089e-19,0.0038691563356520629,Wilson score,0,0,0,2.1684043449710089e-19,0.0038691563356520629,Wilson score,0,0,0,2.1684043449710089e-19,0.0038691563356520629,Wilson score,0,0,0,2.1684043449710089e-19,0.0038691563356520629,Wilson score,1,989,0,0.9961308436643479,1,Wilson score,1,989,0,0.9961308436643479,1,Wilson score,0,0.010999999999999999,0,,,,,,,,,,,,,,,,,,,,,,,,,,,,,,,,,,,,,,,,,,,,,,,,,,,,,,,,,,,,,,,,,,,,,,,,,,,,,,,,,,,,,,,,,,,,,,,,,,,,,,,,,,,,,,,,,,,,,,,,,,,,,,,,,
CTGAN__LR_L2,CTGAN,LR_L2,R5_NULL,TARGET_B,0.050000000000000003,NOT_QUALIFIED,0.093139941857816697,0.093139941857816697,0.043139941857816694,intermediate,PAIR_COMMON_SUCCESS,M2_vs_M1,M2,M2_DIAGONAL_COV_CROSSED,989,1000,1,989,0,0.9961308436643479,1,Wilson score,0,0,0,2.1684043449710089e-19,0.0038691563356520629,Wilson score,0,0,0,2.1684043449710089e-19,0.0038691563356520629,Wilson score,0,0,0,2.1684043449710089e-19,0.0038691563356520629,Wilson score,1,989,0,0.9961308436643479,1,Wilson score,0,0,0,2.1684043449710089e-19,0.0038691563356520629,Wilson score,0,0,0,2.1684043449710089e-19,0.0038691563356520629,Wilson score,0.98899999999999999,1,1,,,,,,,,,,,,,,,,,,,,,,,,,,,,,,,,,,,,,,,,,,,,,,,,,,,,,,,,,,,,,,,,,,,,,,,,,,,,,,,,,,,,,,,,,,,,,,,,,,,,,,,,,,,,,,,,,,,,,,,,,,,,,,,,,
CTGAN__LR_L2,CTGAN,LR_L2,R5_NULL,TARGET_B,0.10000000000000001,QUALIFIED,0.093139941857816697,0.093139941857816697,0.006860058142183309,near boundary,METHOD_SUCCESS,,M1,M1_FULL_COV_CROSSED,996,1000,0.41265060240963858,411,0.015599469752746996,0.38246875144451747,0.44350365801604669,Wilson score,0,0,0,2.1684043449710089e-19,0.0038420679466773643,Wilson score,0,0,0,2.1684043449710089e-19,0.0038420679466773643,Wilson score,0,0,0,2.1684043449710089e-19,0.0038420679466773643,Wilson score,0.41265060240963858,411,0.015599469752746996,0.38246875144451747,0.44350365801604669,Wilson score,0.58734939759036142,585,0.015599469752746996,0.55649634198395326,0.61753124855548247,Wilson score,0.58734939759036142,585,0.015599469752746996,0.55649634198395326,0.61753124855548247,Wilson score,0.41099999999999998,0.41499999999999998,0.41265060240963858,,,,,,,,,,,,,,,,,,,,,,,,,,,,,,,,,,,,,,,,,,,,,,,,,,,,,,,,,,,,,,,,,,,,,,,,,,,,,,,,,,,,,,,,,,,,,,,,,,,,,,,,,,,,,,,,,,,,,,,,,,,,,,,,,
CTGAN__LR_L2,CTGAN,LR_L2,R5_NULL,TARGET_B,0.10000000000000001,QUALIFIED,0.093139941857816697,0.093139941857816697,0.006860058142183309,near boundary,METHOD_SUCCESS,,M2,M2_DIAGONAL_COV_CROSSED,993,1000,1,993,0,0.99614636932813894,1,Wilson score,0,0,0,0,0.0038536306718610345,Wilson score,0,0,0,0,0.0038536306718610345,Wilson score,0,0,0,0,0.0038536306718610345,Wilson score,1,993,0,0.99614636932813894,1,Wilson score,0,0,0,0,0.0038536306718610345,Wilson score,0,0,0,0,0.0038536306718610345,Wilson score,0.99299999999999999,1,1,,,,,,,,,,,,,,,,,,,,,,,,,,,,,,,,,,,,,,,,,,,,,,,,,,,,,,,,,,,,,,,,,,,,,,,,,,,,,,,,,,,,,,,,,,,,,,,,,,,,,,,,,,,,,,,,,,,,,,,,,,,,,,,,,
CTGAN__LR_L2,CTGAN,LR_L2,R5_NULL,TARGET_B,0.10000000000000001,QUALIFIED,0.093139941857816697,0.093139941857816697,0.006860058142183309,near boundary,METHOD_SUCCESS,,M3,M3_SEED_AGGREGATED,1000,1000,0.61199999999999999,612,0.015409607392792329,0.58142392457642111,0.64171888152281442,Wilson score,0,0,0,2.1684043449710089e-19,0.0038267584855551234,Wilson score,0,0,0,2.1684043449710089e-19,0.0038267584855551234,Wilson score,0,0,0,2.1684043449710089e-19,0.0038267584855551234,Wilson score,0.61199999999999999,612,0.015409607392792329,0.58142392457642111,0.64171888152281442,Wilson score,0.38800000000000001,388,0.015409607392792329,0.35828111847718552,0.41857607542357883,Wilson score,0.38800000000000001,388,0.015409607392792329,0.35828111847718552,0.41857607542357883,Wilson score,0.61199999999999999,0.61199999999999999,0.61199999999999999,,,,,,,,,,,,,,,,,,,,,,,,,,,,,,,,,,,,,,,,,,,,,,,,,,,,,,,,,,,,,,,,,,,,,,,,,,,,,,,,,,,,,,,,,,,,,,,,,,,,,,,,,,,,,,,,,,,,,,,,,,,,,,,,,
CTGAN__LR_L2,CTGAN,LR_L2,R5_NULL,TARGET_B,0.10000000000000001,QUALIFIED,0.093139941857816697,0.093139941857816697,0.006860058142183309,near boundary,METHOD_SUCCESS,,M4,M4_SINGLE_REALIZATION,1000,1000,0.72499999999999998,725,0.014120021246442939,0.6965038327040266,0.75177412597747362,Wilson score,0,0,0,2.1684043449710089e-19,0.0038267584855551234,Wilson score,0,0,0,2.1684043449710089e-19,0.0038267584855551234,Wilson score,0,0,0,2.1684043449710089e-19,0.0038267584855551234,Wilson score,0.72499999999999998,725,0.014120021246442939,0.6965038327040266,0.75177412597747362,Wilson score,0.27500000000000002,275,0.014120021246442939,0.24822587402252644,0.30349616729597334,Wilson score,0.27500000000000002,275,0.014120021246442939,0.24822587402252644,0.30349616729597334,Wilson score,0.72499999999999998,0.72499999999999998,0.72499999999999998,,,,,,,,,,,,,,,,,,,,,,,,,,,,,,,,,,,,,,,,,,,,,,,,,,,,,,,,,,,,,,,,,,,,,,,,,,,,,,,,,,,,,,,,,,,,,,,,,,,,,,,,,,,,,,,,,,,,,,,,,,,,,,,,,
CTGAN__LR_L2,CTGAN,LR_L2,R5_NULL,TARGET_B,0.10000000000000001,QUALIFIED,0.093139941857816697,0.093139941857816697,0.006860058142183309,near boundary,PAIR_COMMON_SUCCESS,M4_vs_M1,M1,M1_FULL_COV_CROSSED,996,1000,0.41265060240963858,411,0.015599469752746996,0.38246875144451747,0.44350365801604669,Wilson score,0,0,0,2.1684043449710089e-19,0.0038420679466773643,Wilson score,0,0,0,2.1684043449710089e-19,0.0038420679466773643,Wilson score,0,0,0,2.1684043449710089e-19,0.0038420679466773643,Wilson score,0.41265060240963858,411,0.015599469752746996,0.38246875144451747,0.44350365801604669,Wilson score,0.58734939759036142,585,0.015599469752746996,0.55649634198395326,0.61753124855548247,Wilson score,0.58734939759036142,585,0.015599469752746996,0.55649634198395326,0.61753124855548247,Wilson score,0.41099999999999998,0.41499999999999998,0.41265060240963858,,,,,,,,,,,,,,,,,,,,,,,,,,,,,,,,,,,,,,,,,,,,,,,,,,,,,,,,,,,,,,,,,,,,,,,,,,,,,,,,,,,,,,,,,,,,,,,,,,,,,,,,,,,,,,,,,,,,,,,,,,,,,,,,,
CTGAN__LR_L2,CTGAN,LR_L2,R5_NULL,TARGET_B,0.10000000000000001,QUALIFIED,0.093139941857816697,0.093139941857816697,0.006860058142183309,near boundary,PAIR_COMMON_SUCCESS,M4_vs_M1,M4,M4_SINGLE_REALIZATION,996,1000,0.72489959839357432,722,0.014149948934955787,0.69634197305504475,0.75172906465568679,Wilson score,0,0,0,2.1684043449710089e-19,0.0038420679466773643,Wilson score,0,0,0,2.1684043449710089e-19,0.0038420679466773643,Wilson score,0,0,0,2.1684043449710089e-19,0.0038420679466773643,Wilson score,0.72489959839357432,722,0.014149948934955787,0.69634197305504475,0.75172906465568679,Wilson score,0.27510040160642568,274,0.014149948934955787,0.24827093534431316,0.30365802694495531,Wilson score,0.27510040160642568,274,0.014149948934955787,0.24827093534431316,0.30365802694495531,Wilson score,0.72199999999999998,0.72599999999999998,0.72489959839357432,,,,,,,,,,,,,,,,,,,,,,,,,,,,,,,,,,,,,,,,,,,,,,,,,,,,,,,,,,,,,,,,,,,,,,,,,,,,,,,,,,,,,,,,,,,,,,,,,,,,,,,,,,,,,,,,,,,,,,,,,,,,,,,,,
CTGAN__LR_L2,CTGAN,LR_L2,R5_NULL,TARGET_B,0.10000000000000001,QUALIFIED,0.093139941857816697,0.093139941857816697,0.006860058142183309,near boundary,PAIR_COMMON_SUCCESS,M3_vs_M1,M1,M1_FULL_COV_CROSSED,996,1000,0.41265060240963858,411,0.015599469752746996,0.38246875144451747,0.44350365801604669,Wilson score,0,0,0,2.1684043449710089e-19,0.0038420679466773643,Wilson score,0,0,0,2.1684043449710089e-19,0.0038420679466773643,Wilson score,0,0,0,2.1684043449710089e-19,0.0038420679466773643,Wilson score,0.41265060240963858,411,0.015599469752746996,0.38246875144451747,0.44350365801604669,Wilson score,0.58734939759036142,585,0.015599469752746996,0.55649634198395326,0.61753124855548247,Wilson score,0.58734939759036142,585,0.015599469752746996,0.55649634198395326,0.61753124855548247,Wilson score,0.41099999999999998,0.41499999999999998,0.41265060240963858,,,,,,,,,,,,,,,,,,,,,,,,,,,,,,,,,,,,,,,,,,,,,,,,,,,,,,,,,,,,,,,,,,,,,,,,,,,,,,,,,,,,,,,,,,,,,,,,,,,,,,,,,,,,,,,,,,,,,,,,,,,,,,,,,
CTGAN__LR_L2,CTGAN,LR_L2,R5_NULL,TARGET_B,0.10000000000000001,QUALIFIED,0.093139941857816697,0.093139941857816697,0.006860058142183309,near boundary,PAIR_COMMON_SUCCESS,M3_vs_M1,M3,M3_SEED_AGGREGATED,996,1000,0.6124497991967871,610,0.015437236662163888,0.58181642071976081,0.64221909813560474,Wilson score,0,0,0,2.1684043449710089e-19,0.0038420679466773643,Wilson score,0,0,0,2.1684043449710089e-19,0.0038420679466773643,Wilson score,0,0,0,2.1684043449710089e-19,0.0038420679466773643,Wilson score,0.6124497991967871,610,0.015437236662163888,0.58181642071976081,0.64221909813560474,Wilson score,0.38755020080321284,386,0.015437236662163888,0.35778090186439515,0.41818357928023908,Wilson score,0.38755020080321284,386,0.015437236662163888,0.35778090186439515,0.41818357928023908,Wilson score,0.60999999999999999,0.61399999999999999,0.61244979919678721,,,,,,,,,,,,,,,,,,,,,,,,,,,,,,,,,,,,,,,,,,,,,,,,,,,,,,,,,,,,,,,,,,,,,,,,,,,,,,,,,,,,,,,,,,,,,,,,,,,,,,,,,,,,,,,,,,,,,,,,,,,,,,,,,
CTGAN__LR_L2,CTGAN,LR_L2,R5_NULL,TARGET_B,0.10000000000000001,QUALIFIED,0.093139941857816697,0.093139941857816697,0.006860058142183309,near boundary,PAIR_COMMON_SUCCESS,M2_vs_M1,M1,M1_FULL_COV_CROSSED,989,1000,0.4115267947421638,407,0.015648195364036919,0.38125668888957631,0.44248153392006895,Wilson score,0,0,0,2.1684043449710089e-19,0.0038691563356520629,Wilson score,0,0,0,2.1684043449710089e-19,0.0038691563356520629,Wilson score,0,0,0,2.1684043449710089e-19,0.0038691563356520629,Wilson score,0.4115267947421638,407,0.015648195364036919,0.38125668888957631,0.44248153392006895,Wilson score,0.5884732052578362,582,0.015648195364036919,0.55751846607993105,0.61874331111042369,Wilson score,0.5884732052578362,582,0.015648195364036919,0.55751846607993105,0.61874331111042369,Wilson score,0.40699999999999997,0.41799999999999998,0.4115267947421638,,,,,,,,,,,,,,,,,,,,,,,,,,,,,,,,,,,,,,,,,,,,,,,,,,,,,,,,,,,,,,,,,,,,,,,,,,,,,,,,,,,,,,,,,,,,,,,,,,,,,,,,,,,,,,,,,,,,,,,,,,,,,,,,,
CTGAN__LR_L2,CTGAN,LR_L2,R5_NULL,TARGET_B,0.10000000000000001,QUALIFIED,0.093139941857816697,0.093139941857816697,0.006860058142183309,near boundary,PAIR_COMMON_SUCCESS,M2_vs_M1,M2,M2_DIAGONAL_COV_CROSSED,989,1000,1,989,0,0.9961308436643479,1,Wilson score,0,0,0,2.1684043449710089e-19,0.0038691563356520629,Wilson score,0,0,0,2.1684043449710089e-19,0.0038691563356520629,Wilson score,0,0,0,2.1684043449710089e-19,0.0038691563356520629,Wilson score,1,989,0,0.9961308436643479,1,Wilson score,0,0,0,2.1684043449710089e-19,0.0038691563356520629,Wilson score,0,0,0,2.1684043449710089e-19,0.0038691563356520629,Wilson score,0.98899999999999999,1,1,,,,,,,,,,,,,,,,,,,,,,,,,,,,,,,,,,,,,,,,,,,,,,,,,,,,,,,,,,,,,,,,,,,,,,,,,,,,,,,,,,,,,,,,,,,,,,,,,,,,,,,,,,,,,,,,,,,,,,,,,,,,,,,,,
CTGAN__LR_L2,CTGAN,LR_L2,R5_NULL,TARGET_B,0.20000000000000001,QUALIFIED,0.093139941857816697,0.093139941857816697,0.10686005814218331,far from boundary,METHOD_SUCCESS,,M1,M1_FULL_COV_CROSSED,996,1000,0,0,0,2.1684043449710089e-19,0.0038420679466773643,Wilson score,0,0,0,2.1684043449710089e-19,0.0038420679466773643,Wilson score,0,0,0,2.1684043449710089e-19,0.0038420679466773643,Wilson score,0,0,0,2.1684043449710089e-19,0.0038420679466773643,Wilson score,0,0,0,2.1684043449710089e-19,0.0038420679466773643,Wilson score,1,996,0,0.99615793205332259,0.99999999999999989,Wilson score,1,996,0,0.99615793205332259,0.99999999999999989,Wilson score,0,0.0040000000000000001,0,,,,,,,,,,,,,,,,,,,,,,,,,,,,,,,,,,,,,,,,,,,,,,,,,,,,,,,,,,,,,,,,,,,,,,,,,,,,,,,,,,,,,,,,,,,,,,,,,,,,,,,,,,,,,,,,,,,,,,,,,,,,,,,,,
CTGAN__LR_L2,CTGAN,LR_L2,R5_NULL,TARGET_B,0.20000000000000001,QUALIFIED,0.093139941857816697,0.093139941857816697,0.10686005814218331,far from boundary,METHOD_SUCCESS,,M2,M2_DIAGONAL_COV_CROSSED,993,1000,0,0,0,0,0.0038536306718610345,Wilson score,0,0,0,0,0.0038536306718610345,Wilson score,0,0,0,0,0.0038536306718610345,Wilson score,0,0,0,0,0.0038536306718610345,Wilson score,0,0,0,0,0.0038536306718610345,Wilson score,1,993,0,0.99614636932813894,1,Wilson score,1,993,0,0.99614636932813894,1,Wilson score,0,0.0070000000000000001,0,,,,,,,,,,,,,,,,,,,,,,,,,,,,,,,,,,,,,,,,,,,,,,,,,,,,,,,,,,,,,,,,,,,,,,,,,,,,,,,,,,,,,,,,,,,,,,,,,,,,,,,,,,,,,,,,,,,,,,,,,,,,,,,,,
CTGAN__LR_L2,CTGAN,LR_L2,R5_NULL,TARGET_B,0.20000000000000001,QUALIFIED,0.093139941857816697,0.093139941857816697,0.10686005814218331,far from boundary,METHOD_SUCCESS,,M3,M3_SEED_AGGREGATED,1000,1000,0,0,0,2.1684043449710089e-19,0.0038267584855551234,Wilson score,0,0,0,2.1684043449710089e-19,0.0038267584855551234,Wilson score,0,0,0,2.1684043449710089e-19,0.0038267584855551234,Wilson score,0,0,0,2.1684043449710089e-19,0.0038267584855551234,Wilson score,0,0,0,2.1684043449710089e-19,0.0038267584855551234,Wilson score,1,1000,0,0.99617324151444497,1,Wilson score,1,1000,0,0.99617324151444497,1,Wilson score,0,0,0,,,,,,,,,,,,,,,,,,,,,,,,,,,,,,,,,,,,,,,,,,,,,,,,,,,,,,,,,,,,,,,,,,,,,,,,,,,,,,,,,,,,,,,,,,,,,,,,,,,,,,,,,,,,,,,,,,,,,,,,,,,,,,,,,
CTGAN__LR_L2,CTGAN,LR_L2,R5_NULL,TARGET_B,0.20000000000000001,QUALIFIED,0.093139941857816697,0.093139941857816697,0.10686005814218331,far from boundary,METHOD_SUCCESS,,M4,M4_SINGLE_REALIZATION,1000,1000,0,0,0,2.1684043449710089e-19,0.0038267584855551234,Wilson score,0,0,0,2.1684043449710089e-19,0.0038267584855551234,Wilson score,0,0,0,2.1684043449710089e-19,0.0038267584855551234,Wilson score,0,0,0,2.1684043449710089e-19,0.0038267584855551234,Wilson score,0,0,0,2.1684043449710089e-19,0.0038267584855551234,Wilson score,1,1000,0,0.99617324151444497,1,Wilson score,1,1000,0,0.99617324151444497,1,Wilson score,0,0,0,,,,,,,,,,,,,,,,,,,,,,,,,,,,,,,,,,,,,,,,,,,,,,,,,,,,,,,,,,,,,,,,,,,,,,,,,,,,,,,,,,,,,,,,,,,,,,,,,,,,,,,,,,,,,,,,,,,,,,,,,,,,,,,,,
CTGAN__LR_L2,CTGAN,LR_L2,R5_NULL,TARGET_B,0.20000000000000001,QUALIFIED,0.093139941857816697,0.093139941857816697,0.10686005814218331,far from boundary,PAIR_COMMON_SUCCESS,M4_vs_M1,M1,M1_FULL_COV_CROSSED,996,1000,0,0,0,2.1684043449710089e-19,0.0038420679466773643,Wilson score,0,0,0,2.1684043449710089e-19,0.0038420679466773643,Wilson score,0,0,0,2.1684043449710089e-19,0.0038420679466773643,Wilson score,0,0,0,2.1684043449710089e-19,0.0038420679466773643,Wilson score,0,0,0,2.1684043449710089e-19,0.0038420679466773643,Wilson score,1,996,0,0.99615793205332259,0.99999999999999989,Wilson score,1,996,0,0.99615793205332259,0.99999999999999989,Wilson score,0,0.0040000000000000001,0,,,,,,,,,,,,,,,,,,,,,,,,,,,,,,,,,,,,,,,,,,,,,,,,,,,,,,,,,,,,,,,,,,,,,,,,,,,,,,,,,,,,,,,,,,,,,,,,,,,,,,,,,,,,,,,,,,,,,,,,,,,,,,,,,
CTGAN__LR_L2,CTGAN,LR_L2,R5_NULL,TARGET_B,0.20000000000000001,QUALIFIED,0.093139941857816697,0.093139941857816697,0.10686005814218331,far from boundary,PAIR_COMMON_SUCCESS,M4_vs_M1,M4,M4_SINGLE_REALIZATION,996,1000,0,0,0,2.1684043449710089e-19,0.0038420679466773643,Wilson score,0,0,0,2.1684043449710089e-19,0.0038420679466773643,Wilson score,0,0,0,2.1684043449710089e-19,0.0038420679466773643,Wilson score,0,0,0,2.1684043449710089e-19,0.0038420679466773643,Wilson score,0,0,0,2.1684043449710089e-19,0.0038420679466773643,Wilson score,1,996,0,0.99615793205332259,0.99999999999999989,Wilson score,1,996,0,0.99615793205332259,0.99999999999999989,Wilson score,0,0.0040000000000000001,0,,,,,,,,,,,,,,,,,,,,,,,,,,,,,,,,,,,,,,,,,,,,,,,,,,,,,,,,,,,,,,,,,,,,,,,,,,,,,,,,,,,,,,,,,,,,,,,,,,,,,,,,,,,,,,,,,,,,,,,,,,,,,,,,,
CTGAN__LR_L2,CTGAN,LR_L2,R5_NULL,TARGET_B,0.20000000000000001,QUALIFIED,0.093139941857816697,0.093139941857816697,0.10686005814218331,far from boundary,PAIR_COMMON_SUCCESS,M3_vs_M1,M1,M1_FULL_COV_CROSSED,996,1000,0,0,0,2.1684043449710089e-19,0.0038420679466773643,Wilson score,0,0,0,2.1684043449710089e-19,0.0038420679466773643,Wilson score,0,0,0,2.1684043449710089e-19,0.0038420679466773643,Wilson score,0,0,0,2.1684043449710089e-19,0.0038420679466773643,Wilson score,0,0,0,2.1684043449710089e-19,0.0038420679466773643,Wilson score,1,996,0,0.99615793205332259,0.99999999999999989,Wilson score,1,996,0,0.99615793205332259,0.99999999999999989,Wilson score,0,0.0040000000000000001,0,,,,,,,,,,,,,,,,,,,,,,,,,,,,,,,,,,,,,,,,,,,,,,,,,,,,,,,,,,,,,,,,,,,,,,,,,,,,,,,,,,,,,,,,,,,,,,,,,,,,,,,,,,,,,,,,,,,,,,,,,,,,,,,,,
CTGAN__LR_L2,CTGAN,LR_L2,R5_NULL,TARGET_B,0.20000000000000001,QUALIFIED,0.093139941857816697,0.093139941857816697,0.10686005814218331,far from boundary,PAIR_COMMON_SUCCESS,M3_vs_M1,M3,M3_SEED_AGGREGATED,996,1000,0,0,0,2.1684043449710089e-19,0.0038420679466773643,Wilson score,0,0,0,2.1684043449710089e-19,0.0038420679466773643,Wilson score,0,0,0,2.1684043449710089e-19,0.0038420679466773643,Wilson score,0,0,0,2.1684043449710089e-19,0.0038420679466773643,Wilson score,0,0,0,2.1684043449710089e-19,0.0038420679466773643,Wilson score,1,996,0,0.99615793205332259,0.99999999999999989,Wilson score,1,996,0,0.99615793205332259,0.99999999999999989,Wilson score,0,0.0040000000000000001,0,,,,,,,,,,,,,,,,,,,,,,,,,,,,,,,,,,,,,,,,,,,,,,,,,,,,,,,,,,,,,,,,,,,,,,,,,,,,,,,,,,,,,,,,,,,,,,,,,,,,,,,,,,,,,,,,,,,,,,,,,,,,,,,,,
CTGAN__LR_L2,CTGAN,LR_L2,R5_NULL,TARGET_B,0.20000000000000001,QUALIFIED,0.093139941857816697,0.093139941857816697,0.10686005814218331,far from boundary,PAIR_COMMON_SUCCESS,M2_vs_M1,M1,M1_FULL_COV_CROSSED,989,1000,0,0,0,2.1684043449710089e-19,0.0038691563356520629,Wilson score,0,0,0,2.1684043449710089e-19,0.0038691563356520629,Wilson score,0,0,0,2.1684043449710089e-19,0.0038691563356520629,Wilson score,0,0,0,2.1684043449710089e-19,0.0038691563356520629,Wilson score,0,0,0,2.1684043449710089e-19,0.0038691563356520629,Wilson score,1,989,0,0.9961308436643479,1,Wilson score,1,989,0,0.9961308436643479,1,Wilson score,0,0.010999999999999999,0,,,,,,,,,,,,,,,,,,,,,,,,,,,,,,,,,,,,,,,,,,,,,,,,,,,,,,,,,,,,,,,,,,,,,,,,,,,,,,,,,,,,,,,,,,,,,,,,,,,,,,,,,,,,,,,,,,,,,,,,,,,,,,,,,
CTGAN__LR_L2,CTGAN,LR_L2,R5_NULL,TARGET_B,0.20000000000000001,QUALIFIED,0.093139941857816697,0.093139941857816697,0.10686005814218331,far from boundary,PAIR_COMMON_SUCCESS,M2_vs_M1,M2,M2_DIAGONAL_COV_CROSSED,989,1000,0,0,0,2.1684043449710089e-19,0.0038691563356520629,Wilson score,0,0,0,2.1684043449710089e-19,0.0038691563356520629,Wilson score,0,0,0,2.1684043449710089e-19,0.0038691563356520629,Wilson score,0,0,0,2.1684043449710089e-19,0.0038691563356520629,Wilson score,0,0,0,2.1684043449710089e-19,0.0038691563356520629,Wilson score,1,989,0,0.9961308436643479,1,Wilson score,1,989,0,0.9961308436643479,1,Wilson score,0,0.010999999999999999,0,,,,,,,,,,,,,,,,,,,,,,,,,,,,,,,,,,,,,,,,,,,,,,,,,,,,,,,,,,,,,,,,,,,,,,,,,,,,,,,,,,,,,,,,,,,,,,,,,,,,,,,,,,,,,,,,,,,,,,,,,,,,,,,,,
CTGAN__LR_L2,CTGAN,LR_L2,R5_NULL,TARGET_A,0.025000000000000001,NOT_QUALIFIED,0.093139941857816697,0.093139941857816697,0.068139941857816688,far from boundary,METHOD_SUCCESS,,M1,M1_FULL_COV_CROSSED,996,1000,0,0,0,2.1684043449710089e-19,0.0038420679466773643,Wilson score,0,0,0,2.1684043449710089e-19,0.0038420679466773643,Wilson score,0,0,0,2.1684043449710089e-19,0.0038420679466773643,Wilson score,0,0,0,2.1684043449710089e-19,0.0038420679466773643,Wilson score,0,0,0,2.1684043449710089e-19,0.0038420679466773643,Wilson score,1,996,0,0.99615793205332259,0.99999999999999989,Wilson score,1,996,0,0.99615793205332259,0.99999999999999989,Wilson score,0,0.0040000000000000001,0,,,,,,,,,,,,,,,,,,,,,,,,,,,,,,,,,,,,,,,,,,,,,,,,,,,,,,,,,,,,,,,,,,,,,,,,,,,,,,,,,,,,,,,,,,,,,,,,,,,,,,,,,,,,,,,,,,,,,,,,,,,,,,,,,
CTGAN__LR_L2,CTGAN,LR_L2,R5_NULL,TARGET_A,0.025000000000000001,NOT_QUALIFIED,0.093139941857816697,0.093139941857816697,0.068139941857816688,far from boundary,METHOD_SUCCESS,,M2,M2_DIAGONAL_COV_CROSSED,993,1000,0.65760322255790538,653,0.01505816932710446,0.62753306974053613,0.68645868615040806,Wilson score,0,0,0,0,0.0038536306718610345,Wilson score,0,0,0,0,0.0038536306718610345,Wilson score,0,0,0,0,0.0038536306718610345,Wilson score,0.65760322255790538,653,0.01505816932710446,0.62753306974053613,0.68645868615040806,Wilson score,0.34239677744209468,340,0.015058169327104461,0.313541313849592,0.37246693025946392,Wilson score,0.34239677744209468,340,0.015058169327104461,0.313541313849592,0.37246693025946392,Wilson score,0.65300000000000002,0.66000000000000003,0.65760322255790538,,,,,,,,,,,,,,,,,,,,,,,,,,,,,,,,,,,,,,,,,,,,,,,,,,,,,,,,,,,,,,,,,,,,,,,,,,,,,,,,,,,,,,,,,,,,,,,,,,,,,,,,,,,,,,,,,,,,,,,,,,,,,,,,,
CTGAN__LR_L2,CTGAN,LR_L2,R5_NULL,TARGET_A,0.025000000000000001,NOT_QUALIFIED,0.093139941857816697,0.093139941857816697,0.068139941857816688,far from boundary,METHOD_SUCCESS,,M3,M3_SEED_AGGREGATED,1000,1000,0,0,0,2.1684043449710089e-19,0.0038267584855551234,Wilson score,0,0,0,2.1684043449710089e-19,0.0038267584855551234,Wilson score,0,0,0,2.1684043449710089e-19,0.0038267584855551234,Wilson score,0,0,0,2.1684043449710089e-19,0.0038267584855551234,Wilson score,0,0,0,2.1684043449710089e-19,0.0038267584855551234,Wilson score,1,1000,0,0.99617324151444497,1,Wilson score,1,1000,0,0.99617324151444497,1,Wilson score,0,0,0,,,,,,,,,,,,,,,,,,,,,,,,,,,,,,,,,,,,,,,,,,,,,,,,,,,,,,,,,,,,,,,,,,,,,,,,,,,,,,,,,,,,,,,,,,,,,,,,,,,,,,,,,,,,,,,,,,,,,,,,,,,,,,,,,
CTGAN__LR_L2,CTGAN,LR_L2,R5_NULL,TARGET_A,0.025000000000000001,NOT_QUALIFIED,0.093139941857816697,0.093139941857816697,0.068139941857816688,far from boundary,METHOD_SUCCESS,,M4,M4_SINGLE_REALIZATION,1000,1000,0,0,0,2.1684043449710089e-19,0.0038267584855551234,Wilson score,0,0,0,2.1684043449710089e-19,0.0038267584855551234,Wilson score,0,0,0,2.1684043449710089e-19,0.0038267584855551234,Wilson score,0,0,0,2.1684043449710089e-19,0.0038267584855551234,Wilson score,0,0,0,2.1684043449710089e-19,0.0038267584855551234,Wilson score,1,1000,0,0.99617324151444497,1,Wilson score,1,1000,0,0.99617324151444497,1,Wilson score,0,0,0,,,,,,,,,,,,,,,,,,,,,,,,,,,,,,,,,,,,,,,,,,,,,,,,,,,,,,,,,,,,,,,,,,,,,,,,,,,,,,,,,,,,,,,,,,,,,,,,,,,,,,,,,,,,,,,,,,,,,,,,,,,,,,,,,
CTGAN__LR_L2,CTGAN,LR_L2,R5_NULL,TARGET_A,0.025000000000000001,NOT_QUALIFIED,0.093139941857816697,0.093139941857816697,0.068139941857816688,far from boundary,PAIR_COMMON_SUCCESS,M4_vs_M1,M1,M1_FULL_COV_CROSSED,996,1000,0,0,0,2.1684043449710089e-19,0.0038420679466773643,Wilson score,0,0,0,2.1684043449710089e-19,0.0038420679466773643,Wilson score,0,0,0,2.1684043449710089e-19,0.0038420679466773643,Wilson score,0,0,0,2.1684043449710089e-19,0.0038420679466773643,Wilson score,0,0,0,2.1684043449710089e-19,0.0038420679466773643,Wilson score,1,996,0,0.99615793205332259,0.99999999999999989,Wilson score,1,996,0,0.99615793205332259,0.99999999999999989,Wilson score,0,0.0040000000000000001,0,,,,,,,,,,,,,,,,,,,,,,,,,,,,,,,,,,,,,,,,,,,,,,,,,,,,,,,,,,,,,,,,,,,,,,,,,,,,,,,,,,,,,,,,,,,,,,,,,,,,,,,,,,,,,,,,,,,,,,,,,,,,,,,,,
CTGAN__LR_L2,CTGAN,LR_L2,R5_NULL,TARGET_A,0.025000000000000001,NOT_QUALIFIED,0.093139941857816697,0.093139941857816697,0.068139941857816688,far from boundary,PAIR_COMMON_SUCCESS,M4_vs_M1,M4,M4_SINGLE_REALIZATION,996,1000,0,0,0,2.1684043449710089e-19,0.0038420679466773643,Wilson score,0,0,0,2.1684043449710089e-19,0.0038420679466773643,Wilson score,0,0,0,2.1684043449710089e-19,0.0038420679466773643,Wilson score,0,0,0,2.1684043449710089e-19,0.0038420679466773643,Wilson score,0,0,0,2.1684043449710089e-19,0.0038420679466773643,Wilson score,1,996,0,0.99615793205332259,0.99999999999999989,Wilson score,1,996,0,0.99615793205332259,0.99999999999999989,Wilson score,0,0.0040000000000000001,0,,,,,,,,,,,,,,,,,,,,,,,,,,,,,,,,,,,,,,,,,,,,,,,,,,,,,,,,,,,,,,,,,,,,,,,,,,,,,,,,,,,,,,,,,,,,,,,,,,,,,,,,,,,,,,,,,,,,,,,,,,,,,,,,,
CTGAN__LR_L2,CTGAN,LR_L2,R5_NULL,TARGET_A,0.025000000000000001,NOT_QUALIFIED,0.093139941857816697,0.093139941857816697,0.068139941857816688,far from boundary,PAIR_COMMON_SUCCESS,M3_vs_M1,M1,M1_FULL_COV_CROSSED,996,1000,0,0,0,2.1684043449710089e-19,0.0038420679466773643,Wilson score,0,0,0,2.1684043449710089e-19,0.0038420679466773643,Wilson score,0,0,0,2.1684043449710089e-19,0.0038420679466773643,Wilson score,0,0,0,2.1684043449710089e-19,0.0038420679466773643,Wilson score,0,0,0,2.1684043449710089e-19,0.0038420679466773643,Wilson score,1,996,0,0.99615793205332259,0.99999999999999989,Wilson score,1,996,0,0.99615793205332259,0.99999999999999989,Wilson score,0,0.0040000000000000001,0,,,,,,,,,,,,,,,,,,,,,,,,,,,,,,,,,,,,,,,,,,,,,,,,,,,,,,,,,,,,,,,,,,,,,,,,,,,,,,,,,,,,,,,,,,,,,,,,,,,,,,,,,,,,,,,,,,,,,,,,,,,,,,,,,
CTGAN__LR_L2,CTGAN,LR_L2,R5_NULL,TARGET_A,0.025000000000000001,NOT_QUALIFIED,0.093139941857816697,0.093139941857816697,0.068139941857816688,far from boundary,PAIR_COMMON_SUCCESS,M3_vs_M1,M3,M3_SEED_AGGREGATED,996,1000,0,0,0,2.1684043449710089e-19,0.0038420679466773643,Wilson score,0,0,0,2.1684043449710089e-19,0.0038420679466773643,Wilson score,0,0,0,2.1684043449710089e-19,0.0038420679466773643,Wilson score,0,0,0,2.1684043449710089e-19,0.0038420679466773643,Wilson score,0,0,0,2.1684043449710089e-19,0.0038420679466773643,Wilson score,1,996,0,0.99615793205332259,0.99999999999999989,Wilson score,1,996,0,0.99615793205332259,0.99999999999999989,Wilson score,0,0.0040000000000000001,0,,,,,,,,,,,,,,,,,,,,,,,,,,,,,,,,,,,,,,,,,,,,,,,,,,,,,,,,,,,,,,,,,,,,,,,,,,,,,,,,,,,,,,,,,,,,,,,,,,,,,,,,,,,,,,,,,,,,,,,,,,,,,,,,,
CTGAN__LR_L2,CTGAN,LR_L2,R5_NULL,TARGET_A,0.025000000000000001,NOT_QUALIFIED,0.093139941857816697,0.093139941857816697,0.068139941857816688,far from boundary,PAIR_COMMON_SUCCESS,M2_vs_M1,M1,M1_FULL_COV_CROSSED,989,1000,0,0,0,2.1684043449710089e-19,0.0038691563356520629,Wilson score,0,0,0,2.1684043449710089e-19,0.0038691563356520629,Wilson score,0,0,0,2.1684043449710089e-19,0.0038691563356520629,Wilson score,0,0,0,2.1684043449710089e-19,0.0038691563356520629,Wilson score,0,0,0,2.1684043449710089e-19,0.0038691563356520629,Wilson score,1,989,0,0.9961308436643479,1,Wilson score,1,989,0,0.9961308436643479,1,Wilson score,0,0.010999999999999999,0,,,,,,,,,,,,,,,,,,,,,,,,,,,,,,,,,,,,,,,,,,,,,,,,,,,,,,,,,,,,,,,,,,,,,,,,,,,,,,,,,,,,,,,,,,,,,,,,,,,,,,,,,,,,,,,,,,,,,,,,,,,,,,,,,
CTGAN__LR_L2,CTGAN,LR_L2,R5_NULL,TARGET_A,0.025000000000000001,NOT_QUALIFIED,0.093139941857816697,0.093139941857816697,0.068139941857816688,far from boundary,PAIR_COMMON_SUCCESS,M2_vs_M1,M2,M2_DIAGONAL_COV_CROSSED,989,1000,0.65722952477249752,650,0.015092531467815182,0.62709137596386699,0.68615098235727778,Wilson score,0,0,0,2.1684043449710089e-19,0.0038691563356520629,Wilson score,0,0,0,2.1684043449710089e-19,0.0038691563356520629,Wilson score,0,0,0,2.1684043449710089e-19,0.0038691563356520629,Wilson score,0.65722952477249752,650,0.015092531467815182,0.62709137596386699,0.68615098235727778,Wilson score,0.34277047522750254,339,0.015092531467815183,0.31384901764272222,0.37290862403613301,Wilson score,0.34277047522750254,339,0.015092531467815183,0.31384901764272222,0.37290862403613301,Wilson score,0.65000000000000002,0.66100000000000003,0.65722952477249752,,,,,,,,,,,,,,,,,,,,,,,,,,,,,,,,,,,,,,,,,,,,,,,,,,,,,,,,,,,,,,,,,,,,,,,,,,,,,,,,,,,,,,,,,,,,,,,,,,,,,,,,,,,,,,,,,,,,,,,,,,,,,,,,,
CTGAN__LR_L2,CTGAN,LR_L2,R5_NULL,TARGET_A,0.050000000000000003,NOT_QUALIFIED,0.093139941857816697,0.093139941857816697,0.043139941857816694,intermediate,METHOD_SUCCESS,,M1,M1_FULL_COV_CROSSED,996,1000,0,0,0,2.1684043449710089e-19,0.0038420679466773643,Wilson score,0,0,0,2.1684043449710089e-19,0.0038420679466773643,Wilson score,0,0,0,2.1684043449710089e-19,0.0038420679466773643,Wilson score,0,0,0,2.1684043449710089e-19,0.0038420679466773643,Wilson score,0,0,0,2.1684043449710089e-19,0.0038420679466773643,Wilson score,1,996,0,0.99615793205332259,0.99999999999999989,Wilson score,1,996,0,0.99615793205332259,0.99999999999999989,Wilson score,0,0.0040000000000000001,0,,,,,,,,,,,,,,,,,,,,,,,,,,,,,,,,,,,,,,,,,,,,,,,,,,,,,,,,,,,,,,,,,,,,,,,,,,,,,,,,,,,,,,,,,,,,,,,,,,,,,,,,,,,,,,,,,,,,,,,,,,,,,,,,,
CTGAN__LR_L2,CTGAN,LR_L2,R5_NULL,TARGET_A,0.050000000000000003,NOT_QUALIFIED,0.093139941857816697,0.093139941857816697,0.043139941857816694,intermediate,METHOD_SUCCESS,,M2,M2_DIAGONAL_COV_CROSSED,993,1000,1,993,0,0.99614636932813894,1,Wilson score,0,0,0,0,0.0038536306718610345,Wilson score,0,0,0,0,0.0038536306718610345,Wilson score,0,0,0,0,0.0038536306718610345,Wilson score,1,993,0,0.99614636932813894,1,Wilson score,0,0,0,0,0.0038536306718610345,Wilson score,0,0,0,0,0.0038536306718610345,Wilson score,0.99299999999999999,1,1,,,,,,,,,,,,,,,,,,,,,,,,,,,,,,,,,,,,,,,,,,,,,,,,,,,,,,,,,,,,,,,,,,,,,,,,,,,,,,,,,,,,,,,,,,,,,,,,,,,,,,,,,,,,,,,,,,,,,,,,,,,,,,,,,
CTGAN__LR_L2,CTGAN,LR_L2,R5_NULL,TARGET_A,0.050000000000000003,NOT_QUALIFIED,0.093139941857816697,0.093139941857816697,0.043139941857816694,intermediate,METHOD_SUCCESS,,M3,M3_SEED_AGGREGATED,1000,1000,0,0,0,2.1684043449710089e-19,0.0038267584855551234,Wilson score,0,0,0,2.1684043449710089e-19,0.0038267584855551234,Wilson score,0,0,0,2.1684043449710089e-19,0.0038267584855551234,Wilson score,0,0,0,2.1684043449710089e-19,0.0038267584855551234,Wilson score,0,0,0,2.1684043449710089e-19,0.0038267584855551234,Wilson score,1,1000,0,0.99617324151444497,1,Wilson score,1,1000,0,0.99617324151444497,1,Wilson score,0,0,0,,,,,,,,,,,,,,,,,,,,,,,,,,,,,,,,,,,,,,,,,,,,,,,,,,,,,,,,,,,,,,,,,,,,,,,,,,,,,,,,,,,,,,,,,,,,,,,,,,,,,,,,,,,,,,,,,,,,,,,,,,,,,,,,,
CTGAN__LR_L2,CTGAN,LR_L2,R5_NULL,TARGET_A,0.050000000000000003,NOT_QUALIFIED,0.093139941857816697,0.093139941857816697,0.043139941857816694,intermediate,METHOD_SUCCESS,,M4,M4_SINGLE_REALIZATION,1000,1000,0.01,10,0.0031464265445104549,0.0054407544455292488,0.018309468870314774,Wilson score,0,0,0,2.1684043449710089e-19,0.0038267584855551234,Wilson score,0,0,0,2.1684043449710089e-19,0.0038267584855551234,Wilson score,0,0,0,2.1684043449710089e-19,0.0038267584855551234,Wilson score,0.01,10,0.0031464265445104549,0.0054407544455292488,0.018309468870314774,Wilson score,0.98999999999999999,990,0.0031464265445104562,0.9816905311296853,0.99455924555447073,Wilson score,0.98999999999999999,990,0.0031464265445104562,0.9816905311296853,0.99455924555447073,Wilson score,0.01,0.01,0.010000000000000009,,,,,,,,,,,,,,,,,,,,,,,,,,,,,,,,,,,,,,,,,,,,,,,,,,,,,,,,,,,,,,,,,,,,,,,,,,,,,,,,,,,,,,,,,,,,,,,,,,,,,,,,,,,,,,,,,,,,,,,,,,,,,,,,,
CTGAN__LR_L2,CTGAN,LR_L2,R5_NULL,TARGET_A,0.050000000000000003,NOT_QUALIFIED,0.093139941857816697,0.093139941857816697,0.043139941857816694,intermediate,PAIR_COMMON_SUCCESS,M4_vs_M1,M1,M1_FULL_COV_CROSSED,996,1000,0,0,0,2.1684043449710089e-19,0.0038420679466773643,Wilson score,0,0,0,2.1684043449710089e-19,0.0038420679466773643,Wilson score,0,0,0,2.1684043449710089e-19,0.0038420679466773643,Wilson score,0,0,0,2.1684043449710089e-19,0.0038420679466773643,Wilson score,0,0,0,2.1684043449710089e-19,0.0038420679466773643,Wilson score,1,996,0,0.99615793205332259,0.99999999999999989,Wilson score,1,996,0,0.99615793205332259,0.99999999999999989,Wilson score,0,0.0040000000000000001,0,,,,,,,,,,,,,,,,,,,,,,,,,,,,,,,,,,,,,,,,,,,,,,,,,,,,,,,,,,,,,,,,,,,,,,,,,,,,,,,,,,,,,,,,,,,,,,,,,,,,,,,,,,,,,,,,,,,,,,,,,,,,,,,,,
CTGAN__LR_L2,CTGAN,LR_L2,R5_NULL,TARGET_A,0.050000000000000003,NOT_QUALIFIED,0.093139941857816697,0.093139941857816697,0.043139941857816694,intermediate,PAIR_COMMON_SUCCESS,M4_vs_M1,M4,M4_SINGLE_REALIZATION,996,1000,0.010040160642570281,10,0.0031589987192899537,0.0054626403595897585,0.018382598913459548,Wilson score,0,0,0,2.1684043449710089e-19,0.0038420679466773643,Wilson score,0,0,0,2.1684043449710089e-19,0.0038420679466773643,Wilson score,0,0,0,2.1684043449710089e-19,0.0038420679466773643,Wilson score,0.010040160642570281,10,0.0031589987192899537,0.0054626403595897585,0.018382598913459548,Wilson score,0.98995983935742971,986,0.0031589987192899558,0.9816174010865405,0.99453735964041023,Wilson score,0.98995983935742971,986,0.0031589987192899558,0.9816174010865405,0.99453735964041023,Wilson score,0.01,0.014,0.010040160642570295,,,,,,,,,,,,,,,,,,,,,,,,,,,,,,,,,,,,,,,,,,,,,,,,,,,,,,,,,,,,,,,,,,,,,,,,,,,,,,,,,,,,,,,,,,,,,,,,,,,,,,,,,,,,,,,,,,,,,,,,,,,,,,,,,
CTGAN__LR_L2,CTGAN,LR_L2,R5_NULL,TARGET_A,0.050000000000000003,NOT_QUALIFIED,0.093139941857816697,0.093139941857816697,0.043139941857816694,intermediate,PAIR_COMMON_SUCCESS,M3_vs_M1,M1,M1_FULL_COV_CROSSED,996,1000,0,0,0,2.1684043449710089e-19,0.0038420679466773643,Wilson score,0,0,0,2.1684043449710089e-19,0.0038420679466773643,Wilson score,0,0,0,2.1684043449710089e-19,0.0038420679466773643,Wilson score,0,0,0,2.1684043449710089e-19,0.0038420679466773643,Wilson score,0,0,0,2.1684043449710089e-19,0.0038420679466773643,Wilson score,1,996,0,0.99615793205332259,0.99999999999999989,Wilson score,1,996,0,0.99615793205332259,0.99999999999999989,Wilson score,0,0.0040000000000000001,0,,,,,,,,,,,,,,,,,,,,,,,,,,,,,,,,,,,,,,,,,,,,,,,,,,,,,,,,,,,,,,,,,,,,,,,,,,,,,,,,,,,,,,,,,,,,,,,,,,,,,,,,,,,,,,,,,,,,,,,,,,,,,,,,,
CTGAN__LR_L2,CTGAN,LR_L2,R5_NULL,TARGET_A,0.050000000000000003,NOT_QUALIFIED,0.093139941857816697,0.093139941857816697,0.043139941857816694,intermediate,PAIR_COMMON_SUCCESS,M3_vs_M1,M3,M3_SEED_AGGREGATED,996,1000,0,0,0,2.1684043449710089e-19,0.0038420679466773643,Wilson score,0,0,0,2.1684043449710089e-19,0.0038420679466773643,Wilson score,0,0,0,2.1684043449710089e-19,0.0038420679466773643,Wilson score,0,0,0,2.1684043449710089e-19,0.0038420679466773643,Wilson score,0,0,0,2.1684043449710089e-19,0.0038420679466773643,Wilson score,1,996,0,0.99615793205332259,0.99999999999999989,Wilson score,1,996,0,0.99615793205332259,0.99999999999999989,Wilson score,0,0.0040000000000000001,0,,,,,,,,,,,,,,,,,,,,,,,,,,,,,,,,,,,,,,,,,,,,,,,,,,,,,,,,,,,,,,,,,,,,,,,,,,,,,,,,,,,,,,,,,,,,,,,,,,,,,,,,,,,,,,,,,,,,,,,,,,,,,,,,,
CTGAN__LR_L2,CTGAN,LR_L2,R5_NULL,TARGET_A,0.050000000000000003,NOT_QUALIFIED,0.093139941857816697,0.093139941857816697,0.043139941857816694,intermediate,PAIR_COMMON_SUCCESS,M2_vs_M1,M1,M1_FULL_COV_CROSSED,989,1000,0,0,0,2.1684043449710089e-19,0.0038691563356520629,Wilson score,0,0,0,2.1684043449710089e-19,0.0038691563356520629,Wilson score,0,0,0,2.1684043449710089e-19,0.0038691563356520629,Wilson score,0,0,0,2.1684043449710089e-19,0.0038691563356520629,Wilson score,0,0,0,2.1684043449710089e-19,0.0038691563356520629,Wilson score,1,989,0,0.9961308436643479,1,Wilson score,1,989,0,0.9961308436643479,1,Wilson score,0,0.010999999999999999,0,,,,,,,,,,,,,,,,,,,,,,,,,,,,,,,,,,,,,,,,,,,,,,,,,,,,,,,,,,,,,,,,,,,,,,,,,,,,,,,,,,,,,,,,,,,,,,,,,,,,,,,,,,,,,,,,,,,,,,,,,,,,,,,,,
CTGAN__LR_L2,CTGAN,LR_L2,R5_NULL,TARGET_A,0.050000000000000003,NOT_QUALIFIED,0.093139941857816697,0.093139941857816697,0.043139941857816694,intermediate,PAIR_COMMON_SUCCESS,M2_vs_M1,M2,M2_DIAGONAL_COV_CROSSED,989,1000,1,989,0,0.9961308436643479,1,Wilson score,0,0,0,2.1684043449710089e-19,0.0038691563356520629,Wilson score,0,0,0,2.1684043449710089e-19,0.0038691563356520629,Wilson score,0,0,0,2.1684043449710089e-19,0.0038691563356520629,Wilson score,1,989,0,0.9961308436643479,1,Wilson score,0,0,0,2.1684043449710089e-19,0.0038691563356520629,Wilson score,0,0,0,2.1684043449710089e-19,0.0038691563356520629,Wilson score,0.98899999999999999,1,1,,,,,,,,,,,,,,,,,,,,,,,,,,,,,,,,,,,,,,,,,,,,,,,,,,,,,,,,,,,,,,,,,,,,,,,,,,,,,,,,,,,,,,,,,,,,,,,,,,,,,,,,,,,,,,,,,,,,,,,,,,,,,,,,,
CTGAN__LR_L2,CTGAN,LR_L2,R5_NULL,TARGET_A,0.10000000000000001,QUALIFIED,0.093139941857816697,0.093139941857816697,0.006860058142183309,near boundary,METHOD_SUCCESS,,M1,M1_FULL_COV_CROSSED,996,1000,0.40461847389558231,403,0.015552165246466677,0.37455965809977093,0.43541021429969556,Wilson score,0,0,0,2.1684043449710089e-19,0.0038420679466773643,Wilson score,0,0,0,2.1684043449710089e-19,0.0038420679466773643,Wilson score,0,0,0,2.1684043449710089e-19,0.0038420679466773643,Wilson score,0.40461847389558231,403,0.015552165246466677,0.37455965809977093,0.43541021429969556,Wilson score,0.59538152610441764,593,0.015552165246466677,0.56458978570030438,0.62544034190022901,Wilson score,0.59538152610441764,593,0.015552165246466677,0.56458978570030438,0.62544034190022901,Wilson score,0.40300000000000002,0.40699999999999997,0.40461847389558236,,,,,,,,,,,,,,,,,,,,,,,,,,,,,,,,,,,,,,,,,,,,,,,,,,,,,,,,,,,,,,,,,,,,,,,,,,,,,,,,,,,,,,,,,,,,,,,,,,,,,,,,,,,,,,,,,,,,,,,,,,,,,,,,,
CTGAN__LR_L2,CTGAN,LR_L2,R5_NULL,TARGET_A,0.10000000000000001,QUALIFIED,0.093139941857816697,0.093139941857816697,0.006860058142183309,near boundary,METHOD_SUCCESS,,M2,M2_DIAGONAL_COV_CROSSED,993,1000,1,993,0,0.99614636932813894,1,Wilson score,0,0,0,0,0.0038536306718610345,Wilson score,0,0,0,0,0.0038536306718610345,Wilson score,0,0,0,0,0.0038536306718610345,Wilson score,1,993,0,0.99614636932813894,1,Wilson score,0,0,0,0,0.0038536306718610345,Wilson score,0,0,0,0,0.0038536306718610345,Wilson score,0.99299999999999999,1,1,,,,,,,,,,,,,,,,,,,,,,,,,,,,,,,,,,,,,,,,,,,,,,,,,,,,,,,,,,,,,,,,,,,,,,,,,,,,,,,,,,,,,,,,,,,,,,,,,,,,,,,,,,,,,,,,,,,,,,,,,,,,,,,,,
CTGAN__LR_L2,CTGAN,LR_L2,R5_NULL,TARGET_A,0.10000000000000001,QUALIFIED,0.093139941857816697,0.093139941857816697,0.006860058142183309,near boundary,METHOD_SUCCESS,,M3,M3_SEED_AGGREGATED,1000,1000,0.61199999999999999,612,0.015409607392792329,0.58142392457642111,0.64171888152281442,Wilson score,0,0,0,2.1684043449710089e-19,0.0038267584855551234,Wilson score,0,0,0,2.1684043449710089e-19,0.0038267584855551234,Wilson score,0,0,0,2.1684043449710089e-19,0.0038267584855551234,Wilson score,0.61199999999999999,612,0.015409607392792329,0.58142392457642111,0.64171888152281442,Wilson score,0.38800000000000001,388,0.015409607392792329,0.35828111847718552,0.41857607542357883,Wilson score,0.38800000000000001,388,0.015409607392792329,0.35828111847718552,0.41857607542357883,Wilson score,0.61199999999999999,0.61199999999999999,0.61199999999999999,,,,,,,,,,,,,,,,,,,,,,,,,,,,,,,,,,,,,,,,,,,,,,,,,,,,,,,,,,,,,,,,,,,,,,,,,,,,,,,,,,,,,,,,,,,,,,,,,,,,,,,,,,,,,,,,,,,,,,,,,,,,,,,,,
CTGAN__LR_L2,CTGAN,LR_L2,R5_NULL,TARGET_A,0.10000000000000001,QUALIFIED,0.093139941857816697,0.093139941857816697,0.006860058142183309,near boundary,METHOD_SUCCESS,,M4,M4_SINGLE_REALIZATION,1000,1000,0.72499999999999998,725,0.014120021246442939,0.6965038327040266,0.75177412597747362,Wilson score,0,0,0,2.1684043449710089e-19,0.0038267584855551234,Wilson score,0,0,0,2.1684043449710089e-19,0.0038267584855551234,Wilson score,0,0,0,2.1684043449710089e-19,0.0038267584855551234,Wilson score,0.72499999999999998,725,0.014120021246442939,0.6965038327040266,0.75177412597747362,Wilson score,0.27500000000000002,275,0.014120021246442939,0.24822587402252644,0.30349616729597334,Wilson score,0.27500000000000002,275,0.014120021246442939,0.24822587402252644,0.30349616729597334,Wilson score,0.72499999999999998,0.72499999999999998,0.72499999999999998,,,,,,,,,,,,,,,,,,,,,,,,,,,,,,,,,,,,,,,,,,,,,,,,,,,,,,,,,,,,,,,,,,,,,,,,,,,,,,,,,,,,,,,,,,,,,,,,,,,,,,,,,,,,,,,,,,,,,,,,,,,,,,,,,
CTGAN__LR_L2,CTGAN,LR_L2,R5_NULL,TARGET_A,0.10000000000000001,QUALIFIED,0.093139941857816697,0.093139941857816697,0.006860058142183309,near boundary,PAIR_COMMON_SUCCESS,M4_vs_M1,M1,M1_FULL_COV_CROSSED,996,1000,0.40461847389558231,403,0.015552165246466677,0.37455965809977093,0.43541021429969556,Wilson score,0,0,0,2.1684043449710089e-19,0.0038420679466773643,Wilson score,0,0,0,2.1684043449710089e-19,0.0038420679466773643,Wilson score,0,0,0,2.1684043449710089e-19,0.0038420679466773643,Wilson score,0.40461847389558231,403,0.015552165246466677,0.37455965809977093,0.43541021429969556,Wilson score,0.59538152610441764,593,0.015552165246466677,0.56458978570030438,0.62544034190022901,Wilson score,0.59538152610441764,593,0.015552165246466677,0.56458978570030438,0.62544034190022901,Wilson score,0.40300000000000002,0.40699999999999997,0.40461847389558236,,,,,,,,,,,,,,,,,,,,,,,,,,,,,,,,,,,,,,,,,,,,,,,,,,,,,,,,,,,,,,,,,,,,,,,,,,,,,,,,,,,,,,,,,,,,,,,,,,,,,,,,,,,,,,,,,,,,,,,,,,,,,,,,,
CTGAN__LR_L2,CTGAN,LR_L2,R5_NULL,TARGET_A,0.10000000000000001,QUALIFIED,0.093139941857816697,0.093139941857816697,0.006860058142183309,near boundary,PAIR_COMMON_SUCCESS,M4_vs_M1,M4,M4_SINGLE_REALIZATION,996,1000,0.72489959839357432,722,0.014149948934955787,0.69634197305504475,0.75172906465568679,Wilson score,0,0,0,2.1684043449710089e-19,0.0038420679466773643,Wilson score,0,0,0,2.1684043449710089e-19,0.0038420679466773643,Wilson score,0,0,0,2.1684043449710089e-19,0.0038420679466773643,Wilson score,0.72489959839357432,722,0.014149948934955787,0.69634197305504475,0.75172906465568679,Wilson score,0.27510040160642568,274,0.014149948934955787,0.24827093534431316,0.30365802694495531,Wilson score,0.27510040160642568,274,0.014149948934955787,0.24827093534431316,0.30365802694495531,Wilson score,0.72199999999999998,0.72599999999999998,0.72489959839357432,,,,,,,,,,,,,,,,,,,,,,,,,,,,,,,,,,,,,,,,,,,,,,,,,,,,,,,,,,,,,,,,,,,,,,,,,,,,,,,,,,,,,,,,,,,,,,,,,,,,,,,,,,,,,,,,,,,,,,,,,,,,,,,,,
CTGAN__LR_L2,CTGAN,LR_L2,R5_NULL,TARGET_A,0.10000000000000001,QUALIFIED,0.093139941857816697,0.093139941857816697,0.006860058142183309,near boundary,PAIR_COMMON_SUCCESS,M3_vs_M1,M1,M1_FULL_COV_CROSSED,996,1000,0.40461847389558231,403,0.015552165246466677,0.37455965809977093,0.43541021429969556,Wilson score,0,0,0,2.1684043449710089e-19,0.0038420679466773643,Wilson score,0,0,0,2.1684043449710089e-19,0.0038420679466773643,Wilson score,0,0,0,2.1684043449710089e-19,0.0038420679466773643,Wilson score,0.40461847389558231,403,0.015552165246466677,0.37455965809977093,0.43541021429969556,Wilson score,0.59538152610441764,593,0.015552165246466677,0.56458978570030438,0.62544034190022901,Wilson score,0.59538152610441764,593,0.015552165246466677,0.56458978570030438,0.62544034190022901,Wilson score,0.40300000000000002,0.40699999999999997,0.40461847389558236,,,,,,,,,,,,,,,,,,,,,,,,,,,,,,,,,,,,,,,,,,,,,,,,,,,,,,,,,,,,,,,,,,,,,,,,,,,,,,,,,,,,,,,,,,,,,,,,,,,,,,,,,,,,,,,,,,,,,,,,,,,,,,,,,
CTGAN__LR_L2,CTGAN,LR_L2,R5_NULL,TARGET_A,0.10000000000000001,QUALIFIED,0.093139941857816697,0.093139941857816697,0.006860058142183309,near boundary,PAIR_COMMON_SUCCESS,M3_vs_M1,M3,M3_SEED_AGGREGATED,996,1000,0.6124497991967871,610,0.015437236662163888,0.58181642071976081,0.64221909813560474,Wilson score,0,0,0,2.1684043449710089e-19,0.0038420679466773643,Wilson score,0,0,0,2.1684043449710089e-19,0.0038420679466773643,Wilson score,0,0,0,2.1684043449710089e-19,0.0038420679466773643,Wilson score,0.6124497991967871,610,0.015437236662163888,0.58181642071976081,0.64221909813560474,Wilson score,0.38755020080321284,386,0.015437236662163888,0.35778090186439515,0.41818357928023908,Wilson score,0.38755020080321284,386,0.015437236662163888,0.35778090186439515,0.41818357928023908,Wilson score,0.60999999999999999,0.61399999999999999,0.61244979919678721,,,,,,,,,,,,,,,,,,,,,,,,,,,,,,,,,,,,,,,,,,,,,,,,,,,,,,,,,,,,,,,,,,,,,,,,,,,,,,,,,,,,,,,,,,,,,,,,,,,,,,,,,,,,,,,,,,,,,,,,,,,,,,,,,
CTGAN__LR_L2,CTGAN,LR_L2,R5_NULL,TARGET_A,0.10000000000000001,QUALIFIED,0.093139941857816697,0.093139941857816697,0.006860058142183309,near boundary,PAIR_COMMON_SUCCESS,M2_vs_M1,M1,M1_FULL_COV_CROSSED,989,1000,0.40343781597573308,399,0.015599763571114953,0.37329337534701063,0.4343294849766593,Wilson score,0,0,0,2.1684043449710089e-19,0.0038691563356520629,Wilson score,0,0,0,2.1684043449710089e-19,0.0038691563356520629,Wilson score,0,0,0,2.1684043449710089e-19,0.0038691563356520629,Wilson score,0.40343781597573308,399,0.015599763571114953,0.37329337534701063,0.4343294849766593,Wilson score,0.59656218402426697,590,0.015599763571114953,0.56567051502334065,0.62670662465298943,Wilson score,0.59656218402426697,590,0.015599763571114953,0.56567051502334065,0.62670662465298943,Wilson score,0.39900000000000002,0.40999999999999998,0.40343781597573303,,,,,,,,,,,,,,,,,,,,,,,,,,,,,,,,,,,,,,,,,,,,,,,,,,,,,,,,,,,,,,,,,,,,,,,,,,,,,,,,,,,,,,,,,,,,,,,,,,,,,,,,,,,,,,,,,,,,,,,,,,,,,,,,,
CTGAN__LR_L2,CTGAN,LR_L2,R5_NULL,TARGET_A,0.10000000000000001,QUALIFIED,0.093139941857816697,0.093139941857816697,0.006860058142183309,near boundary,PAIR_COMMON_SUCCESS,M2_vs_M1,M2,M2_DIAGONAL_COV_CROSSED,989,1000,1,989,0,0.9961308436643479,1,Wilson score,0,0,0,2.1684043449710089e-19,0.0038691563356520629,Wilson score,0,0,0,2.1684043449710089e-19,0.0038691563356520629,Wilson score,0,0,0,2.1684043449710089e-19,0.0038691563356520629,Wilson score,1,989,0,0.9961308436643479,1,Wilson score,0,0,0,2.1684043449710089e-19,0.0038691563356520629,Wilson score,0,0,0,2.1684043449710089e-19,0.0038691563356520629,Wilson score,0.98899999999999999,1,1,,,,,,,,,,,,,,,,,,,,,,,,,,,,,,,,,,,,,,,,,,,,,,,,,,,,,,,,,,,,,,,,,,,,,,,,,,,,,,,,,,,,,,,,,,,,,,,,,,,,,,,,,,,,,,,,,,,,,,,,,,,,,,,,,
CTGAN__LR_L2,CTGAN,LR_L2,R5_NULL,TARGET_A,0.20000000000000001,QUALIFIED,0.093139941857816697,0.093139941857816697,0.10686005814218331,far from boundary,METHOD_SUCCESS,,M1,M1_FULL_COV_CROSSED,996,1000,0,0,0,2.1684043449710089e-19,0.0038420679466773643,Wilson score,0,0,0,2.1684043449710089e-19,0.0038420679466773643,Wilson score,0,0,0,2.1684043449710089e-19,0.0038420679466773643,Wilson score,0,0,0,2.1684043449710089e-19,0.0038420679466773643,Wilson score,0,0,0,2.1684043449710089e-19,0.0038420679466773643,Wilson score,1,996,0,0.99615793205332259,0.99999999999999989,Wilson score,1,996,0,0.99615793205332259,0.99999999999999989,Wilson score,0,0.0040000000000000001,0,,,,,,,,,,,,,,,,,,,,,,,,,,,,,,,,,,,,,,,,,,,,,,,,,,,,,,,,,,,,,,,,,,,,,,,,,,,,,,,,,,,,,,,,,,,,,,,,,,,,,,,,,,,,,,,,,,,,,,,,,,,,,,,,,
CTGAN__LR_L2,CTGAN,LR_L2,R5_NULL,TARGET_A,0.20000000000000001,QUALIFIED,0.093139941857816697,0.093139941857816697,0.10686005814218331,far from boundary,METHOD_SUCCESS,,M2,M2_DIAGONAL_COV_CROSSED,993,1000,0,0,0,0,0.0038536306718610345,Wilson score,0,0,0,0,0.0038536306718610345,Wilson score,0,0,0,0,0.0038536306718610345,Wilson score,0,0,0,0,0.0038536306718610345,Wilson score,0,0,0,0,0.0038536306718610345,Wilson score,1,993,0,0.99614636932813894,1,Wilson score,1,993,0,0.99614636932813894,1,Wilson score,0,0.0070000000000000001,0,,,,,,,,,,,,,,,,,,,,,,,,,,,,,,,,,,,,,,,,,,,,,,,,,,,,,,,,,,,,,,,,,,,,,,,,,,,,,,,,,,,,,,,,,,,,,,,,,,,,,,,,,,,,,,,,,,,,,,,,,,,,,,,,,
CTGAN__LR_L2,CTGAN,LR_L2,R5_NULL,TARGET_A,0.20000000000000001,QUALIFIED,0.093139941857816697,0.093139941857816697,0.10686005814218331,far from boundary,METHOD_SUCCESS,,M3,M3_SEED_AGGREGATED,1000,1000,0,0,0,2.1684043449710089e-19,0.0038267584855551234,Wilson score,0,0,0,2.1684043449710089e-19,0.0038267584855551234,Wilson score,0,0,0,2.1684043449710089e-19,0.0038267584855551234,Wilson score,0,0,0,2.1684043449710089e-19,0.0038267584855551234,Wilson score,0,0,0,2.1684043449710089e-19,0.0038267584855551234,Wilson score,1,1000,0,0.99617324151444497,1,Wilson score,1,1000,0,0.99617324151444497,1,Wilson score,0,0,0,,,,,,,,,,,,,,,,,,,,,,,,,,,,,,,,,,,,,,,,,,,,,,,,,,,,,,,,,,,,,,,,,,,,,,,,,,,,,,,,,,,,,,,,,,,,,,,,,,,,,,,,,,,,,,,,,,,,,,,,,,,,,,,,,
CTGAN__LR_L2,CTGAN,LR_L2,R5_NULL,TARGET_A,0.20000000000000001,QUALIFIED,0.093139941857816697,0.093139941857816697,0.10686005814218331,far from boundary,METHOD_SUCCESS,,M4,M4_SINGLE_REALIZATION,1000,1000,0,0,0,2.1684043449710089e-19,0.0038267584855551234,Wilson score,0,0,0,2.1684043449710089e-19,0.0038267584855551234,Wilson score,0,0,0,2.1684043449710089e-19,0.0038267584855551234,Wilson score,0,0,0,2.1684043449710089e-19,0.0038267584855551234,Wilson score,0,0,0,2.1684043449710089e-19,0.0038267584855551234,Wilson score,1,1000,0,0.99617324151444497,1,Wilson score,1,1000,0,0.99617324151444497,1,Wilson score,0,0,0,,,,,,,,,,,,,,,,,,,,,,,,,,,,,,,,,,,,,,,,,,,,,,,,,,,,,,,,,,,,,,,,,,,,,,,,,,,,,,,,,,,,,,,,,,,,,,,,,,,,,,,,,,,,,,,,,,,,,,,,,,,,,,,,,
CTGAN__LR_L2,CTGAN,LR_L2,R5_NULL,TARGET_A,0.20000000000000001,QUALIFIED,0.093139941857816697,0.093139941857816697,0.10686005814218331,far from boundary,PAIR_COMMON_SUCCESS,M4_vs_M1,M1,M1_FULL_COV_CROSSED,996,1000,0,0,0,2.1684043449710089e-19,0.0038420679466773643,Wilson score,0,0,0,2.1684043449710089e-19,0.0038420679466773643,Wilson score,0,0,0,2.1684043449710089e-19,0.0038420679466773643,Wilson score,0,0,0,2.1684043449710089e-19,0.0038420679466773643,Wilson score,0,0,0,2.1684043449710089e-19,0.0038420679466773643,Wilson score,1,996,0,0.99615793205332259,0.99999999999999989,Wilson score,1,996,0,0.99615793205332259,0.99999999999999989,Wilson score,0,0.0040000000000000001,0,,,,,,,,,,,,,,,,,,,,,,,,,,,,,,,,,,,,,,,,,,,,,,,,,,,,,,,,,,,,,,,,,,,,,,,,,,,,,,,,,,,,,,,,,,,,,,,,,,,,,,,,,,,,,,,,,,,,,,,,,,,,,,,,,
CTGAN__LR_L2,CTGAN,LR_L2,R5_NULL,TARGET_A,0.20000000000000001,QUALIFIED,0.093139941857816697,0.093139941857816697,0.10686005814218331,far from boundary,PAIR_COMMON_SUCCESS,M4_vs_M1,M4,M4_SINGLE_REALIZATION,996,1000,0,0,0,2.1684043449710089e-19,0.0038420679466773643,Wilson score,0,0,0,2.1684043449710089e-19,0.0038420679466773643,Wilson score,0,0,0,2.1684043449710089e-19,0.0038420679466773643,Wilson score,0,0,0,2.1684043449710089e-19,0.0038420679466773643,Wilson score,0,0,0,2.1684043449710089e-19,0.0038420679466773643,Wilson score,1,996,0,0.99615793205332259,0.99999999999999989,Wilson score,1,996,0,0.99615793205332259,0.99999999999999989,Wilson score,0,0.0040000000000000001,0,,,,,,,,,,,,,,,,,,,,,,,,,,,,,,,,,,,,,,,,,,,,,,,,,,,,,,,,,,,,,,,,,,,,,,,,,,,,,,,,,,,,,,,,,,,,,,,,,,,,,,,,,,,,,,,,,,,,,,,,,,,,,,,,,
CTGAN__LR_L2,CTGAN,LR_L2,R5_NULL,TARGET_A,0.20000000000000001,QUALIFIED,0.093139941857816697,0.093139941857816697,0.10686005814218331,far from boundary,PAIR_COMMON_SUCCESS,M3_vs_M1,M1,M1_FULL_COV_CROSSED,996,1000,0,0,0,2.1684043449710089e-19,0.0038420679466773643,Wilson score,0,0,0,2.1684043449710089e-19,0.0038420679466773643,Wilson score,0,0,0,2.1684043449710089e-19,0.0038420679466773643,Wilson score,0,0,0,2.1684043449710089e-19,0.0038420679466773643,Wilson score,0,0,0,2.1684043449710089e-19,0.0038420679466773643,Wilson score,1,996,0,0.99615793205332259,0.99999999999999989,Wilson score,1,996,0,0.99615793205332259,0.99999999999999989,Wilson score,0,0.0040000000000000001,0,,,,,,,,,,,,,,,,,,,,,,,,,,,,,,,,,,,,,,,,,,,,,,,,,,,,,,,,,,,,,,,,,,,,,,,,,,,,,,,,,,,,,,,,,,,,,,,,,,,,,,,,,,,,,,,,,,,,,,,,,,,,,,,,,
CTGAN__LR_L2,CTGAN,LR_L2,R5_NULL,TARGET_A,0.20000000000000001,QUALIFIED,0.093139941857816697,0.093139941857816697,0.10686005814218331,far from boundary,PAIR_COMMON_SUCCESS,M3_vs_M1,M3,M3_SEED_AGGREGATED,996,1000,0,0,0,2.1684043449710089e-19,0.0038420679466773643,Wilson score,0,0,0,2.1684043449710089e-19,0.0038420679466773643,Wilson score,0,0,0,2.1684043449710089e-19,0.0038420679466773643,Wilson score,0,0,0,2.1684043449710089e-19,0.0038420679466773643,Wilson score,0,0,0,2.1684043449710089e-19,0.0038420679466773643,Wilson score,1,996,0,0.99615793205332259,0.99999999999999989,Wilson score,1,996,0,0.99615793205332259,0.99999999999999989,Wilson score,0,0.0040000000000000001,0,,,,,,,,,,,,,,,,,,,,,,,,,,,,,,,,,,,,,,,,,,,,,,,,,,,,,,,,,,,,,,,,,,,,,,,,,,,,,,,,,,,,,,,,,,,,,,,,,,,,,,,,,,,,,,,,,,,,,,,,,,,,,,,,,
CTGAN__LR_L2,CTGAN,LR_L2,R5_NULL,TARGET_A,0.20000000000000001,QUALIFIED,0.093139941857816697,0.093139941857816697,0.10686005814218331,far from boundary,PAIR_COMMON_SUCCESS,M2_vs_M1,M1,M1_FULL_COV_CROSSED,989,1000,0,0,0,2.1684043449710089e-19,0.0038691563356520629,Wilson score,0,0,0,2.1684043449710089e-19,0.0038691563356520629,Wilson score,0,0,0,2.1684043449710089e-19,0.0038691563356520629,Wilson score,0,0,0,2.1684043449710089e-19,0.0038691563356520629,Wilson score,0,0,0,2.1684043449710089e-19,0.0038691563356520629,Wilson score,1,989,0,0.9961308436643479,1,Wilson score,1,989,0,0.9961308436643479,1,Wilson score,0,0.010999999999999999,0,,,,,,,,,,,,,,,,,,,,,,,,,,,,,,,,,,,,,,,,,,,,,,,,,,,,,,,,,,,,,,,,,,,,,,,,,,,,,,,,,,,,,,,,,,,,,,,,,,,,,,,,,,,,,,,,,,,,,,,,,,,,,,,,,
CTGAN__LR_L2,CTGAN,LR_L2,R5_NULL,TARGET_A,0.20000000000000001,QUALIFIED,0.093139941857816697,0.093139941857816697,0.10686005814218331,far from boundary,PAIR_COMMON_SUCCESS,M2_vs_M1,M2,M2_DIAGONAL_COV_CROSSED,989,1000,0,0,0,2.1684043449710089e-19,0.0038691563356520629,Wilson score,0,0,0,2.1684043449710089e-19,0.0038691563356520629,Wilson score,0,0,0,2.1684043449710089e-19,0.0038691563356520629,Wilson score,0,0,0,2.1684043449710089e-19,0.0038691563356520629,Wilson score,0,0,0,2.1684043449710089e-19,0.0038691563356520629,Wilson score,1,989,0,0.9961308436643479,1,Wilson score,1,989,0,0.9961308436643479,1,Wilson score,0,0.010999999999999999,0,,,,,,,,,,,,,,,,,,,,,,,,,,,,,,,,,,,,,,,,,,,,,,,,,,,,,,,,,,,,,,,,,,,,,,,,,,,,,,,,,,,,,,,,,,,,,,,,,,,,,,,,,,,,,,,,,,,,,,,,,,,,,,,,,
CTGAN__XGBoost,CTGAN,XGBoost,R5_NULL,TARGET_B,0.025000000000000001,NOT_QUALIFIED,0.092996518941769205,0.092996518941769205,0.067996518941769196,far from boundary,METHOD_SUCCESS,,M1,M1_FULL_COV_CROSSED,996,1000,0,0,0,2.1684043449710089e-19,0.0038420679466773643,Wilson score,0,0,0,2.1684043449710089e-19,0.0038420679466773643,Wilson score,0,0,0,2.1684043449710089e-19,0.0038420679466773643,Wilson score,0,0,0,2.1684043449710089e-19,0.0038420679466773643,Wilson score,0,0,0,2.1684043449710089e-19,0.0038420679466773643,Wilson score,1,996,0,0.99615793205332259,0.99999999999999989,Wilson score,1,996,0,0.99615793205332259,0.99999999999999989,Wilson score,0,0.0040000000000000001,0,,,,,,,,,,,,,,,,,,,,,,,,,,,,,,,,,,,,,,,,,,,,,,,,,,,,,,,,,,,,,,,,,,,,,,,,,,,,,,,,,,,,,,,,,,,,,,,,,,,,,,,,,,,,,,,,,,,,,,,,,,,,,,,,,
CTGAN__XGBoost,CTGAN,XGBoost,R5_NULL,TARGET_B,0.025000000000000001,NOT_QUALIFIED,0.092996518941769205,0.092996518941769205,0.067996518941769196,far from boundary,METHOD_SUCCESS,,M2,M2_DIAGONAL_COV_CROSSED,994,1000,0.001006036217303823,1,0.0010055300355272241,0.00017761217539598133,0.0056764829506953862,Wilson score,0,0,0,2.1684043449710089e-19,0.003849768704974616,Wilson score,0,0,0,2.1684043449710089e-19,0.003849768704974616,Wilson score,0,0,0,2.1684043449710089e-19,0.003849768704974616,Wilson score,0.001006036217303823,1,0.0010055300355272241,0.00017761217539598133,0.0056764829506953862,Wilson score,0.99899396378269623,993,0.0010055300355271996,0.99432351704930455,0.99982238782460398,Wilson score,0.99899396378269623,993,0.0010055300355271996,0.99432351704930455,0.99982238782460398,Wilson score,0.001,0.0070000000000000001,0.001006036217303774,,,,,,,,,,,,,,,,,,,,,,,,,,,,,,,,,,,,,,,,,,,,,,,,,,,,,,,,,,,,,,,,,,,,,,,,,,,,,,,,,,,,,,,,,,,,,,,,,,,,,,,,,,,,,,,,,,,,,,,,,,,,,,,,,
CTGAN__XGBoost,CTGAN,XGBoost,R5_NULL,TARGET_B,0.025000000000000001,NOT_QUALIFIED,0.092996518941769205,0.092996518941769205,0.067996518941769196,far from boundary,METHOD_SUCCESS,,M3,M3_SEED_AGGREGATED,1000,1000,0,0,0,2.1684043449710089e-19,0.0038267584855551234,Wilson score,0,0,0,2.1684043449710089e-19,0.0038267584855551234,Wilson score,0,0,0,2.1684043449710089e-19,0.0038267584855551234,Wilson score,0,0,0,2.1684043449710089e-19,0.0038267584855551234,Wilson score,0,0,0,2.1684043449710089e-19,0.0038267584855551234,Wilson score,1,1000,0,0.99617324151444497,1,Wilson score,1,1000,0,0.99617324151444497,1,Wilson score,0,0,0,,,,,,,,,,,,,,,,,,,,,,,,,,,,,,,,,,,,,,,,,,,,,,,,,,,,,,,,,,,,,,,,,,,,,,,,,,,,,,,,,,,,,,,,,,,,,,,,,,,,,,,,,,,,,,,,,,,,,,,,,,,,,,,,,
CTGAN__XGBoost,CTGAN,XGBoost,R5_NULL,TARGET_B,0.025000000000000001,NOT_QUALIFIED,0.092996518941769205,0.092996518941769205,0.067996518941769196,far from boundary,METHOD_SUCCESS,,M4,M4_SINGLE_REALIZATION,1000,1000,0,0,0,2.1684043449710089e-19,0.0038267584855551234,Wilson score,0,0,0,2.1684043449710089e-19,0.0038267584855551234,Wilson score,0,0,0,2.1684043449710089e-19,0.0038267584855551234,Wilson score,0,0,0,2.1684043449710089e-19,0.0038267584855551234,Wilson score,0,0,0,2.1684043449710089e-19,0.0038267584855551234,Wilson score,1,1000,0,0.99617324151444497,1,Wilson score,1,1000,0,0.99617324151444497,1,Wilson score,0,0,0,,,,,,,,,,,,,,,,,,,,,,,,,,,,,,,,,,,,,,,,,,,,,,,,,,,,,,,,,,,,,,,,,,,,,,,,,,,,,,,,,,,,,,,,,,,,,,,,,,,,,,,,,,,,,,,,,,,,,,,,,,,,,,,,,
CTGAN__XGBoost,CTGAN,XGBoost,R5_NULL,TARGET_B,0.025000000000000001,NOT_QUALIFIED,0.092996518941769205,0.092996518941769205,0.067996518941769196,far from boundary,PAIR_COMMON_SUCCESS,M4_vs_M1,M1,M1_FULL_COV_CROSSED,996,1000,0,0,0,2.1684043449710089e-19,0.0038420679466773643,Wilson score,0,0,0,2.1684043449710089e-19,0.0038420679466773643,Wilson score,0,0,0,2.1684043449710089e-19,0.0038420679466773643,Wilson score,0,0,0,2.1684043449710089e-19,0.0038420679466773643,Wilson score,0,0,0,2.1684043449710089e-19,0.0038420679466773643,Wilson score,1,996,0,0.99615793205332259,0.99999999999999989,Wilson score,1,996,0,0.99615793205332259,0.99999999999999989,Wilson score,0,0.0040000000000000001,0,,,,,,,,,,,,,,,,,,,,,,,,,,,,,,,,,,,,,,,,,,,,,,,,,,,,,,,,,,,,,,,,,,,,,,,,,,,,,,,,,,,,,,,,,,,,,,,,,,,,,,,,,,,,,,,,,,,,,,,,,,,,,,,,,
CTGAN__XGBoost,CTGAN,XGBoost,R5_NULL,TARGET_B,0.025000000000000001,NOT_QUALIFIED,0.092996518941769205,0.092996518941769205,0.067996518941769196,far from boundary,PAIR_COMMON_SUCCESS,M4_vs_M1,M4,M4_SINGLE_REALIZATION,996,1000,0,0,0,2.1684043449710089e-19,0.0038420679466773643,Wilson score,0,0,0,2.1684043449710089e-19,0.0038420679466773643,Wilson score,0,0,0,2.1684043449710089e-19,0.0038420679466773643,Wilson score,0,0,0,2.1684043449710089e-19,0.0038420679466773643,Wilson score,0,0,0,2.1684043449710089e-19,0.0038420679466773643,Wilson score,1,996,0,0.99615793205332259,0.99999999999999989,Wilson score,1,996,0,0.99615793205332259,0.99999999999999989,Wilson score,0,0.0040000000000000001,0,,,,,,,,,,,,,,,,,,,,,,,,,,,,,,,,,,,,,,,,,,,,,,,,,,,,,,,,,,,,,,,,,,,,,,,,,,,,,,,,,,,,,,,,,,,,,,,,,,,,,,,,,,,,,,,,,,,,,,,,,,,,,,,,,
CTGAN__XGBoost,CTGAN,XGBoost,R5_NULL,TARGET_B,0.025000000000000001,NOT_QUALIFIED,0.092996518941769205,0.092996518941769205,0.067996518941769196,far from boundary,PAIR_COMMON_SUCCESS,M3_vs_M1,M1,M1_FULL_COV_CROSSED,996,1000,0,0,0,2.1684043449710089e-19,0.0038420679466773643,Wilson score,0,0,0,2.1684043449710089e-19,0.0038420679466773643,Wilson score,0,0,0,2.1684043449710089e-19,0.0038420679466773643,Wilson score,0,0,0,2.1684043449710089e-19,0.0038420679466773643,Wilson score,0,0,0,2.1684043449710089e-19,0.0038420679466773643,Wilson score,1,996,0,0.99615793205332259,0.99999999999999989,Wilson score,1,996,0,0.99615793205332259,0.99999999999999989,Wilson score,0,0.0040000000000000001,0,,,,,,,,,,,,,,,,,,,,,,,,,,,,,,,,,,,,,,,,,,,,,,,,,,,,,,,,,,,,,,,,,,,,,,,,,,,,,,,,,,,,,,,,,,,,,,,,,,,,,,,,,,,,,,,,,,,,,,,,,,,,,,,,,
CTGAN__XGBoost,CTGAN,XGBoost,R5_NULL,TARGET_B,0.025000000000000001,NOT_QUALIFIED,0.092996518941769205,0.092996518941769205,0.067996518941769196,far from boundary,PAIR_COMMON_SUCCESS,M3_vs_M1,M3,M3_SEED_AGGREGATED,996,1000,0,0,0,2.1684043449710089e-19,0.0038420679466773643,Wilson score,0,0,0,2.1684043449710089e-19,0.0038420679466773643,Wilson score,0,0,0,2.1684043449710089e-19,0.0038420679466773643,Wilson score,0,0,0,2.1684043449710089e-19,0.0038420679466773643,Wilson score,0,0,0,2.1684043449710089e-19,0.0038420679466773643,Wilson score,1,996,0,0.99615793205332259,0.99999999999999989,Wilson score,1,996,0,0.99615793205332259,0.99999999999999989,Wilson score,0,0.0040000000000000001,0,,,,,,,,,,,,,,,,,,,,,,,,,,,,,,,,,,,,,,,,,,,,,,,,,,,,,,,,,,,,,,,,,,,,,,,,,,,,,,,,,,,,,,,,,,,,,,,,,,,,,,,,,,,,,,,,,,,,,,,,,,,,,,,,,
CTGAN__XGBoost,CTGAN,XGBoost,R5_NULL,TARGET_B,0.025000000000000001,NOT_QUALIFIED,0.092996518941769205,0.092996518941769205,0.067996518941769196,far from boundary,PAIR_COMMON_SUCCESS,M2_vs_M1,M1,M1_FULL_COV_CROSSED,990,1000,0,0,0,0,0.0038652632033005069,Wilson score,0,0,0,0,0.0038652632033005069,Wilson score,0,0,0,0,0.0038652632033005069,Wilson score,0,0,0,0,0.0038652632033005069,Wilson score,0,0,0,0,0.0038652632033005069,Wilson score,1,990,0,0.99613473679669939,0.99999999999999989,Wilson score,1,990,0,0.99613473679669939,0.99999999999999989,Wilson score,0,0.01,0,,,,,,,,,,,,,,,,,,,,,,,,,,,,,,,,,,,,,,,,,,,,,,,,,,,,,,,,,,,,,,,,,,,,,,,,,,,,,,,,,,,,,,,,,,,,,,,,,,,,,,,,,,,,,,,,,,,,,,,,,,,,,,,,,
CTGAN__XGBoost,CTGAN,XGBoost,R5_NULL,TARGET_B,0.025000000000000001,NOT_QUALIFIED,0.092996518941769205,0.092996518941769205,0.067996518941769196,far from boundary,PAIR_COMMON_SUCCESS,M2_vs_M1,M2,M2_DIAGONAL_COV_CROSSED,990,1000,0.0010101010101010101,1,0.0010095907291843326,0.00017832988994192058,0.0056993267210286858,Wilson score,0,0,0,0,0.0038652632033005069,Wilson score,0,0,0,0,0.0038652632033005069,Wilson score,0,0,0,0,0.0038652632033005069,Wilson score,0.0010101010101010101,1,0.0010095907291843326,0.00017832988994192058,0.0056993267210286858,Wilson score,0.99898989898989898,989,0.0010095907291843358,0.99430067327897131,0.99982167011005807,Wilson score,0.99898989898989898,989,0.0010095907291843358,0.99430067327897131,0.99982167011005807,Wilson score,0.001,0.010999999999999999,0.0010101010101010166,,,,,,,,,,,,,,,,,,,,,,,,,,,,,,,,,,,,,,,,,,,,,,,,,,,,,,,,,,,,,,,,,,,,,,,,,,,,,,,,,,,,,,,,,,,,,,,,,,,,,,,,,,,,,,,,,,,,,,,,,,,,,,,,,
CTGAN__XGBoost,CTGAN,XGBoost,R5_NULL,TARGET_B,0.050000000000000003,NOT_QUALIFIED,0.092996518941769205,0.092996518941769205,0.042996518941769202,intermediate,METHOD_SUCCESS,,M1,M1_FULL_COV_CROSSED,996,1000,0,0,0,2.1684043449710089e-19,0.0038420679466773643,Wilson score,0,0,0,2.1684043449710089e-19,0.0038420679466773643,Wilson score,0,0,0,2.1684043449710089e-19,0.0038420679466773643,Wilson score,0,0,0,2.1684043449710089e-19,0.0038420679466773643,Wilson score,0,0,0,2.1684043449710089e-19,0.0038420679466773643,Wilson score,1,996,0,0.99615793205332259,0.99999999999999989,Wilson score,1,996,0,0.99615793205332259,0.99999999999999989,Wilson score,0,0.0040000000000000001,0,,,,,,,,,,,,,,,,,,,,,,,,,,,,,,,,,,,,,,,,,,,,,,,,,,,,,,,,,,,,,,,,,,,,,,,,,,,,,,,,,,,,,,,,,,,,,,,,,,,,,,,,,,,,,,,,,,,,,,,,,,,,,,,,,
CTGAN__XGBoost,CTGAN,XGBoost,R5_NULL,TARGET_B,0.050000000000000003,NOT_QUALIFIED,0.092996518941769205,0.092996518941769205,0.042996518941769202,intermediate,METHOD_SUCCESS,,M2,M2_DIAGONAL_COV_CROSSED,994,1000,0.94969818913480886,944,0.0069325246539293107,0.93429557823764275,0.96163833200154492,Wilson score,0,0,0,2.1684043449710089e-19,0.003849768704974616,Wilson score,0,0,0,2.1684043449710089e-19,0.003849768704974616,Wilson score,0,0,0,2.1684043449710089e-19,0.003849768704974616,Wilson score,0.94969818913480886,944,0.0069325246539293107,0.93429557823764275,0.96163833200154492,Wilson score,0.05030181086519115,50,0.0069325246539293115,0.03836166799845498,0.065704421762357204,Wilson score,0.05030181086519115,50,0.0069325246539293115,0.03836166799845498,0.065704421762357204,Wilson score,0.94399999999999995,0.94999999999999996,0.94969818913480886,,,,,,,,,,,,,,,,,,,,,,,,,,,,,,,,,,,,,,,,,,,,,,,,,,,,,,,,,,,,,,,,,,,,,,,,,,,,,,,,,,,,,,,,,,,,,,,,,,,,,,,,,,,,,,,,,,,,,,,,,,,,,,,,,
CTGAN__XGBoost,CTGAN,XGBoost,R5_NULL,TARGET_B,0.050000000000000003,NOT_QUALIFIED,0.092996518941769205,0.092996518941769205,0.042996518941769202,intermediate,METHOD_SUCCESS,,M3,M3_SEED_AGGREGATED,1000,1000,0,0,0,2.1684043449710089e-19,0.0038267584855551234,Wilson score,0,0,0,2.1684043449710089e-19,0.0038267584855551234,Wilson score,0,0,0,2.1684043449710089e-19,0.0038267584855551234,Wilson score,0,0,0,2.1684043449710089e-19,0.0038267584855551234,Wilson score,0,0,0,2.1684043449710089e-19,0.0038267584855551234,Wilson score,1,1000,0,0.99617324151444497,1,Wilson score,1,1000,0,0.99617324151444497,1,Wilson score,0,0,0,,,,,,,,,,,,,,,,,,,,,,,,,,,,,,,,,,,,,,,,,,,,,,,,,,,,,,,,,,,,,,,,,,,,,,,,,,,,,,,,,,,,,,,,,,,,,,,,,,,,,,,,,,,,,,,,,,,,,,,,,,,,,,,,,
CTGAN__XGBoost,CTGAN,XGBoost,R5_NULL,TARGET_B,0.050000000000000003,NOT_QUALIFIED,0.092996518941769205,0.092996518941769205,0.042996518941769202,intermediate,METHOD_SUCCESS,,M4,M4_SINGLE_REALIZATION,1000,1000,0.001,1,0.00099949987493746085,0.00017654637062607809,0.0056425585979579355,Wilson score,0,0,0,2.1684043449710089e-19,0.0038267584855551234,Wilson score,0,0,0,2.1684043449710089e-19,0.0038267584855551234,Wilson score,0,0,0,2.1684043449710089e-19,0.0038267584855551234,Wilson score,0.001,1,0.00099949987493746085,0.00017654637062607809,0.0056425585979579355,Wilson score,0.999,999,0.00099949987493746129,0.99435744140204207,0.99982345362937386,Wilson score,0.999,999,0.00099949987493746129,0.99435744140204207,0.99982345362937386,Wilson score,0.001,0.001,0.0010000000000000009,,,,,,,,,,,,,,,,,,,,,,,,,,,,,,,,,,,,,,,,,,,,,,,,,,,,,,,,,,,,,,,,,,,,,,,,,,,,,,,,,,,,,,,,,,,,,,,,,,,,,,,,,,,,,,,,,,,,,,,,,,,,,,,,,
CTGAN__XGBoost,CTGAN,XGBoost,R5_NULL,TARGET_B,0.050000000000000003,NOT_QUALIFIED,0.092996518941769205,0.092996518941769205,0.042996518941769202,intermediate,PAIR_COMMON_SUCCESS,M4_vs_M1,M1,M1_FULL_COV_CROSSED,996,1000,0,0,0,2.1684043449710089e-19,0.0038420679466773643,Wilson score,0,0,0,2.1684043449710089e-19,0.0038420679466773643,Wilson score,0,0,0,2.1684043449710089e-19,0.0038420679466773643,Wilson score,0,0,0,2.1684043449710089e-19,0.0038420679466773643,Wilson score,0,0,0,2.1684043449710089e-19,0.0038420679466773643,Wilson score,1,996,0,0.99615793205332259,0.99999999999999989,Wilson score,1,996,0,0.99615793205332259,0.99999999999999989,Wilson score,0,0.0040000000000000001,0,,,,,,,,,,,,,,,,,,,,,,,,,,,,,,,,,,,,,,,,,,,,,,,,,,,,,,,,,,,,,,,,,,,,,,,,,,,,,,,,,,,,,,,,,,,,,,,,,,,,,,,,,,,,,,,,,,,,,,,,,,,,,,,,,
CTGAN__XGBoost,CTGAN,XGBoost,R5_NULL,TARGET_B,0.050000000000000003,NOT_QUALIFIED,0.092996518941769205,0.092996518941769205,0.042996518941769202,intermediate,PAIR_COMMON_SUCCESS,M4_vs_M1,M4,M4_SINGLE_REALIZATION,996,1000,0.001004016064257028,1,0.0010035119135527544,0.00017725548018211789,0.0056651295991324412,Wilson score,0,0,0,2.1684043449710089e-19,0.0038420679466773643,Wilson score,0,0,0,2.1684043449710089e-19,0.0038420679466773643,Wilson score,0,0,0,2.1684043449710089e-19,0.0038420679466773643,Wilson score,0.001004016064257028,1,0.0010035119135527544,0.00017725548018211789,0.0056651295991324412,Wilson score,0.99899598393574296,995,0.0010035119135527609,0.99433487040086743,0.99982274451981779,Wilson score,0.99899598393574296,995,0.0010035119135527609,0.99433487040086743,0.99982274451981779,Wilson score,0.001,0.0050000000000000001,0.0010040160642570406,,,,,,,,,,,,,,,,,,,,,,,,,,,,,,,,,,,,,,,,,,,,,,,,,,,,,,,,,,,,,,,,,,,,,,,,,,,,,,,,,,,,,,,,,,,,,,,,,,,,,,,,,,,,,,,,,,,,,,,,,,,,,,,,,
CTGAN__XGBoost,CTGAN,XGBoost,R5_NULL,TARGET_B,0.050000000000000003,NOT_QUALIFIED,0.092996518941769205,0.092996518941769205,0.042996518941769202,intermediate,PAIR_COMMON_SUCCESS,M3_vs_M1,M1,M1_FULL_COV_CROSSED,996,1000,0,0,0,2.1684043449710089e-19,0.0038420679466773643,Wilson score,0,0,0,2.1684043449710089e-19,0.0038420679466773643,Wilson score,0,0,0,2.1684043449710089e-19,0.0038420679466773643,Wilson score,0,0,0,2.1684043449710089e-19,0.0038420679466773643,Wilson score,0,0,0,2.1684043449710089e-19,0.0038420679466773643,Wilson score,1,996,0,0.99615793205332259,0.99999999999999989,Wilson score,1,996,0,0.99615793205332259,0.99999999999999989,Wilson score,0,0.0040000000000000001,0,,,,,,,,,,,,,,,,,,,,,,,,,,,,,,,,,,,,,,,,,,,,,,,,,,,,,,,,,,,,,,,,,,,,,,,,,,,,,,,,,,,,,,,,,,,,,,,,,,,,,,,,,,,,,,,,,,,,,,,,,,,,,,,,,
CTGAN__XGBoost,CTGAN,XGBoost,R5_NULL,TARGET_B,0.050000000000000003,NOT_QUALIFIED,0.092996518941769205,0.092996518941769205,0.042996518941769202,intermediate,PAIR_COMMON_SUCCESS,M3_vs_M1,M3,M3_SEED_AGGREGATED,996,1000,0,0,0,2.1684043449710089e-19,0.0038420679466773643,Wilson score,0,0,0,2.1684043449710089e-19,0.0038420679466773643,Wilson score,0,0,0,2.1684043449710089e-19,0.0038420679466773643,Wilson score,0,0,0,2.1684043449710089e-19,0.0038420679466773643,Wilson score,0,0,0,2.1684043449710089e-19,0.0038420679466773643,Wilson score,1,996,0,0.99615793205332259,0.99999999999999989,Wilson score,1,996,0,0.99615793205332259,0.99999999999999989,Wilson score,0,0.0040000000000000001,0,,,,,,,,,,,,,,,,,,,,,,,,,,,,,,,,,,,,,,,,,,,,,,,,,,,,,,,,,,,,,,,,,,,,,,,,,,,,,,,,,,,,,,,,,,,,,,,,,,,,,,,,,,,,,,,,,,,,,,,,,,,,,,,,,
CTGAN__XGBoost,CTGAN,XGBoost,R5_NULL,TARGET_B,0.050000000000000003,NOT_QUALIFIED,0.092996518941769205,0.092996518941769205,0.042996518941769202,intermediate,PAIR_COMMON_SUCCESS,M2_vs_M1,M1,M1_FULL_COV_CROSSED,990,1000,0,0,0,0,0.0038652632033005069,Wilson score,0,0,0,0,0.0038652632033005069,Wilson score,0,0,0,0,0.0038652632033005069,Wilson score,0,0,0,0,0.0038652632033005069,Wilson score,0,0,0,0,0.0038652632033005069,Wilson score,1,990,0,0.99613473679669939,0.99999999999999989,Wilson score,1,990,0,0.99613473679669939,0.99999999999999989,Wilson score,0,0.01,0,,,,,,,,,,,,,,,,,,,,,,,,,,,,,,,,,,,,,,,,,,,,,,,,,,,,,,,,,,,,,,,,,,,,,,,,,,,,,,,,,,,,,,,,,,,,,,,,,,,,,,,,,,,,,,,,,,,,,,,,,,,,,,,,,
CTGAN__XGBoost,CTGAN,XGBoost,R5_NULL,TARGET_B,0.050000000000000003,NOT_QUALIFIED,0.092996518941769205,0.092996518941769205,0.042996518941769202,intermediate,PAIR_COMMON_SUCCESS,M2_vs_M1,M2,M2_DIAGONAL_COV_CROSSED,990,1000,0.9494949494949495,940,0.0069597900219786181,0.93403257166204057,0.96148249475115399,Wilson score,0,0,0,0,0.0038652632033005069,Wilson score,0,0,0,0,0.0038652632033005069,Wilson score,0,0,0,0,0.0038652632033005069,Wilson score,0.9494949494949495,940,0.0069597900219786181,0.93403257166204057,0.96148249475115399,Wilson score,0.050505050505050504,50,0.0069597900219786181,0.038517505248845979,0.065967428337959516,Wilson score,0.050505050505050504,50,0.0069597900219786181,0.038517505248845979,0.065967428337959516,Wilson score,0.93999999999999995,0.94999999999999996,0.9494949494949495,,,,,,,,,,,,,,,,,,,,,,,,,,,,,,,,,,,,,,,,,,,,,,,,,,,,,,,,,,,,,,,,,,,,,,,,,,,,,,,,,,,,,,,,,,,,,,,,,,,,,,,,,,,,,,,,,,,,,,,,,,,,,,,,,
CTGAN__XGBoost,CTGAN,XGBoost,R5_NULL,TARGET_B,0.10000000000000001,QUALIFIED,0.092996518941769205,0.092996518941769205,0.007003481058230801,near boundary,METHOD_SUCCESS,,M1,M1_FULL_COV_CROSSED,996,1000,0.33333333333333331,332,0.014937023831607362,0.30474692794393587,0.36320042803828989,Wilson score,0,0,0,2.1684043449710089e-19,0.0038420679466773643,Wilson score,0,0,0,2.1684043449710089e-19,0.0038420679466773643,Wilson score,0,0,0,2.1684043449710089e-19,0.0038420679466773643,Wilson score,0.33333333333333331,332,0.014937023831607362,0.30474692794393587,0.36320042803828989,Wilson score,0.66666666666666663,664,0.014937023831607362,0.63679957196171011,0.69525307205606413,Wilson score,0.66666666666666663,664,0.014937023831607362,0.63679957196171011,0.69525307205606413,Wilson score,0.33200000000000002,0.33600000000000002,0.33333333333333337,,,,,,,,,,,,,,,,,,,,,,,,,,,,,,,,,,,,,,,,,,,,,,,,,,,,,,,,,,,,,,,,,,,,,,,,,,,,,,,,,,,,,,,,,,,,,,,,,,,,,,,,,,,,,,,,,,,,,,,,,,,,,,,,,
CTGAN__XGBoost,CTGAN,XGBoost,R5_NULL,TARGET_B,0.10000000000000001,QUALIFIED,0.092996518941769205,0.092996518941769205,0.007003481058230801,near boundary,METHOD_SUCCESS,,M2,M2_DIAGONAL_COV_CROSSED,994,1000,1,994,0,0.99615023129502533,0.99999999999999989,Wilson score,0,0,0,2.1684043449710089e-19,0.003849768704974616,Wilson score,0,0,0,2.1684043449710089e-19,0.003849768704974616,Wilson score,0,0,0,2.1684043449710089e-19,0.003849768704974616,Wilson score,1,994,0,0.99615023129502533,0.99999999999999989,Wilson score,0,0,0,2.1684043449710089e-19,0.003849768704974616,Wilson score,0,0,0,2.1684043449710089e-19,0.003849768704974616,Wilson score,0.99399999999999999,1,1,,,,,,,,,,,,,,,,,,,,,,,,,,,,,,,,,,,,,,,,,,,,,,,,,,,,,,,,,,,,,,,,,,,,,,,,,,,,,,,,,,,,,,,,,,,,,,,,,,,,,,,,,,,,,,,,,,,,,,,,,,,,,,,,,
CTGAN__XGBoost,CTGAN,XGBoost,R5_NULL,TARGET_B,0.10000000000000001,QUALIFIED,0.092996518941769205,0.092996518941769205,0.007003481058230801,near boundary,METHOD_SUCCESS,,M3,M3_SEED_AGGREGATED,1000,1000,0.45200000000000001,452,0.015738360778683402,0.42139559401833404,0.48297177479627929,Wilson score,0,0,0,2.1684043449710089e-19,0.0038267584855551234,Wilson score,0,0,0,2.1684043449710089e-19,0.0038267584855551234,Wilson score,0,0,0,2.1684043449710089e-19,0.0038267584855551234,Wilson score,0.45200000000000001,452,0.015738360778683402,0.42139559401833404,0.48297177479627929,Wilson score,0.54800000000000004,548,0.015738360778683402,0.51702822520372071,0.57860440598166607,Wilson score,0.54800000000000004,548,0.015738360778683402,0.51702822520372071,0.57860440598166607,Wilson score,0.45200000000000001,0.45200000000000001,0.45199999999999996,,,,,,,,,,,,,,,,,,,,,,,,,,,,,,,,,,,,,,,,,,,,,,,,,,,,,,,,,,,,,,,,,,,,,,,,,,,,,,,,,,,,,,,,,,,,,,,,,,,,,,,,,,,,,,,,,,,,,,,,,,,,,,,,,
CTGAN__XGBoost,CTGAN,XGBoost,R5_NULL,TARGET_B,0.10000000000000001,QUALIFIED,0.092996518941769205,0.092996518941769205,0.007003481058230801,near boundary,METHOD_SUCCESS,,M4,M4_SINGLE_REALIZATION,1000,1000,0.58799999999999997,588,0.015564575162849771,0.55721380178650004,0.6181126887200421,Wilson score,0,0,0,2.1684043449710089e-19,0.0038267584855551234,Wilson score,0,0,0,2.1684043449710089e-19,0.0038267584855551234,Wilson score,0,0,0,2.1684043449710089e-19,0.0038267584855551234,Wilson score,0.58799999999999997,588,0.015564575162849771,0.55721380178650004,0.6181126887200421,Wilson score,0.41199999999999998,412,0.015564575162849772,0.38188731127995779,0.44278619821349985,Wilson score,0.41199999999999998,412,0.015564575162849772,0.38188731127995779,0.44278619821349985,Wilson score,0.58799999999999997,0.58799999999999997,0.58800000000000008,,,,,,,,,,,,,,,,,,,,,,,,,,,,,,,,,,,,,,,,,,,,,,,,,,,,,,,,,,,,,,,,,,,,,,,,,,,,,,,,,,,,,,,,,,,,,,,,,,,,,,,,,,,,,,,,,,,,,,,,,,,,,,,,,
CTGAN__XGBoost,CTGAN,XGBoost,R5_NULL,TARGET_B,0.10000000000000001,QUALIFIED,0.092996518941769205,0.092996518941769205,0.007003481058230801,near boundary,PAIR_COMMON_SUCCESS,M4_vs_M1,M1,M1_FULL_COV_CROSSED,996,1000,0.33333333333333331,332,0.014937023831607362,0.30474692794393587,0.36320042803828989,Wilson score,0,0,0,2.1684043449710089e-19,0.0038420679466773643,Wilson score,0,0,0,2.1684043449710089e-19,0.0038420679466773643,Wilson score,0,0,0,2.1684043449710089e-19,0.0038420679466773643,Wilson score,0.33333333333333331,332,0.014937023831607362,0.30474692794393587,0.36320042803828989,Wilson score,0.66666666666666663,664,0.014937023831607362,0.63679957196171011,0.69525307205606413,Wilson score,0.66666666666666663,664,0.014937023831607362,0.63679957196171011,0.69525307205606413,Wilson score,0.33200000000000002,0.33600000000000002,0.33333333333333337,,,,,,,,,,,,,,,,,,,,,,,,,,,,,,,,,,,,,,,,,,,,,,,,,,,,,,,,,,,,,,,,,,,,,,,,,,,,,,,,,,,,,,,,,,,,,,,,,,,,,,,,,,,,,,,,,,,,,,,,,,,,,,,,,
CTGAN__XGBoost,CTGAN,XGBoost,R5_NULL,TARGET_B,0.10000000000000001,QUALIFIED,0.092996518941769205,0.092996518941769205,0.007003481058230801,near boundary,PAIR_COMMON_SUCCESS,M4_vs_M1,M4,M4_SINGLE_REALIZATION,996,1000,0.5893574297188755,587,0.015588046655954977,0.55851891769127116,0.6195093071134391,Wilson score,0,0,0,2.1684043449710089e-19,0.0038420679466773643,Wilson score,0,0,0,2.1684043449710089e-19,0.0038420679466773643,Wilson score,0,0,0,2.1684043449710089e-19,0.0038420679466773643,Wilson score,0.5893574297188755,587,0.015588046655954977,0.55851891769127116,0.6195093071134391,Wilson score,0.4106425702811245,409,0.015588046655954977,0.3804906928865609,0.44148108230872884,Wilson score,0.4106425702811245,409,0.015588046655954977,0.3804906928865609,0.44148108230872884,Wilson score,0.58699999999999997,0.59099999999999997,0.5893574297188755,,,,,,,,,,,,,,,,,,,,,,,,,,,,,,,,,,,,,,,,,,,,,,,,,,,,,,,,,,,,,,,,,,,,,,,,,,,,,,,,,,,,,,,,,,,,,,,,,,,,,,,,,,,,,,,,,,,,,,,,,,,,,,,,,
CTGAN__XGBoost,CTGAN,XGBoost,R5_NULL,TARGET_B,0.10000000000000001,QUALIFIED,0.092996518941769205,0.092996518941769205,0.007003481058230801,near boundary,PAIR_COMMON_SUCCESS,M3_vs_M1,M1,M1_FULL_COV_CROSSED,996,1000,0.33333333333333331,332,0.014937023831607362,0.30474692794393587,0.36320042803828989,Wilson score,0,0,0,2.1684043449710089e-19,0.0038420679466773643,Wilson score,0,0,0,2.1684043449710089e-19,0.0038420679466773643,Wilson score,0,0,0,2.1684043449710089e-19,0.0038420679466773643,Wilson score,0.33333333333333331,332,0.014937023831607362,0.30474692794393587,0.36320042803828989,Wilson score,0.66666666666666663,664,0.014937023831607362,0.63679957196171011,0.69525307205606413,Wilson score,0.66666666666666663,664,0.014937023831607362,0.63679957196171011,0.69525307205606413,Wilson score,0.33200000000000002,0.33600000000000002,0.33333333333333337,,,,,,,,,,,,,,,,,,,,,,,,,,,,,,,,,,,,,,,,,,,,,,,,,,,,,,,,,,,,,,,,,,,,,,,,,,,,,,,,,,,,,,,,,,,,,,,,,,,,,,,,,,,,,,,,,,,,,,,,,,,,,,,,,
CTGAN__XGBoost,CTGAN,XGBoost,R5_NULL,TARGET_B,0.10000000000000001,QUALIFIED,0.092996518941769205,0.092996518941769205,0.007003481058230801,near boundary,PAIR_COMMON_SUCCESS,M3_vs_M1,M3,M3_SEED_AGGREGATED,996,1000,0.4528112449799197,451,0.015772390262035956,0.4221381405252369,0.48384695424081503,Wilson score,0,0,0,2.1684043449710089e-19,0.0038420679466773643,Wilson score,0,0,0,2.1684043449710089e-19,0.0038420679466773643,Wilson score,0,0,0,2.1684043449710089e-19,0.0038420679466773643,Wilson score,0.4528112449799197,451,0.015772390262035956,0.4221381405252369,0.48384695424081503,Wilson score,0.54718875502008035,545,0.01577239026203596,0.51615304575918508,0.57786185947476321,Wilson score,0.54718875502008035,545,0.01577239026203596,0.51615304575918508,0.57786185947476321,Wilson score,0.45100000000000001,0.45500000000000002,0.45281124497991965,,,,,,,,,,,,,,,,,,,,,,,,,,,,,,,,,,,,,,,,,,,,,,,,,,,,,,,,,,,,,,,,,,,,,,,,,,,,,,,,,,,,,,,,,,,,,,,,,,,,,,,,,,,,,,,,,,,,,,,,,,,,,,,,,
CTGAN__XGBoost,CTGAN,XGBoost,R5_NULL,TARGET_B,0.10000000000000001,QUALIFIED,0.092996518941769205,0.092996518941769205,0.007003481058230801,near boundary,PAIR_COMMON_SUCCESS,M2_vs_M1,M1,M1_FULL_COV_CROSSED,990,1000,0.33434343434343433,331,0.014993530667378114,0.30564682078974836,0.36432066035235522,Wilson score,0,0,0,0,0.0038652632033005069,Wilson score,0,0,0,0,0.0038652632033005069,Wilson score,0,0,0,0,0.0038652632033005069,Wilson score,0.33434343434343433,331,0.014993530667378114,0.30564682078974836,0.36432066035235522,Wilson score,0.66565656565656561,659,0.014993530667378116,0.63567933964764467,0.69435317921025164,Wilson score,0.66565656565656561,659,0.014993530667378116,0.63567933964764467,0.69435317921025164,Wilson score,0.33100000000000002,0.34100000000000003,0.33434343434343439,,,,,,,,,,,,,,,,,,,,,,,,,,,,,,,,,,,,,,,,,,,,,,,,,,,,,,,,,,,,,,,,,,,,,,,,,,,,,,,,,,,,,,,,,,,,,,,,,,,,,,,,,,,,,,,,,,,,,,,,,,,,,,,,,
CTGAN__XGBoost,CTGAN,XGBoost,R5_NULL,TARGET_B,0.10000000000000001,QUALIFIED,0.092996518941769205,0.092996518941769205,0.007003481058230801,near boundary,PAIR_COMMON_SUCCESS,M2_vs_M1,M2,M2_DIAGONAL_COV_CROSSED,990,1000,1,990,0,0.99613473679669939,0.99999999999999989,Wilson score,0,0,0,0,0.0038652632033005069,Wilson score,0,0,0,0,0.0038652632033005069,Wilson score,0,0,0,0,0.0038652632033005069,Wilson score,1,990,0,0.99613473679669939,0.99999999999999989,Wilson score,0,0,0,0,0.0038652632033005069,Wilson score,0,0,0,0,0.0038652632033005069,Wilson score,0.98999999999999999,1,1,,,,,,,,,,,,,,,,,,,,,,,,,,,,,,,,,,,,,,,,,,,,,,,,,,,,,,,,,,,,,,,,,,,,,,,,,,,,,,,,,,,,,,,,,,,,,,,,,,,,,,,,,,,,,,,,,,,,,,,,,,,,,,,,,
CTGAN__XGBoost,CTGAN,XGBoost,R5_NULL,TARGET_B,0.20000000000000001,QUALIFIED,0.092996518941769205,0.092996518941769205,0.10700348105823081,far from boundary,METHOD_SUCCESS,,M1,M1_FULL_COV_CROSSED,996,1000,0,0,0,2.1684043449710089e-19,0.0038420679466773643,Wilson score,0,0,0,2.1684043449710089e-19,0.0038420679466773643,Wilson score,0,0,0,2.1684043449710089e-19,0.0038420679466773643,Wilson score,0,0,0,2.1684043449710089e-19,0.0038420679466773643,Wilson score,0,0,0,2.1684043449710089e-19,0.0038420679466773643,Wilson score,1,996,0,0.99615793205332259,0.99999999999999989,Wilson score,1,996,0,0.99615793205332259,0.99999999999999989,Wilson score,0,0.0040000000000000001,0,,,,,,,,,,,,,,,,,,,,,,,,,,,,,,,,,,,,,,,,,,,,,,,,,,,,,,,,,,,,,,,,,,,,,,,,,,,,,,,,,,,,,,,,,,,,,,,,,,,,,,,,,,,,,,,,,,,,,,,,,,,,,,,,,
CTGAN__XGBoost,CTGAN,XGBoost,R5_NULL,TARGET_B,0.20000000000000001,QUALIFIED,0.092996518941769205,0.092996518941769205,0.10700348105823081,far from boundary,METHOD_SUCCESS,,M2,M2_DIAGONAL_COV_CROSSED,994,1000,0,0,0,2.1684043449710089e-19,0.003849768704974616,Wilson score,0,0,0,2.1684043449710089e-19,0.003849768704974616,Wilson score,0,0,0,2.1684043449710089e-19,0.003849768704974616,Wilson score,0,0,0,2.1684043449710089e-19,0.003849768704974616,Wilson score,0,0,0,2.1684043449710089e-19,0.003849768704974616,Wilson score,1,994,0,0.99615023129502533,0.99999999999999989,Wilson score,1,994,0,0.99615023129502533,0.99999999999999989,Wilson score,0,0.0060000000000000001,0,,,,,,,,,,,,,,,,,,,,,,,,,,,,,,,,,,,,,,,,,,,,,,,,,,,,,,,,,,,,,,,,,,,,,,,,,,,,,,,,,,,,,,,,,,,,,,,,,,,,,,,,,,,,,,,,,,,,,,,,,,,,,,,,,
CTGAN__XGBoost,CTGAN,XGBoost,R5_NULL,TARGET_B,0.20000000000000001,QUALIFIED,0.092996518941769205,0.092996518941769205,0.10700348105823081,far from boundary,METHOD_SUCCESS,,M3,M3_SEED_AGGREGATED,1000,1000,0,0,0,2.1684043449710089e-19,0.0038267584855551234,Wilson score,0,0,0,2.1684043449710089e-19,0.0038267584855551234,Wilson score,0,0,0,2.1684043449710089e-19,0.0038267584855551234,Wilson score,0,0,0,2.1684043449710089e-19,0.0038267584855551234,Wilson score,0,0,0,2.1684043449710089e-19,0.0038267584855551234,Wilson score,1,1000,0,0.99617324151444497,1,Wilson score,1,1000,0,0.99617324151444497,1,Wilson score,0,0,0,,,,,,,,,,,,,,,,,,,,,,,,,,,,,,,,,,,,,,,,,,,,,,,,,,,,,,,,,,,,,,,,,,,,,,,,,,,,,,,,,,,,,,,,,,,,,,,,,,,,,,,,,,,,,,,,,,,,,,,,,,,,,,,,,
CTGAN__XGBoost,CTGAN,XGBoost,R5_NULL,TARGET_B,0.20000000000000001,QUALIFIED,0.092996518941769205,0.092996518941769205,0.10700348105823081,far from boundary,METHOD_SUCCESS,,M4,M4_SINGLE_REALIZATION,1000,1000,0,0,0,2.1684043449710089e-19,0.0038267584855551234,Wilson score,0,0,0,2.1684043449710089e-19,0.0038267584855551234,Wilson score,0,0,0,2.1684043449710089e-19,0.0038267584855551234,Wilson score,0,0,0,2.1684043449710089e-19,0.0038267584855551234,Wilson score,0,0,0,2.1684043449710089e-19,0.0038267584855551234,Wilson score,1,1000,0,0.99617324151444497,1,Wilson score,1,1000,0,0.99617324151444497,1,Wilson score,0,0,0,,,,,,,,,,,,,,,,,,,,,,,,,,,,,,,,,,,,,,,,,,,,,,,,,,,,,,,,,,,,,,,,,,,,,,,,,,,,,,,,,,,,,,,,,,,,,,,,,,,,,,,,,,,,,,,,,,,,,,,,,,,,,,,,,
CTGAN__XGBoost,CTGAN,XGBoost,R5_NULL,TARGET_B,0.20000000000000001,QUALIFIED,0.092996518941769205,0.092996518941769205,0.10700348105823081,far from boundary,PAIR_COMMON_SUCCESS,M4_vs_M1,M1,M1_FULL_COV_CROSSED,996,1000,0,0,0,2.1684043449710089e-19,0.0038420679466773643,Wilson score,0,0,0,2.1684043449710089e-19,0.0038420679466773643,Wilson score,0,0,0,2.1684043449710089e-19,0.0038420679466773643,Wilson score,0,0,0,2.1684043449710089e-19,0.0038420679466773643,Wilson score,0,0,0,2.1684043449710089e-19,0.0038420679466773643,Wilson score,1,996,0,0.99615793205332259,0.99999999999999989,Wilson score,1,996,0,0.99615793205332259,0.99999999999999989,Wilson score,0,0.0040000000000000001,0,,,,,,,,,,,,,,,,,,,,,,,,,,,,,,,,,,,,,,,,,,,,,,,,,,,,,,,,,,,,,,,,,,,,,,,,,,,,,,,,,,,,,,,,,,,,,,,,,,,,,,,,,,,,,,,,,,,,,,,,,,,,,,,,,
CTGAN__XGBoost,CTGAN,XGBoost,R5_NULL,TARGET_B,0.20000000000000001,QUALIFIED,0.092996518941769205,0.092996518941769205,0.10700348105823081,far from boundary,PAIR_COMMON_SUCCESS,M4_vs_M1,M4,M4_SINGLE_REALIZATION,996,1000,0,0,0,2.1684043449710089e-19,0.0038420679466773643,Wilson score,0,0,0,2.1684043449710089e-19,0.0038420679466773643,Wilson score,0,0,0,2.1684043449710089e-19,0.0038420679466773643,Wilson score,0,0,0,2.1684043449710089e-19,0.0038420679466773643,Wilson score,0,0,0,2.1684043449710089e-19,0.0038420679466773643,Wilson score,1,996,0,0.99615793205332259,0.99999999999999989,Wilson score,1,996,0,0.99615793205332259,0.99999999999999989,Wilson score,0,0.0040000000000000001,0,,,,,,,,,,,,,,,,,,,,,,,,,,,,,,,,,,,,,,,,,,,,,,,,,,,,,,,,,,,,,,,,,,,,,,,,,,,,,,,,,,,,,,,,,,,,,,,,,,,,,,,,,,,,,,,,,,,,,,,,,,,,,,,,,
CTGAN__XGBoost,CTGAN,XGBoost,R5_NULL,TARGET_B,0.20000000000000001,QUALIFIED,0.092996518941769205,0.092996518941769205,0.10700348105823081,far from boundary,PAIR_COMMON_SUCCESS,M3_vs_M1,M1,M1_FULL_COV_CROSSED,996,1000,0,0,0,2.1684043449710089e-19,0.0038420679466773643,Wilson score,0,0,0,2.1684043449710089e-19,0.0038420679466773643,Wilson score,0,0,0,2.1684043449710089e-19,0.0038420679466773643,Wilson score,0,0,0,2.1684043449710089e-19,0.0038420679466773643,Wilson score,0,0,0,2.1684043449710089e-19,0.0038420679466773643,Wilson score,1,996,0,0.99615793205332259,0.99999999999999989,Wilson score,1,996,0,0.99615793205332259,0.99999999999999989,Wilson score,0,0.0040000000000000001,0,,,,,,,,,,,,,,,,,,,,,,,,,,,,,,,,,,,,,,,,,,,,,,,,,,,,,,,,,,,,,,,,,,,,,,,,,,,,,,,,,,,,,,,,,,,,,,,,,,,,,,,,,,,,,,,,,,,,,,,,,,,,,,,,,
CTGAN__XGBoost,CTGAN,XGBoost,R5_NULL,TARGET_B,0.20000000000000001,QUALIFIED,0.092996518941769205,0.092996518941769205,0.10700348105823081,far from boundary,PAIR_COMMON_SUCCESS,M3_vs_M1,M3,M3_SEED_AGGREGATED,996,1000,0,0,0,2.1684043449710089e-19,0.0038420679466773643,Wilson score,0,0,0,2.1684043449710089e-19,0.0038420679466773643,Wilson score,0,0,0,2.1684043449710089e-19,0.0038420679466773643,Wilson score,0,0,0,2.1684043449710089e-19,0.0038420679466773643,Wilson score,0,0,0,2.1684043449710089e-19,0.0038420679466773643,Wilson score,1,996,0,0.99615793205332259,0.99999999999999989,Wilson score,1,996,0,0.99615793205332259,0.99999999999999989,Wilson score,0,0.0040000000000000001,0,,,,,,,,,,,,,,,,,,,,,,,,,,,,,,,,,,,,,,,,,,,,,,,,,,,,,,,,,,,,,,,,,,,,,,,,,,,,,,,,,,,,,,,,,,,,,,,,,,,,,,,,,,,,,,,,,,,,,,,,,,,,,,,,,
CTGAN__XGBoost,CTGAN,XGBoost,R5_NULL,TARGET_B,0.20000000000000001,QUALIFIED,0.092996518941769205,0.092996518941769205,0.10700348105823081,far from boundary,PAIR_COMMON_SUCCESS,M2_vs_M1,M1,M1_FULL_COV_CROSSED,990,1000,0,0,0,0,0.0038652632033005069,Wilson score,0,0,0,0,0.0038652632033005069,Wilson score,0,0,0,0,0.0038652632033005069,Wilson score,0,0,0,0,0.0038652632033005069,Wilson score,0,0,0,0,0.0038652632033005069,Wilson score,1,990,0,0.99613473679669939,0.99999999999999989,Wilson score,1,990,0,0.99613473679669939,0.99999999999999989,Wilson score,0,0.01,0,,,,,,,,,,,,,,,,,,,,,,,,,,,,,,,,,,,,,,,,,,,,,,,,,,,,,,,,,,,,,,,,,,,,,,,,,,,,,,,,,,,,,,,,,,,,,,,,,,,,,,,,,,,,,,,,,,,,,,,,,,,,,,,,,
CTGAN__XGBoost,CTGAN,XGBoost,R5_NULL,TARGET_B,0.20000000000000001,QUALIFIED,0.092996518941769205,0.092996518941769205,0.10700348105823081,far from boundary,PAIR_COMMON_SUCCESS,M2_vs_M1,M2,M2_DIAGONAL_COV_CROSSED,990,1000,0,0,0,0,0.0038652632033005069,Wilson score,0,0,0,0,0.0038652632033005069,Wilson score,0,0,0,0,0.0038652632033005069,Wilson score,0,0,0,0,0.0038652632033005069,Wilson score,0,0,0,0,0.0038652632033005069,Wilson score,1,990,0,0.99613473679669939,0.99999999999999989,Wilson score,1,990,0,0.99613473679669939,0.99999999999999989,Wilson score,0,0.01,0,,,,,,,,,,,,,,,,,,,,,,,,,,,,,,,,,,,,,,,,,,,,,,,,,,,,,,,,,,,,,,,,,,,,,,,,,,,,,,,,,,,,,,,,,,,,,,,,,,,,,,,,,,,,,,,,,,,,,,,,,,,,,,,,,
CTGAN__XGBoost,CTGAN,XGBoost,R5_NULL,TARGET_A,0.025000000000000001,NOT_QUALIFIED,0.092996518941769205,0.092996518941769205,0.067996518941769196,far from boundary,METHOD_SUCCESS,,M1,M1_FULL_COV_CROSSED,996,1000,0,0,0,2.1684043449710089e-19,0.0038420679466773643,Wilson score,0,0,0,2.1684043449710089e-19,0.0038420679466773643,Wilson score,0,0,0,2.1684043449710089e-19,0.0038420679466773643,Wilson score,0,0,0,2.1684043449710089e-19,0.0038420679466773643,Wilson score,0,0,0,2.1684043449710089e-19,0.0038420679466773643,Wilson score,1,996,0,0.99615793205332259,0.99999999999999989,Wilson score,1,996,0,0.99615793205332259,0.99999999999999989,Wilson score,0,0.0040000000000000001,0,,,,,,,,,,,,,,,,,,,,,,,,,,,,,,,,,,,,,,,,,,,,,,,,,,,,,,,,,,,,,,,,,,,,,,,,,,,,,,,,,,,,,,,,,,,,,,,,,,,,,,,,,,,,,,,,,,,,,,,,,,,,,,,,,
CTGAN__XGBoost,CTGAN,XGBoost,R5_NULL,TARGET_A,0.025000000000000001,NOT_QUALIFIED,0.092996518941769205,0.092996518941769205,0.067996518941769196,far from boundary,METHOD_SUCCESS,,M2,M2_DIAGONAL_COV_CROSSED,994,1000,0.001006036217303823,1,0.0010055300355272241,0.00017761217539598133,0.0056764829506953862,Wilson score,0,0,0,2.1684043449710089e-19,0.003849768704974616,Wilson score,0,0,0,2.1684043449710089e-19,0.003849768704974616,Wilson score,0,0,0,2.1684043449710089e-19,0.003849768704974616,Wilson score,0.001006036217303823,1,0.0010055300355272241,0.00017761217539598133,0.0056764829506953862,Wilson score,0.99899396378269623,993,0.0010055300355271996,0.99432351704930455,0.99982238782460398,Wilson score,0.99899396378269623,993,0.0010055300355271996,0.99432351704930455,0.99982238782460398,Wilson score,0.001,0.0070000000000000001,0.001006036217303774,,,,,,,,,,,,,,,,,,,,,,,,,,,,,,,,,,,,,,,,,,,,,,,,,,,,,,,,,,,,,,,,,,,,,,,,,,,,,,,,,,,,,,,,,,,,,,,,,,,,,,,,,,,,,,,,,,,,,,,,,,,,,,,,,
CTGAN__XGBoost,CTGAN,XGBoost,R5_NULL,TARGET_A,0.025000000000000001,NOT_QUALIFIED,0.092996518941769205,0.092996518941769205,0.067996518941769196,far from boundary,METHOD_SUCCESS,,M3,M3_SEED_AGGREGATED,1000,1000,0,0,0,2.1684043449710089e-19,0.0038267584855551234,Wilson score,0,0,0,2.1684043449710089e-19,0.0038267584855551234,Wilson score,0,0,0,2.1684043449710089e-19,0.0038267584855551234,Wilson score,0,0,0,2.1684043449710089e-19,0.0038267584855551234,Wilson score,0,0,0,2.1684043449710089e-19,0.0038267584855551234,Wilson score,1,1000,0,0.99617324151444497,1,Wilson score,1,1000,0,0.99617324151444497,1,Wilson score,0,0,0,,,,,,,,,,,,,,,,,,,,,,,,,,,,,,,,,,,,,,,,,,,,,,,,,,,,,,,,,,,,,,,,,,,,,,,,,,,,,,,,,,,,,,,,,,,,,,,,,,,,,,,,,,,,,,,,,,,,,,,,,,,,,,,,,
CTGAN__XGBoost,CTGAN,XGBoost,R5_NULL,TARGET_A,0.025000000000000001,NOT_QUALIFIED,0.092996518941769205,0.092996518941769205,0.067996518941769196,far from boundary,METHOD_SUCCESS,,M4,M4_SINGLE_REALIZATION,1000,1000,0,0,0,2.1684043449710089e-19,0.0038267584855551234,Wilson score,0,0,0,2.1684043449710089e-19,0.0038267584855551234,Wilson score,0,0,0,2.1684043449710089e-19,0.0038267584855551234,Wilson score,0,0,0,2.1684043449710089e-19,0.0038267584855551234,Wilson score,0,0,0,2.1684043449710089e-19,0.0038267584855551234,Wilson score,1,1000,0,0.99617324151444497,1,Wilson score,1,1000,0,0.99617324151444497,1,Wilson score,0,0,0,,,,,,,,,,,,,,,,,,,,,,,,,,,,,,,,,,,,,,,,,,,,,,,,,,,,,,,,,,,,,,,,,,,,,,,,,,,,,,,,,,,,,,,,,,,,,,,,,,,,,,,,,,,,,,,,,,,,,,,,,,,,,,,,,
CTGAN__XGBoost,CTGAN,XGBoost,R5_NULL,TARGET_A,0.025000000000000001,NOT_QUALIFIED,0.092996518941769205,0.092996518941769205,0.067996518941769196,far from boundary,PAIR_COMMON_SUCCESS,M4_vs_M1,M1,M1_FULL_COV_CROSSED,996,1000,0,0,0,2.1684043449710089e-19,0.0038420679466773643,Wilson score,0,0,0,2.1684043449710089e-19,0.0038420679466773643,Wilson score,0,0,0,2.1684043449710089e-19,0.0038420679466773643,Wilson score,0,0,0,2.1684043449710089e-19,0.0038420679466773643,Wilson score,0,0,0,2.1684043449710089e-19,0.0038420679466773643,Wilson score,1,996,0,0.99615793205332259,0.99999999999999989,Wilson score,1,996,0,0.99615793205332259,0.99999999999999989,Wilson score,0,0.0040000000000000001,0,,,,,,,,,,,,,,,,,,,,,,,,,,,,,,,,,,,,,,,,,,,,,,,,,,,,,,,,,,,,,,,,,,,,,,,,,,,,,,,,,,,,,,,,,,,,,,,,,,,,,,,,,,,,,,,,,,,,,,,,,,,,,,,,,
CTGAN__XGBoost,CTGAN,XGBoost,R5_NULL,TARGET_A,0.025000000000000001,NOT_QUALIFIED,0.092996518941769205,0.092996518941769205,0.067996518941769196,far from boundary,PAIR_COMMON_SUCCESS,M4_vs_M1,M4,M4_SINGLE_REALIZATION,996,1000,0,0,0,2.1684043449710089e-19,0.0038420679466773643,Wilson score,0,0,0,2.1684043449710089e-19,0.0038420679466773643,Wilson score,0,0,0,2.1684043449710089e-19,0.0038420679466773643,Wilson score,0,0,0,2.1684043449710089e-19,0.0038420679466773643,Wilson score,0,0,0,2.1684043449710089e-19,0.0038420679466773643,Wilson score,1,996,0,0.99615793205332259,0.99999999999999989,Wilson score,1,996,0,0.99615793205332259,0.99999999999999989,Wilson score,0,0.0040000000000000001,0,,,,,,,,,,,,,,,,,,,,,,,,,,,,,,,,,,,,,,,,,,,,,,,,,,,,,,,,,,,,,,,,,,,,,,,,,,,,,,,,,,,,,,,,,,,,,,,,,,,,,,,,,,,,,,,,,,,,,,,,,,,,,,,,,
CTGAN__XGBoost,CTGAN,XGBoost,R5_NULL,TARGET_A,0.025000000000000001,NOT_QUALIFIED,0.092996518941769205,0.092996518941769205,0.067996518941769196,far from boundary,PAIR_COMMON_SUCCESS,M3_vs_M1,M1,M1_FULL_COV_CROSSED,996,1000,0,0,0,2.1684043449710089e-19,0.0038420679466773643,Wilson score,0,0,0,2.1684043449710089e-19,0.0038420679466773643,Wilson score,0,0,0,2.1684043449710089e-19,0.0038420679466773643,Wilson score,0,0,0,2.1684043449710089e-19,0.0038420679466773643,Wilson score,0,0,0,2.1684043449710089e-19,0.0038420679466773643,Wilson score,1,996,0,0.99615793205332259,0.99999999999999989,Wilson score,1,996,0,0.99615793205332259,0.99999999999999989,Wilson score,0,0.0040000000000000001,0,,,,,,,,,,,,,,,,,,,,,,,,,,,,,,,,,,,,,,,,,,,,,,,,,,,,,,,,,,,,,,,,,,,,,,,,,,,,,,,,,,,,,,,,,,,,,,,,,,,,,,,,,,,,,,,,,,,,,,,,,,,,,,,,,
CTGAN__XGBoost,CTGAN,XGBoost,R5_NULL,TARGET_A,0.025000000000000001,NOT_QUALIFIED,0.092996518941769205,0.092996518941769205,0.067996518941769196,far from boundary,PAIR_COMMON_SUCCESS,M3_vs_M1,M3,M3_SEED_AGGREGATED,996,1000,0,0,0,2.1684043449710089e-19,0.0038420679466773643,Wilson score,0,0,0,2.1684043449710089e-19,0.0038420679466773643,Wilson score,0,0,0,2.1684043449710089e-19,0.0038420679466773643,Wilson score,0,0,0,2.1684043449710089e-19,0.0038420679466773643,Wilson score,0,0,0,2.1684043449710089e-19,0.0038420679466773643,Wilson score,1,996,0,0.99615793205332259,0.99999999999999989,Wilson score,1,996,0,0.99615793205332259,0.99999999999999989,Wilson score,0,0.0040000000000000001,0,,,,,,,,,,,,,,,,,,,,,,,,,,,,,,,,,,,,,,,,,,,,,,,,,,,,,,,,,,,,,,,,,,,,,,,,,,,,,,,,,,,,,,,,,,,,,,,,,,,,,,,,,,,,,,,,,,,,,,,,,,,,,,,,,
CTGAN__XGBoost,CTGAN,XGBoost,R5_NULL,TARGET_A,0.025000000000000001,NOT_QUALIFIED,0.092996518941769205,0.092996518941769205,0.067996518941769196,far from boundary,PAIR_COMMON_SUCCESS,M2_vs_M1,M1,M1_FULL_COV_CROSSED,990,1000,0,0,0,0,0.0038652632033005069,Wilson score,0,0,0,0,0.0038652632033005069,Wilson score,0,0,0,0,0.0038652632033005069,Wilson score,0,0,0,0,0.0038652632033005069,Wilson score,0,0,0,0,0.0038652632033005069,Wilson score,1,990,0,0.99613473679669939,0.99999999999999989,Wilson score,1,990,0,0.99613473679669939,0.99999999999999989,Wilson score,0,0.01,0,,,,,,,,,,,,,,,,,,,,,,,,,,,,,,,,,,,,,,,,,,,,,,,,,,,,,,,,,,,,,,,,,,,,,,,,,,,,,,,,,,,,,,,,,,,,,,,,,,,,,,,,,,,,,,,,,,,,,,,,,,,,,,,,,
CTGAN__XGBoost,CTGAN,XGBoost,R5_NULL,TARGET_A,0.025000000000000001,NOT_QUALIFIED,0.092996518941769205,0.092996518941769205,0.067996518941769196,far from boundary,PAIR_COMMON_SUCCESS,M2_vs_M1,M2,M2_DIAGONAL_COV_CROSSED,990,1000,0.0010101010101010101,1,0.0010095907291843326,0.00017832988994192058,0.0056993267210286858,Wilson score,0,0,0,0,0.0038652632033005069,Wilson score,0,0,0,0,0.0038652632033005069,Wilson score,0,0,0,0,0.0038652632033005069,Wilson score,0.0010101010101010101,1,0.0010095907291843326,0.00017832988994192058,0.0056993267210286858,Wilson score,0.99898989898989898,989,0.0010095907291843358,0.99430067327897131,0.99982167011005807,Wilson score,0.99898989898989898,989,0.0010095907291843358,0.99430067327897131,0.99982167011005807,Wilson score,0.001,0.010999999999999999,0.0010101010101010166,,,,,,,,,,,,,,,,,,,,,,,,,,,,,,,,,,,,,,,,,,,,,,,,,,,,,,,,,,,,,,,,,,,,,,,,,,,,,,,,,,,,,,,,,,,,,,,,,,,,,,,,,,,,,,,,,,,,,,,,,,,,,,,,,
CTGAN__XGBoost,CTGAN,XGBoost,R5_NULL,TARGET_A,0.050000000000000003,NOT_QUALIFIED,0.092996518941769205,0.092996518941769205,0.042996518941769202,intermediate,METHOD_SUCCESS,,M1,M1_FULL_COV_CROSSED,996,1000,0,0,0,2.1684043449710089e-19,0.0038420679466773643,Wilson score,0,0,0,2.1684043449710089e-19,0.0038420679466773643,Wilson score,0,0,0,2.1684043449710089e-19,0.0038420679466773643,Wilson score,0,0,0,2.1684043449710089e-19,0.0038420679466773643,Wilson score,0,0,0,2.1684043449710089e-19,0.0038420679466773643,Wilson score,1,996,0,0.99615793205332259,0.99999999999999989,Wilson score,1,996,0,0.99615793205332259,0.99999999999999989,Wilson score,0,0.0040000000000000001,0,,,,,,,,,,,,,,,,,,,,,,,,,,,,,,,,,,,,,,,,,,,,,,,,,,,,,,,,,,,,,,,,,,,,,,,,,,,,,,,,,,,,,,,,,,,,,,,,,,,,,,,,,,,,,,,,,,,,,,,,,,,,,,,,,
CTGAN__XGBoost,CTGAN,XGBoost,R5_NULL,TARGET_A,0.050000000000000003,NOT_QUALIFIED,0.092996518941769205,0.092996518941769205,0.042996518941769202,intermediate,METHOD_SUCCESS,,M2,M2_DIAGONAL_COV_CROSSED,994,1000,0.94969818913480886,944,0.0069325246539293107,0.93429557823764275,0.96163833200154492,Wilson score,0,0,0,2.1684043449710089e-19,0.003849768704974616,Wilson score,0,0,0,2.1684043449710089e-19,0.003849768704974616,Wilson score,0,0,0,2.1684043449710089e-19,0.003849768704974616,Wilson score,0.94969818913480886,944,0.0069325246539293107,0.93429557823764275,0.96163833200154492,Wilson score,0.05030181086519115,50,0.0069325246539293115,0.03836166799845498,0.065704421762357204,Wilson score,0.05030181086519115,50,0.0069325246539293115,0.03836166799845498,0.065704421762357204,Wilson score,0.94399999999999995,0.94999999999999996,0.94969818913480886,,,,,,,,,,,,,,,,,,,,,,,,,,,,,,,,,,,,,,,,,,,,,,,,,,,,,,,,,,,,,,,,,,,,,,,,,,,,,,,,,,,,,,,,,,,,,,,,,,,,,,,,,,,,,,,,,,,,,,,,,,,,,,,,,
CTGAN__XGBoost,CTGAN,XGBoost,R5_NULL,TARGET_A,0.050000000000000003,NOT_QUALIFIED,0.092996518941769205,0.092996518941769205,0.042996518941769202,intermediate,METHOD_SUCCESS,,M3,M3_SEED_AGGREGATED,1000,1000,0,0,0,2.1684043449710089e-19,0.0038267584855551234,Wilson score,0,0,0,2.1684043449710089e-19,0.0038267584855551234,Wilson score,0,0,0,2.1684043449710089e-19,0.0038267584855551234,Wilson score,0,0,0,2.1684043449710089e-19,0.0038267584855551234,Wilson score,0,0,0,2.1684043449710089e-19,0.0038267584855551234,Wilson score,1,1000,0,0.99617324151444497,1,Wilson score,1,1000,0,0.99617324151444497,1,Wilson score,0,0,0,,,,,,,,,,,,,,,,,,,,,,,,,,,,,,,,,,,,,,,,,,,,,,,,,,,,,,,,,,,,,,,,,,,,,,,,,,,,,,,,,,,,,,,,,,,,,,,,,,,,,,,,,,,,,,,,,,,,,,,,,,,,,,,,,
CTGAN__XGBoost,CTGAN,XGBoost,R5_NULL,TARGET_A,0.050000000000000003,NOT_QUALIFIED,0.092996518941769205,0.092996518941769205,0.042996518941769202,intermediate,METHOD_SUCCESS,,M4,M4_SINGLE_REALIZATION,1000,1000,0.001,1,0.00099949987493746085,0.00017654637062607809,0.0056425585979579355,Wilson score,0,0,0,2.1684043449710089e-19,0.0038267584855551234,Wilson score,0,0,0,2.1684043449710089e-19,0.0038267584855551234,Wilson score,0,0,0,2.1684043449710089e-19,0.0038267584855551234,Wilson score,0.001,1,0.00099949987493746085,0.00017654637062607809,0.0056425585979579355,Wilson score,0.999,999,0.00099949987493746129,0.99435744140204207,0.99982345362937386,Wilson score,0.999,999,0.00099949987493746129,0.99435744140204207,0.99982345362937386,Wilson score,0.001,0.001,0.0010000000000000009,,,,,,,,,,,,,,,,,,,,,,,,,,,,,,,,,,,,,,,,,,,,,,,,,,,,,,,,,,,,,,,,,,,,,,,,,,,,,,,,,,,,,,,,,,,,,,,,,,,,,,,,,,,,,,,,,,,,,,,,,,,,,,,,,
CTGAN__XGBoost,CTGAN,XGBoost,R5_NULL,TARGET_A,0.050000000000000003,NOT_QUALIFIED,0.092996518941769205,0.092996518941769205,0.042996518941769202,intermediate,PAIR_COMMON_SUCCESS,M4_vs_M1,M1,M1_FULL_COV_CROSSED,996,1000,0,0,0,2.1684043449710089e-19,0.0038420679466773643,Wilson score,0,0,0,2.1684043449710089e-19,0.0038420679466773643,Wilson score,0,0,0,2.1684043449710089e-19,0.0038420679466773643,Wilson score,0,0,0,2.1684043449710089e-19,0.0038420679466773643,Wilson score,0,0,0,2.1684043449710089e-19,0.0038420679466773643,Wilson score,1,996,0,0.99615793205332259,0.99999999999999989,Wilson score,1,996,0,0.99615793205332259,0.99999999999999989,Wilson score,0,0.0040000000000000001,0,,,,,,,,,,,,,,,,,,,,,,,,,,,,,,,,,,,,,,,,,,,,,,,,,,,,,,,,,,,,,,,,,,,,,,,,,,,,,,,,,,,,,,,,,,,,,,,,,,,,,,,,,,,,,,,,,,,,,,,,,,,,,,,,,
CTGAN__XGBoost,CTGAN,XGBoost,R5_NULL,TARGET_A,0.050000000000000003,NOT_QUALIFIED,0.092996518941769205,0.092996518941769205,0.042996518941769202,intermediate,PAIR_COMMON_SUCCESS,M4_vs_M1,M4,M4_SINGLE_REALIZATION,996,1000,0.001004016064257028,1,0.0010035119135527544,0.00017725548018211789,0.0056651295991324412,Wilson score,0,0,0,2.1684043449710089e-19,0.0038420679466773643,Wilson score,0,0,0,2.1684043449710089e-19,0.0038420679466773643,Wilson score,0,0,0,2.1684043449710089e-19,0.0038420679466773643,Wilson score,0.001004016064257028,1,0.0010035119135527544,0.00017725548018211789,0.0056651295991324412,Wilson score,0.99899598393574296,995,0.0010035119135527609,0.99433487040086743,0.99982274451981779,Wilson score,0.99899598393574296,995,0.0010035119135527609,0.99433487040086743,0.99982274451981779,Wilson score,0.001,0.0050000000000000001,0.0010040160642570406,,,,,,,,,,,,,,,,,,,,,,,,,,,,,,,,,,,,,,,,,,,,,,,,,,,,,,,,,,,,,,,,,,,,,,,,,,,,,,,,,,,,,,,,,,,,,,,,,,,,,,,,,,,,,,,,,,,,,,,,,,,,,,,,,
CTGAN__XGBoost,CTGAN,XGBoost,R5_NULL,TARGET_A,0.050000000000000003,NOT_QUALIFIED,0.092996518941769205,0.092996518941769205,0.042996518941769202,intermediate,PAIR_COMMON_SUCCESS,M3_vs_M1,M1,M1_FULL_COV_CROSSED,996,1000,0,0,0,2.1684043449710089e-19,0.0038420679466773643,Wilson score,0,0,0,2.1684043449710089e-19,0.0038420679466773643,Wilson score,0,0,0,2.1684043449710089e-19,0.0038420679466773643,Wilson score,0,0,0,2.1684043449710089e-19,0.0038420679466773643,Wilson score,0,0,0,2.1684043449710089e-19,0.0038420679466773643,Wilson score,1,996,0,0.99615793205332259,0.99999999999999989,Wilson score,1,996,0,0.99615793205332259,0.99999999999999989,Wilson score,0,0.0040000000000000001,0,,,,,,,,,,,,,,,,,,,,,,,,,,,,,,,,,,,,,,,,,,,,,,,,,,,,,,,,,,,,,,,,,,,,,,,,,,,,,,,,,,,,,,,,,,,,,,,,,,,,,,,,,,,,,,,,,,,,,,,,,,,,,,,,,
CTGAN__XGBoost,CTGAN,XGBoost,R5_NULL,TARGET_A,0.050000000000000003,NOT_QUALIFIED,0.092996518941769205,0.092996518941769205,0.042996518941769202,intermediate,PAIR_COMMON_SUCCESS,M3_vs_M1,M3,M3_SEED_AGGREGATED,996,1000,0,0,0,2.1684043449710089e-19,0.0038420679466773643,Wilson score,0,0,0,2.1684043449710089e-19,0.0038420679466773643,Wilson score,0,0,0,2.1684043449710089e-19,0.0038420679466773643,Wilson score,0,0,0,2.1684043449710089e-19,0.0038420679466773643,Wilson score,0,0,0,2.1684043449710089e-19,0.0038420679466773643,Wilson score,1,996,0,0.99615793205332259,0.99999999999999989,Wilson score,1,996,0,0.99615793205332259,0.99999999999999989,Wilson score,0,0.0040000000000000001,0,,,,,,,,,,,,,,,,,,,,,,,,,,,,,,,,,,,,,,,,,,,,,,,,,,,,,,,,,,,,,,,,,,,,,,,,,,,,,,,,,,,,,,,,,,,,,,,,,,,,,,,,,,,,,,,,,,,,,,,,,,,,,,,,,
CTGAN__XGBoost,CTGAN,XGBoost,R5_NULL,TARGET_A,0.050000000000000003,NOT_QUALIFIED,0.092996518941769205,0.092996518941769205,0.042996518941769202,intermediate,PAIR_COMMON_SUCCESS,M2_vs_M1,M1,M1_FULL_COV_CROSSED,990,1000,0,0,0,0,0.0038652632033005069,Wilson score,0,0,0,0,0.0038652632033005069,Wilson score,0,0,0,0,0.0038652632033005069,Wilson score,0,0,0,0,0.0038652632033005069,Wilson score,0,0,0,0,0.0038652632033005069,Wilson score,1,990,0,0.99613473679669939,0.99999999999999989,Wilson score,1,990,0,0.99613473679669939,0.99999999999999989,Wilson score,0,0.01,0,,,,,,,,,,,,,,,,,,,,,,,,,,,,,,,,,,,,,,,,,,,,,,,,,,,,,,,,,,,,,,,,,,,,,,,,,,,,,,,,,,,,,,,,,,,,,,,,,,,,,,,,,,,,,,,,,,,,,,,,,,,,,,,,,
CTGAN__XGBoost,CTGAN,XGBoost,R5_NULL,TARGET_A,0.050000000000000003,NOT_QUALIFIED,0.092996518941769205,0.092996518941769205,0.042996518941769202,intermediate,PAIR_COMMON_SUCCESS,M2_vs_M1,M2,M2_DIAGONAL_COV_CROSSED,990,1000,0.9494949494949495,940,0.0069597900219786181,0.93403257166204057,0.96148249475115399,Wilson score,0,0,0,0,0.0038652632033005069,Wilson score,0,0,0,0,0.0038652632033005069,Wilson score,0,0,0,0,0.0038652632033005069,Wilson score,0.9494949494949495,940,0.0069597900219786181,0.93403257166204057,0.96148249475115399,Wilson score,0.050505050505050504,50,0.0069597900219786181,0.038517505248845979,0.065967428337959516,Wilson score,0.050505050505050504,50,0.0069597900219786181,0.038517505248845979,0.065967428337959516,Wilson score,0.93999999999999995,0.94999999999999996,0.9494949494949495,,,,,,,,,,,,,,,,,,,,,,,,,,,,,,,,,,,,,,,,,,,,,,,,,,,,,,,,,,,,,,,,,,,,,,,,,,,,,,,,,,,,,,,,,,,,,,,,,,,,,,,,,,,,,,,,,,,,,,,,,,,,,,,,,
CTGAN__XGBoost,CTGAN,XGBoost,R5_NULL,TARGET_A,0.10000000000000001,QUALIFIED,0.092996518941769205,0.092996518941769205,0.007003481058230801,near boundary,METHOD_SUCCESS,,M1,M1_FULL_COV_CROSSED,996,1000,0.32831325301204817,327,0.01487982856423754,0.29985756267064434,0.35808820764839544,Wilson score,0,0,0,2.1684043449710089e-19,0.0038420679466773643,Wilson score,0,0,0,2.1684043449710089e-19,0.0038420679466773643,Wilson score,0,0,0,2.1684043449710089e-19,0.0038420679466773643,Wilson score,0.32831325301204817,327,0.01487982856423754,0.29985756267064434,0.35808820764839544,Wilson score,0.67168674698795183,669,0.01487982856423754,0.64191179235160456,0.70014243732935577,Wilson score,0.67168674698795183,669,0.01487982856423754,0.64191179235160456,0.70014243732935577,Wilson score,0.32700000000000001,0.33100000000000002,0.32831325301204817,,,,,,,,,,,,,,,,,,,,,,,,,,,,,,,,,,,,,,,,,,,,,,,,,,,,,,,,,,,,,,,,,,,,,,,,,,,,,,,,,,,,,,,,,,,,,,,,,,,,,,,,,,,,,,,,,,,,,,,,,,,,,,,,,
CTGAN__XGBoost,CTGAN,XGBoost,R5_NULL,TARGET_A,0.10000000000000001,QUALIFIED,0.092996518941769205,0.092996518941769205,0.007003481058230801,near boundary,METHOD_SUCCESS,,M2,M2_DIAGONAL_COV_CROSSED,994,1000,1,994,0,0.99615023129502533,0.99999999999999989,Wilson score,0,0,0,2.1684043449710089e-19,0.003849768704974616,Wilson score,0,0,0,2.1684043449710089e-19,0.003849768704974616,Wilson score,0,0,0,2.1684043449710089e-19,0.003849768704974616,Wilson score,1,994,0,0.99615023129502533,0.99999999999999989,Wilson score,0,0,0,2.1684043449710089e-19,0.003849768704974616,Wilson score,0,0,0,2.1684043449710089e-19,0.003849768704974616,Wilson score,0.99399999999999999,1,1,,,,,,,,,,,,,,,,,,,,,,,,,,,,,,,,,,,,,,,,,,,,,,,,,,,,,,,,,,,,,,,,,,,,,,,,,,,,,,,,,,,,,,,,,,,,,,,,,,,,,,,,,,,,,,,,,,,,,,,,,,,,,,,,,
CTGAN__XGBoost,CTGAN,XGBoost,R5_NULL,TARGET_A,0.10000000000000001,QUALIFIED,0.092996518941769205,0.092996518941769205,0.007003481058230801,near boundary,METHOD_SUCCESS,,M3,M3_SEED_AGGREGATED,1000,1000,0.45200000000000001,452,0.015738360778683402,0.42139559401833404,0.48297177479627929,Wilson score,0,0,0,2.1684043449710089e-19,0.0038267584855551234,Wilson score,0,0,0,2.1684043449710089e-19,0.0038267584855551234,Wilson score,0,0,0,2.1684043449710089e-19,0.0038267584855551234,Wilson score,0.45200000000000001,452,0.015738360778683402,0.42139559401833404,0.48297177479627929,Wilson score,0.54800000000000004,548,0.015738360778683402,0.51702822520372071,0.57860440598166607,Wilson score,0.54800000000000004,548,0.015738360778683402,0.51702822520372071,0.57860440598166607,Wilson score,0.45200000000000001,0.45200000000000001,0.45199999999999996,,,,,,,,,,,,,,,,,,,,,,,,,,,,,,,,,,,,,,,,,,,,,,,,,,,,,,,,,,,,,,,,,,,,,,,,,,,,,,,,,,,,,,,,,,,,,,,,,,,,,,,,,,,,,,,,,,,,,,,,,,,,,,,,,
CTGAN__XGBoost,CTGAN,XGBoost,R5_NULL,TARGET_A,0.10000000000000001,QUALIFIED,0.092996518941769205,0.092996518941769205,0.007003481058230801,near boundary,METHOD_SUCCESS,,M4,M4_SINGLE_REALIZATION,1000,1000,0.58799999999999997,588,0.015564575162849771,0.55721380178650004,0.6181126887200421,Wilson score,0,0,0,2.1684043449710089e-19,0.0038267584855551234,Wilson score,0,0,0,2.1684043449710089e-19,0.0038267584855551234,Wilson score,0,0,0,2.1684043449710089e-19,0.0038267584855551234,Wilson score,0.58799999999999997,588,0.015564575162849771,0.55721380178650004,0.6181126887200421,Wilson score,0.41199999999999998,412,0.015564575162849772,0.38188731127995779,0.44278619821349985,Wilson score,0.41199999999999998,412,0.015564575162849772,0.38188731127995779,0.44278619821349985,Wilson score,0.58799999999999997,0.58799999999999997,0.58800000000000008,,,,,,,,,,,,,,,,,,,,,,,,,,,,,,,,,,,,,,,,,,,,,,,,,,,,,,,,,,,,,,,,,,,,,,,,,,,,,,,,,,,,,,,,,,,,,,,,,,,,,,,,,,,,,,,,,,,,,,,,,,,,,,,,,
CTGAN__XGBoost,CTGAN,XGBoost,R5_NULL,TARGET_A,0.10000000000000001,QUALIFIED,0.092996518941769205,0.092996518941769205,0.007003481058230801,near boundary,PAIR_COMMON_SUCCESS,M4_vs_M1,M1,M1_FULL_COV_CROSSED,996,1000,0.32831325301204817,327,0.01487982856423754,0.29985756267064434,0.35808820764839544,Wilson score,0,0,0,2.1684043449710089e-19,0.0038420679466773643,Wilson score,0,0,0,2.1684043449710089e-19,0.0038420679466773643,Wilson score,0,0,0,2.1684043449710089e-19,0.0038420679466773643,Wilson score,0.32831325301204817,327,0.01487982856423754,0.29985756267064434,0.35808820764839544,Wilson score,0.67168674698795183,669,0.01487982856423754,0.64191179235160456,0.70014243732935577,Wilson score,0.67168674698795183,669,0.01487982856423754,0.64191179235160456,0.70014243732935577,Wilson score,0.32700000000000001,0.33100000000000002,0.32831325301204817,,,,,,,,,,,,,,,,,,,,,,,,,,,,,,,,,,,,,,,,,,,,,,,,,,,,,,,,,,,,,,,,,,,,,,,,,,,,,,,,,,,,,,,,,,,,,,,,,,,,,,,,,,,,,,,,,,,,,,,,,,,,,,,,,
CTGAN__XGBoost,CTGAN,XGBoost,R5_NULL,TARGET_A,0.10000000000000001,QUALIFIED,0.092996518941769205,0.092996518941769205,0.007003481058230801,near boundary,PAIR_COMMON_SUCCESS,M4_vs_M1,M4,M4_SINGLE_REALIZATION,996,1000,0.5893574297188755,587,0.015588046655954977,0.55851891769127116,0.6195093071134391,Wilson score,0,0,0,2.1684043449710089e-19,0.0038420679466773643,Wilson score,0,0,0,2.1684043449710089e-19,0.0038420679466773643,Wilson score,0,0,0,2.1684043449710089e-19,0.0038420679466773643,Wilson score,0.5893574297188755,587,0.015588046655954977,0.55851891769127116,0.6195093071134391,Wilson score,0.4106425702811245,409,0.015588046655954977,0.3804906928865609,0.44148108230872884,Wilson score,0.4106425702811245,409,0.015588046655954977,0.3804906928865609,0.44148108230872884,Wilson score,0.58699999999999997,0.59099999999999997,0.5893574297188755,,,,,,,,,,,,,,,,,,,,,,,,,,,,,,,,,,,,,,,,,,,,,,,,,,,,,,,,,,,,,,,,,,,,,,,,,,,,,,,,,,,,,,,,,,,,,,,,,,,,,,,,,,,,,,,,,,,,,,,,,,,,,,,,,
CTGAN__XGBoost,CTGAN,XGBoost,R5_NULL,TARGET_A,0.10000000000000001,QUALIFIED,0.092996518941769205,0.092996518941769205,0.007003481058230801,near boundary,PAIR_COMMON_SUCCESS,M3_vs_M1,M1,M1_FULL_COV_CROSSED,996,1000,0.32831325301204817,327,0.01487982856423754,0.29985756267064434,0.35808820764839544,Wilson score,0,0,0,2.1684043449710089e-19,0.0038420679466773643,Wilson score,0,0,0,2.1684043449710089e-19,0.0038420679466773643,Wilson score,0,0,0,2.1684043449710089e-19,0.0038420679466773643,Wilson score,0.32831325301204817,327,0.01487982856423754,0.29985756267064434,0.35808820764839544,Wilson score,0.67168674698795183,669,0.01487982856423754,0.64191179235160456,0.70014243732935577,Wilson score,0.67168674698795183,669,0.01487982856423754,0.64191179235160456,0.70014243732935577,Wilson score,0.32700000000000001,0.33100000000000002,0.32831325301204817,,,,,,,,,,,,,,,,,,,,,,,,,,,,,,,,,,,,,,,,,,,,,,,,,,,,,,,,,,,,,,,,,,,,,,,,,,,,,,,,,,,,,,,,,,,,,,,,,,,,,,,,,,,,,,,,,,,,,,,,,,,,,,,,,
CTGAN__XGBoost,CTGAN,XGBoost,R5_NULL,TARGET_A,0.10000000000000001,QUALIFIED,0.092996518941769205,0.092996518941769205,0.007003481058230801,near boundary,PAIR_COMMON_SUCCESS,M3_vs_M1,M3,M3_SEED_AGGREGATED,996,1000,0.4528112449799197,451,0.015772390262035956,0.4221381405252369,0.48384695424081503,Wilson score,0,0,0,2.1684043449710089e-19,0.0038420679466773643,Wilson score,0,0,0,2.1684043449710089e-19,0.0038420679466773643,Wilson score,0,0,0,2.1684043449710089e-19,0.0038420679466773643,Wilson score,0.4528112449799197,451,0.015772390262035956,0.4221381405252369,0.48384695424081503,Wilson score,0.54718875502008035,545,0.01577239026203596,0.51615304575918508,0.57786185947476321,Wilson score,0.54718875502008035,545,0.01577239026203596,0.51615304575918508,0.57786185947476321,Wilson score,0.45100000000000001,0.45500000000000002,0.45281124497991965,,,,,,,,,,,,,,,,,,,,,,,,,,,,,,,,,,,,,,,,,,,,,,,,,,,,,,,,,,,,,,,,,,,,,,,,,,,,,,,,,,,,,,,,,,,,,,,,,,,,,,,,,,,,,,,,,,,,,,,,,,,,,,,,,
CTGAN__XGBoost,CTGAN,XGBoost,R5_NULL,TARGET_A,0.10000000000000001,QUALIFIED,0.092996518941769205,0.092996518941769205,0.007003481058230801,near boundary,PAIR_COMMON_SUCCESS,M2_vs_M1,M1,M1_FULL_COV_CROSSED,990,1000,0.3292929292929293,326,0.01493619750707369,0.30072752977140005,0.35917798433235304,Wilson score,0,0,0,0,0.0038652632033005069,Wilson score,0,0,0,0,0.0038652632033005069,Wilson score,0,0,0,0,0.0038652632033005069,Wilson score,0.3292929292929293,326,0.01493619750707369,0.30072752977140005,0.35917798433235304,Wilson score,0.6707070707070707,664,0.01493619750707369,0.64082201566764696,0.69927247022859995,Wilson score,0.6707070707070707,664,0.01493619750707369,0.64082201566764696,0.69927247022859995,Wilson score,0.32600000000000001,0.33600000000000002,0.3292929292929293,,,,,,,,,,,,,,,,,,,,,,,,,,,,,,,,,,,,,,,,,,,,,,,,,,,,,,,,,,,,,,,,,,,,,,,,,,,,,,,,,,,,,,,,,,,,,,,,,,,,,,,,,,,,,,,,,,,,,,,,,,,,,,,,,
CTGAN__XGBoost,CTGAN,XGBoost,R5_NULL,TARGET_A,0.10000000000000001,QUALIFIED,0.092996518941769205,0.092996518941769205,0.007003481058230801,near boundary,PAIR_COMMON_SUCCESS,M2_vs_M1,M2,M2_DIAGONAL_COV_CROSSED,990,1000,1,990,0,0.99613473679669939,0.99999999999999989,Wilson score,0,0,0,0,0.0038652632033005069,Wilson score,0,0,0,0,0.0038652632033005069,Wilson score,0,0,0,0,0.0038652632033005069,Wilson score,1,990,0,0.99613473679669939,0.99999999999999989,Wilson score,0,0,0,0,0.0038652632033005069,Wilson score,0,0,0,0,0.0038652632033005069,Wilson score,0.98999999999999999,1,1,,,,,,,,,,,,,,,,,,,,,,,,,,,,,,,,,,,,,,,,,,,,,,,,,,,,,,,,,,,,,,,,,,,,,,,,,,,,,,,,,,,,,,,,,,,,,,,,,,,,,,,,,,,,,,,,,,,,,,,,,,,,,,,,,
CTGAN__XGBoost,CTGAN,XGBoost,R5_NULL,TARGET_A,0.20000000000000001,QUALIFIED,0.092996518941769205,0.092996518941769205,0.10700348105823081,far from boundary,METHOD_SUCCESS,,M1,M1_FULL_COV_CROSSED,996,1000,0,0,0,2.1684043449710089e-19,0.0038420679466773643,Wilson score,0,0,0,2.1684043449710089e-19,0.0038420679466773643,Wilson score,0,0,0,2.1684043449710089e-19,0.0038420679466773643,Wilson score,0,0,0,2.1684043449710089e-19,0.0038420679466773643,Wilson score,0,0,0,2.1684043449710089e-19,0.0038420679466773643,Wilson score,1,996,0,0.99615793205332259,0.99999999999999989,Wilson score,1,996,0,0.99615793205332259,0.99999999999999989,Wilson score,0,0.0040000000000000001,0,,,,,,,,,,,,,,,,,,,,,,,,,,,,,,,,,,,,,,,,,,,,,,,,,,,,,,,,,,,,,,,,,,,,,,,,,,,,,,,,,,,,,,,,,,,,,,,,,,,,,,,,,,,,,,,,,,,,,,,,,,,,,,,,,
CTGAN__XGBoost,CTGAN,XGBoost,R5_NULL,TARGET_A,0.20000000000000001,QUALIFIED,0.092996518941769205,0.092996518941769205,0.10700348105823081,far from boundary,METHOD_SUCCESS,,M2,M2_DIAGONAL_COV_CROSSED,994,1000,0,0,0,2.1684043449710089e-19,0.003849768704974616,Wilson score,0,0,0,2.1684043449710089e-19,0.003849768704974616,Wilson score,0,0,0,2.1684043449710089e-19,0.003849768704974616,Wilson score,0,0,0,2.1684043449710089e-19,0.003849768704974616,Wilson score,0,0,0,2.1684043449710089e-19,0.003849768704974616,Wilson score,1,994,0,0.99615023129502533,0.99999999999999989,Wilson score,1,994,0,0.99615023129502533,0.99999999999999989,Wilson score,0,0.0060000000000000001,0,,,,,,,,,,,,,,,,,,,,,,,,,,,,,,,,,,,,,,,,,,,,,,,,,,,,,,,,,,,,,,,,,,,,,,,,,,,,,,,,,,,,,,,,,,,,,,,,,,,,,,,,,,,,,,,,,,,,,,,,,,,,,,,,,
CTGAN__XGBoost,CTGAN,XGBoost,R5_NULL,TARGET_A,0.20000000000000001,QUALIFIED,0.092996518941769205,0.092996518941769205,0.10700348105823081,far from boundary,METHOD_SUCCESS,,M3,M3_SEED_AGGREGATED,1000,1000,0,0,0,2.1684043449710089e-19,0.0038267584855551234,Wilson score,0,0,0,2.1684043449710089e-19,0.0038267584855551234,Wilson score,0,0,0,2.1684043449710089e-19,0.0038267584855551234,Wilson score,0,0,0,2.1684043449710089e-19,0.0038267584855551234,Wilson score,0,0,0,2.1684043449710089e-19,0.0038267584855551234,Wilson score,1,1000,0,0.99617324151444497,1,Wilson score,1,1000,0,0.99617324151444497,1,Wilson score,0,0,0,,,,,,,,,,,,,,,,,,,,,,,,,,,,,,,,,,,,,,,,,,,,,,,,,,,,,,,,,,,,,,,,,,,,,,,,,,,,,,,,,,,,,,,,,,,,,,,,,,,,,,,,,,,,,,,,,,,,,,,,,,,,,,,,,
CTGAN__XGBoost,CTGAN,XGBoost,R5_NULL,TARGET_A,0.20000000000000001,QUALIFIED,0.092996518941769205,0.092996518941769205,0.10700348105823081,far from boundary,METHOD_SUCCESS,,M4,M4_SINGLE_REALIZATION,1000,1000,0,0,0,2.1684043449710089e-19,0.0038267584855551234,Wilson score,0,0,0,2.1684043449710089e-19,0.0038267584855551234,Wilson score,0,0,0,2.1684043449710089e-19,0.0038267584855551234,Wilson score,0,0,0,2.1684043449710089e-19,0.0038267584855551234,Wilson score,0,0,0,2.1684043449710089e-19,0.0038267584855551234,Wilson score,1,1000,0,0.99617324151444497,1,Wilson score,1,1000,0,0.99617324151444497,1,Wilson score,0,0,0,,,,,,,,,,,,,,,,,,,,,,,,,,,,,,,,,,,,,,,,,,,,,,,,,,,,,,,,,,,,,,,,,,,,,,,,,,,,,,,,,,,,,,,,,,,,,,,,,,,,,,,,,,,,,,,,,,,,,,,,,,,,,,,,,
CTGAN__XGBoost,CTGAN,XGBoost,R5_NULL,TARGET_A,0.20000000000000001,QUALIFIED,0.092996518941769205,0.092996518941769205,0.10700348105823081,far from boundary,PAIR_COMMON_SUCCESS,M4_vs_M1,M1,M1_FULL_COV_CROSSED,996,1000,0,0,0,2.1684043449710089e-19,0.0038420679466773643,Wilson score,0,0,0,2.1684043449710089e-19,0.0038420679466773643,Wilson score,0,0,0,2.1684043449710089e-19,0.0038420679466773643,Wilson score,0,0,0,2.1684043449710089e-19,0.0038420679466773643,Wilson score,0,0,0,2.1684043449710089e-19,0.0038420679466773643,Wilson score,1,996,0,0.99615793205332259,0.99999999999999989,Wilson score,1,996,0,0.99615793205332259,0.99999999999999989,Wilson score,0,0.0040000000000000001,0,,,,,,,,,,,,,,,,,,,,,,,,,,,,,,,,,,,,,,,,,,,,,,,,,,,,,,,,,,,,,,,,,,,,,,,,,,,,,,,,,,,,,,,,,,,,,,,,,,,,,,,,,,,,,,,,,,,,,,,,,,,,,,,,,
CTGAN__XGBoost,CTGAN,XGBoost,R5_NULL,TARGET_A,0.20000000000000001,QUALIFIED,0.092996518941769205,0.092996518941769205,0.10700348105823081,far from boundary,PAIR_COMMON_SUCCESS,M4_vs_M1,M4,M4_SINGLE_REALIZATION,996,1000,0,0,0,2.1684043449710089e-19,0.0038420679466773643,Wilson score,0,0,0,2.1684043449710089e-19,0.0038420679466773643,Wilson score,0,0,0,2.1684043449710089e-19,0.0038420679466773643,Wilson score,0,0,0,2.1684043449710089e-19,0.0038420679466773643,Wilson score,0,0,0,2.1684043449710089e-19,0.0038420679466773643,Wilson score,1,996,0,0.99615793205332259,0.99999999999999989,Wilson score,1,996,0,0.99615793205332259,0.99999999999999989,Wilson score,0,0.0040000000000000001,0,,,,,,,,,,,,,,,,,,,,,,,,,,,,,,,,,,,,,,,,,,,,,,,,,,,,,,,,,,,,,,,,,,,,,,,,,,,,,,,,,,,,,,,,,,,,,,,,,,,,,,,,,,,,,,,,,,,,,,,,,,,,,,,,,
CTGAN__XGBoost,CTGAN,XGBoost,R5_NULL,TARGET_A,0.20000000000000001,QUALIFIED,0.092996518941769205,0.092996518941769205,0.10700348105823081,far from boundary,PAIR_COMMON_SUCCESS,M3_vs_M1,M1,M1_FULL_COV_CROSSED,996,1000,0,0,0,2.1684043449710089e-19,0.0038420679466773643,Wilson score,0,0,0,2.1684043449710089e-19,0.0038420679466773643,Wilson score,0,0,0,2.1684043449710089e-19,0.0038420679466773643,Wilson score,0,0,0,2.1684043449710089e-19,0.0038420679466773643,Wilson score,0,0,0,2.1684043449710089e-19,0.0038420679466773643,Wilson score,1,996,0,0.99615793205332259,0.99999999999999989,Wilson score,1,996,0,0.99615793205332259,0.99999999999999989,Wilson score,0,0.0040000000000000001,0,,,,,,,,,,,,,,,,,,,,,,,,,,,,,,,,,,,,,,,,,,,,,,,,,,,,,,,,,,,,,,,,,,,,,,,,,,,,,,,,,,,,,,,,,,,,,,,,,,,,,,,,,,,,,,,,,,,,,,,,,,,,,,,,,
CTGAN__XGBoost,CTGAN,XGBoost,R5_NULL,TARGET_A,0.20000000000000001,QUALIFIED,0.092996518941769205,0.092996518941769205,0.10700348105823081,far from boundary,PAIR_COMMON_SUCCESS,M3_vs_M1,M3,M3_SEED_AGGREGATED,996,1000,0,0,0,2.1684043449710089e-19,0.0038420679466773643,Wilson score,0,0,0,2.1684043449710089e-19,0.0038420679466773643,Wilson score,0,0,0,2.1684043449710089e-19,0.0038420679466773643,Wilson score,0,0,0,2.1684043449710089e-19,0.0038420679466773643,Wilson score,0,0,0,2.1684043449710089e-19,0.0038420679466773643,Wilson score,1,996,0,0.99615793205332259,0.99999999999999989,Wilson score,1,996,0,0.99615793205332259,0.99999999999999989,Wilson score,0,0.0040000000000000001,0,,,,,,,,,,,,,,,,,,,,,,,,,,,,,,,,,,,,,,,,,,,,,,,,,,,,,,,,,,,,,,,,,,,,,,,,,,,,,,,,,,,,,,,,,,,,,,,,,,,,,,,,,,,,,,,,,,,,,,,,,,,,,,,,,
CTGAN__XGBoost,CTGAN,XGBoost,R5_NULL,TARGET_A,0.20000000000000001,QUALIFIED,0.092996518941769205,0.092996518941769205,0.10700348105823081,far from boundary,PAIR_COMMON_SUCCESS,M2_vs_M1,M1,M1_FULL_COV_CROSSED,990,1000,0,0,0,0,0.0038652632033005069,Wilson score,0,0,0,0,0.0038652632033005069,Wilson score,0,0,0,0,0.0038652632033005069,Wilson score,0,0,0,0,0.0038652632033005069,Wilson score,0,0,0,0,0.0038652632033005069,Wilson score,1,990,0,0.99613473679669939,0.99999999999999989,Wilson score,1,990,0,0.99613473679669939,0.99999999999999989,Wilson score,0,0.01,0,,,,,,,,,,,,,,,,,,,,,,,,,,,,,,,,,,,,,,,,,,,,,,,,,,,,,,,,,,,,,,,,,,,,,,,,,,,,,,,,,,,,,,,,,,,,,,,,,,,,,,,,,,,,,,,,,,,,,,,,,,,,,,,,,
CTGAN__XGBoost,CTGAN,XGBoost,R5_NULL,TARGET_A,0.20000000000000001,QUALIFIED,0.092996518941769205,0.092996518941769205,0.10700348105823081,far from boundary,PAIR_COMMON_SUCCESS,M2_vs_M1,M2,M2_DIAGONAL_COV_CROSSED,990,1000,0,0,0,0,0.0038652632033005069,Wilson score,0,0,0,0,0.0038652632033005069,Wilson score,0,0,0,0,0.0038652632033005069,Wilson score,0,0,0,0,0.0038652632033005069,Wilson score,0,0,0,0,0.0038652632033005069,Wilson score,1,990,0,0.99613473679669939,0.99999999999999989,Wilson score,1,990,0,0.99613473679669939,0.99999999999999989,Wilson score,0,0.01,0,,,,,,,,,,,,,,,,,,,,,,,,,,,,,,,,,,,,,,,,,,,,,,,,,,,,,,,,,,,,,,,,,,,,,,,,,,,,,,,,,,,,,,,,,,,,,,,,,,,,,,,,,,,,,,,,,,,,,,,,,,,,,,,,,
TabDDPM__LR_L2,TabDDPM,LR_L2,R5_NULL,TARGET_B,0.025000000000000001,NOT_QUALIFIED,0.21795764991703001,0.21795764991703001,0.19295764991703002,far from boundary,METHOD_SUCCESS,,M1,M1_FULL_COV_CROSSED,992,1000,0,0,0,0,0.0038575003949356543,Wilson score,0,0,0,0,0.0038575003949356543,Wilson score,0,0,0,0,0.0038575003949356543,Wilson score,0,0,0,0,0.0038575003949356543,Wilson score,0,0,0,0,0.0038575003949356543,Wilson score,1,992,0,0.9961424996050644,1,Wilson score,1,992,0,0.9961424996050644,1,Wilson score,0,0.0080000000000000002,0,,,,,,,,,,,,,,,,,,,,,,,,,,,,,,,,,,,,,,,,,,,,,,,,,,,,,,,,,,,,,,,,,,,,,,,,,,,,,,,,,,,,,,,,,,,,,,,,,,,,,,,,,,,,,,,,,,,,,,,,,,,,,,,,,
TabDDPM__LR_L2,TabDDPM,LR_L2,R5_NULL,TARGET_B,0.025000000000000001,NOT_QUALIFIED,0.21795764991703001,0.21795764991703001,0.19295764991703002,far from boundary,METHOD_SUCCESS,,M2,M2_DIAGONAL_COV_CROSSED,993,1000,0,0,0,0,0.0038536306718610345,Wilson score,0,0,0,0,0.0038536306718610345,Wilson score,0,0,0,0,0.0038536306718610345,Wilson score,0,0,0,0,0.0038536306718610345,Wilson score,0,0,0,0,0.0038536306718610345,Wilson score,1,993,0,0.99614636932813894,1,Wilson score,1,993,0,0.99614636932813894,1,Wilson score,0,0.0070000000000000001,0,,,,,,,,,,,,,,,,,,,,,,,,,,,,,,,,,,,,,,,,,,,,,,,,,,,,,,,,,,,,,,,,,,,,,,,,,,,,,,,,,,,,,,,,,,,,,,,,,,,,,,,,,,,,,,,,,,,,,,,,,,,,,,,,,
TabDDPM__LR_L2,TabDDPM,LR_L2,R5_NULL,TARGET_B,0.025000000000000001,NOT_QUALIFIED,0.21795764991703001,0.21795764991703001,0.19295764991703002,far from boundary,METHOD_SUCCESS,,M3,M3_SEED_AGGREGATED,1000,1000,0,0,0,2.1684043449710089e-19,0.0038267584855551234,Wilson score,0,0,0,2.1684043449710089e-19,0.0038267584855551234,Wilson score,0,0,0,2.1684043449710089e-19,0.0038267584855551234,Wilson score,0,0,0,2.1684043449710089e-19,0.0038267584855551234,Wilson score,0,0,0,2.1684043449710089e-19,0.0038267584855551234,Wilson score,1,1000,0,0.99617324151444497,1,Wilson score,1,1000,0,0.99617324151444497,1,Wilson score,0,0,0,,,,,,,,,,,,,,,,,,,,,,,,,,,,,,,,,,,,,,,,,,,,,,,,,,,,,,,,,,,,,,,,,,,,,,,,,,,,,,,,,,,,,,,,,,,,,,,,,,,,,,,,,,,,,,,,,,,,,,,,,,,,,,,,,
TabDDPM__LR_L2,TabDDPM,LR_L2,R5_NULL,TARGET_B,0.025000000000000001,NOT_QUALIFIED,0.21795764991703001,0.21795764991703001,0.19295764991703002,far from boundary,METHOD_SUCCESS,,M4,M4_SINGLE_REALIZATION,1000,1000,0,0,0,2.1684043449710089e-19,0.0038267584855551234,Wilson score,0,0,0,2.1684043449710089e-19,0.0038267584855551234,Wilson score,0,0,0,2.1684043449710089e-19,0.0038267584855551234,Wilson score,0,0,0,2.1684043449710089e-19,0.0038267584855551234,Wilson score,0,0,0,2.1684043449710089e-19,0.0038267584855551234,Wilson score,1,1000,0,0.99617324151444497,1,Wilson score,1,1000,0,0.99617324151444497,1,Wilson score,0,0,0,,,,,,,,,,,,,,,,,,,,,,,,,,,,,,,,,,,,,,,,,,,,,,,,,,,,,,,,,,,,,,,,,,,,,,,,,,,,,,,,,,,,,,,,,,,,,,,,,,,,,,,,,,,,,,,,,,,,,,,,,,,,,,,,,
TabDDPM__LR_L2,TabDDPM,LR_L2,R5_NULL,TARGET_B,0.025000000000000001,NOT_QUALIFIED,0.21795764991703001,0.21795764991703001,0.19295764991703002,far from boundary,PAIR_COMMON_SUCCESS,M4_vs_M1,M1,M1_FULL_COV_CROSSED,992,1000,0,0,0,0,0.0038575003949356543,Wilson score,0,0,0,0,0.0038575003949356543,Wilson score,0,0,0,0,0.0038575003949356543,Wilson score,0,0,0,0,0.0038575003949356543,Wilson score,0,0,0,0,0.0038575003949356543,Wilson score,1,992,0,0.9961424996050644,1,Wilson score,1,992,0,0.9961424996050644,1,Wilson score,0,0.0080000000000000002,0,,,,,,,,,,,,,,,,,,,,,,,,,,,,,,,,,,,,,,,,,,,,,,,,,,,,,,,,,,,,,,,,,,,,,,,,,,,,,,,,,,,,,,,,,,,,,,,,,,,,,,,,,,,,,,,,,,,,,,,,,,,,,,,,,
TabDDPM__LR_L2,TabDDPM,LR_L2,R5_NULL,TARGET_B,0.025000000000000001,NOT_QUALIFIED,0.21795764991703001,0.21795764991703001,0.19295764991703002,far from boundary,PAIR_COMMON_SUCCESS,M4_vs_M1,M4,M4_SINGLE_REALIZATION,992,1000,0,0,0,0,0.0038575003949356543,Wilson score,0,0,0,0,0.0038575003949356543,Wilson score,0,0,0,0,0.0038575003949356543,Wilson score,0,0,0,0,0.0038575003949356543,Wilson score,0,0,0,0,0.0038575003949356543,Wilson score,1,992,0,0.9961424996050644,1,Wilson score,1,992,0,0.9961424996050644,1,Wilson score,0,0.0080000000000000002,0,,,,,,,,,,,,,,,,,,,,,,,,,,,,,,,,,,,,,,,,,,,,,,,,,,,,,,,,,,,,,,,,,,,,,,,,,,,,,,,,,,,,,,,,,,,,,,,,,,,,,,,,,,,,,,,,,,,,,,,,,,,,,,,,,
TabDDPM__LR_L2,TabDDPM,LR_L2,R5_NULL,TARGET_B,0.025000000000000001,NOT_QUALIFIED,0.21795764991703001,0.21795764991703001,0.19295764991703002,far from boundary,PAIR_COMMON_SUCCESS,M3_vs_M1,M1,M1_FULL_COV_CROSSED,992,1000,0,0,0,0,0.0038575003949356543,Wilson score,0,0,0,0,0.0038575003949356543,Wilson score,0,0,0,0,0.0038575003949356543,Wilson score,0,0,0,0,0.0038575003949356543,Wilson score,0,0,0,0,0.0038575003949356543,Wilson score,1,992,0,0.9961424996050644,1,Wilson score,1,992,0,0.9961424996050644,1,Wilson score,0,0.0080000000000000002,0,,,,,,,,,,,,,,,,,,,,,,,,,,,,,,,,,,,,,,,,,,,,,,,,,,,,,,,,,,,,,,,,,,,,,,,,,,,,,,,,,,,,,,,,,,,,,,,,,,,,,,,,,,,,,,,,,,,,,,,,,,,,,,,,,
TabDDPM__LR_L2,TabDDPM,LR_L2,R5_NULL,TARGET_B,0.025000000000000001,NOT_QUALIFIED,0.21795764991703001,0.21795764991703001,0.19295764991703002,far from boundary,PAIR_COMMON_SUCCESS,M3_vs_M1,M3,M3_SEED_AGGREGATED,992,1000,0,0,0,0,0.0038575003949356543,Wilson score,0,0,0,0,0.0038575003949356543,Wilson score,0,0,0,0,0.0038575003949356543,Wilson score,0,0,0,0,0.0038575003949356543,Wilson score,0,0,0,0,0.0038575003949356543,Wilson score,1,992,0,0.9961424996050644,1,Wilson score,1,992,0,0.9961424996050644,1,Wilson score,0,0.0080000000000000002,0,,,,,,,,,,,,,,,,,,,,,,,,,,,,,,,,,,,,,,,,,,,,,,,,,,,,,,,,,,,,,,,,,,,,,,,,,,,,,,,,,,,,,,,,,,,,,,,,,,,,,,,,,,,,,,,,,,,,,,,,,,,,,,,,,
TabDDPM__LR_L2,TabDDPM,LR_L2,R5_NULL,TARGET_B,0.025000000000000001,NOT_QUALIFIED,0.21795764991703001,0.21795764991703001,0.19295764991703002,far from boundary,PAIR_COMMON_SUCCESS,M2_vs_M1,M1,M1_FULL_COV_CROSSED,985,1000,0,0,0,2.1684043449710089e-19,0.0038848076063431863,Wilson score,0,0,0,2.1684043449710089e-19,0.0038848076063431863,Wilson score,0,0,0,2.1684043449710089e-19,0.0038848076063431863,Wilson score,0,0,0,2.1684043449710089e-19,0.0038848076063431863,Wilson score,0,0,0,2.1684043449710089e-19,0.0038848076063431863,Wilson score,1,985,0,0.99611519239365676,0.99999999999999989,Wilson score,1,985,0,0.99611519239365676,0.99999999999999989,Wilson score,0,0.014999999999999999,0,,,,,,,,,,,,,,,,,,,,,,,,,,,,,,,,,,,,,,,,,,,,,,,,,,,,,,,,,,,,,,,,,,,,,,,,,,,,,,,,,,,,,,,,,,,,,,,,,,,,,,,,,,,,,,,,,,,,,,,,,,,,,,,,,
TabDDPM__LR_L2,TabDDPM,LR_L2,R5_NULL,TARGET_B,0.025000000000000001,NOT_QUALIFIED,0.21795764991703001,0.21795764991703001,0.19295764991703002,far from boundary,PAIR_COMMON_SUCCESS,M2_vs_M1,M2,M2_DIAGONAL_COV_CROSSED,985,1000,0,0,0,2.1684043449710089e-19,0.0038848076063431863,Wilson score,0,0,0,2.1684043449710089e-19,0.0038848076063431863,Wilson score,0,0,0,2.1684043449710089e-19,0.0038848076063431863,Wilson score,0,0,0,2.1684043449710089e-19,0.0038848076063431863,Wilson score,0,0,0,2.1684043449710089e-19,0.0038848076063431863,Wilson score,1,985,0,0.99611519239365676,0.99999999999999989,Wilson score,1,985,0,0.99611519239365676,0.99999999999999989,Wilson score,0,0.014999999999999999,0,,,,,,,,,,,,,,,,,,,,,,,,,,,,,,,,,,,,,,,,,,,,,,,,,,,,,,,,,,,,,,,,,,,,,,,,,,,,,,,,,,,,,,,,,,,,,,,,,,,,,,,,,,,,,,,,,,,,,,,,,,,,,,,,,
TabDDPM__LR_L2,TabDDPM,LR_L2,R5_NULL,TARGET_B,0.050000000000000003,NOT_QUALIFIED,0.21795764991703001,0.21795764991703001,0.16795764991702999,far from boundary,METHOD_SUCCESS,,M1,M1_FULL_COV_CROSSED,992,1000,0,0,0,0,0.0038575003949356543,Wilson score,0,0,0,0,0.0038575003949356543,Wilson score,0,0,0,0,0.0038575003949356543,Wilson score,0,0,0,0,0.0038575003949356543,Wilson score,0,0,0,0,0.0038575003949356543,Wilson score,1,992,0,0.9961424996050644,1,Wilson score,1,992,0,0.9961424996050644,1,Wilson score,0,0.0080000000000000002,0,,,,,,,,,,,,,,,,,,,,,,,,,,,,,,,,,,,,,,,,,,,,,,,,,,,,,,,,,,,,,,,,,,,,,,,,,,,,,,,,,,,,,,,,,,,,,,,,,,,,,,,,,,,,,,,,,,,,,,,,,,,,,,,,,
TabDDPM__LR_L2,TabDDPM,LR_L2,R5_NULL,TARGET_B,0.050000000000000003,NOT_QUALIFIED,0.21795764991703001,0.21795764991703001,0.16795764991702999,far from boundary,METHOD_SUCCESS,,M2,M2_DIAGONAL_COV_CROSSED,993,1000,0,0,0,0,0.0038536306718610345,Wilson score,0,0,0,0,0.0038536306718610345,Wilson score,0,0,0,0,0.0038536306718610345,Wilson score,0,0,0,0,0.0038536306718610345,Wilson score,0,0,0,0,0.0038536306718610345,Wilson score,1,993,0,0.99614636932813894,1,Wilson score,1,993,0,0.99614636932813894,1,Wilson score,0,0.0070000000000000001,0,,,,,,,,,,,,,,,,,,,,,,,,,,,,,,,,,,,,,,,,,,,,,,,,,,,,,,,,,,,,,,,,,,,,,,,,,,,,,,,,,,,,,,,,,,,,,,,,,,,,,,,,,,,,,,,,,,,,,,,,,,,,,,,,,
TabDDPM__LR_L2,TabDDPM,LR_L2,R5_NULL,TARGET_B,0.050000000000000003,NOT_QUALIFIED,0.21795764991703001,0.21795764991703001,0.16795764991702999,far from boundary,METHOD_SUCCESS,,M3,M3_SEED_AGGREGATED,1000,1000,0,0,0,2.1684043449710089e-19,0.0038267584855551234,Wilson score,0,0,0,2.1684043449710089e-19,0.0038267584855551234,Wilson score,0,0,0,2.1684043449710089e-19,0.0038267584855551234,Wilson score,0,0,0,2.1684043449710089e-19,0.0038267584855551234,Wilson score,0,0,0,2.1684043449710089e-19,0.0038267584855551234,Wilson score,1,1000,0,0.99617324151444497,1,Wilson score,1,1000,0,0.99617324151444497,1,Wilson score,0,0,0,,,,,,,,,,,,,,,,,,,,,,,,,,,,,,,,,,,,,,,,,,,,,,,,,,,,,,,,,,,,,,,,,,,,,,,,,,,,,,,,,,,,,,,,,,,,,,,,,,,,,,,,,,,,,,,,,,,,,,,,,,,,,,,,,
TabDDPM__LR_L2,TabDDPM,LR_L2,R5_NULL,TARGET_B,0.050000000000000003,NOT_QUALIFIED,0.21795764991703001,0.21795764991703001,0.16795764991702999,far from boundary,METHOD_SUCCESS,,M4,M4_SINGLE_REALIZATION,1000,1000,0,0,0,2.1684043449710089e-19,0.0038267584855551234,Wilson score,0,0,0,2.1684043449710089e-19,0.0038267584855551234,Wilson score,0,0,0,2.1684043449710089e-19,0.0038267584855551234,Wilson score,0,0,0,2.1684043449710089e-19,0.0038267584855551234,Wilson score,0,0,0,2.1684043449710089e-19,0.0038267584855551234,Wilson score,1,1000,0,0.99617324151444497,1,Wilson score,1,1000,0,0.99617324151444497,1,Wilson score,0,0,0,,,,,,,,,,,,,,,,,,,,,,,,,,,,,,,,,,,,,,,,,,,,,,,,,,,,,,,,,,,,,,,,,,,,,,,,,,,,,,,,,,,,,,,,,,,,,,,,,,,,,,,,,,,,,,,,,,,,,,,,,,,,,,,,,
TabDDPM__LR_L2,TabDDPM,LR_L2,R5_NULL,TARGET_B,0.050000000000000003,NOT_QUALIFIED,0.21795764991703001,0.21795764991703001,0.16795764991702999,far from boundary,PAIR_COMMON_SUCCESS,M4_vs_M1,M1,M1_FULL_COV_CROSSED,992,1000,0,0,0,0,0.0038575003949356543,Wilson score,0,0,0,0,0.0038575003949356543,Wilson score,0,0,0,0,0.0038575003949356543,Wilson score,0,0,0,0,0.0038575003949356543,Wilson score,0,0,0,0,0.0038575003949356543,Wilson score,1,992,0,0.9961424996050644,1,Wilson score,1,992,0,0.9961424996050644,1,Wilson score,0,0.0080000000000000002,0,,,,,,,,,,,,,,,,,,,,,,,,,,,,,,,,,,,,,,,,,,,,,,,,,,,,,,,,,,,,,,,,,,,,,,,,,,,,,,,,,,,,,,,,,,,,,,,,,,,,,,,,,,,,,,,,,,,,,,,,,,,,,,,,,
TabDDPM__LR_L2,TabDDPM,LR_L2,R5_NULL,TARGET_B,0.050000000000000003,NOT_QUALIFIED,0.21795764991703001,0.21795764991703001,0.16795764991702999,far from boundary,PAIR_COMMON_SUCCESS,M4_vs_M1,M4,M4_SINGLE_REALIZATION,992,1000,0,0,0,0,0.0038575003949356543,Wilson score,0,0,0,0,0.0038575003949356543,Wilson score,0,0,0,0,0.0038575003949356543,Wilson score,0,0,0,0,0.0038575003949356543,Wilson score,0,0,0,0,0.0038575003949356543,Wilson score,1,992,0,0.9961424996050644,1,Wilson score,1,992,0,0.9961424996050644,1,Wilson score,0,0.0080000000000000002,0,,,,,,,,,,,,,,,,,,,,,,,,,,,,,,,,,,,,,,,,,,,,,,,,,,,,,,,,,,,,,,,,,,,,,,,,,,,,,,,,,,,,,,,,,,,,,,,,,,,,,,,,,,,,,,,,,,,,,,,,,,,,,,,,,
TabDDPM__LR_L2,TabDDPM,LR_L2,R5_NULL,TARGET_B,0.050000000000000003,NOT_QUALIFIED,0.21795764991703001,0.21795764991703001,0.16795764991702999,far from boundary,PAIR_COMMON_SUCCESS,M3_vs_M1,M1,M1_FULL_COV_CROSSED,992,1000,0,0,0,0,0.0038575003949356543,Wilson score,0,0,0,0,0.0038575003949356543,Wilson score,0,0,0,0,0.0038575003949356543,Wilson score,0,0,0,0,0.0038575003949356543,Wilson score,0,0,0,0,0.0038575003949356543,Wilson score,1,992,0,0.9961424996050644,1,Wilson score,1,992,0,0.9961424996050644,1,Wilson score,0,0.0080000000000000002,0,,,,,,,,,,,,,,,,,,,,,,,,,,,,,,,,,,,,,,,,,,,,,,,,,,,,,,,,,,,,,,,,,,,,,,,,,,,,,,,,,,,,,,,,,,,,,,,,,,,,,,,,,,,,,,,,,,,,,,,,,,,,,,,,,
TabDDPM__LR_L2,TabDDPM,LR_L2,R5_NULL,TARGET_B,0.050000000000000003,NOT_QUALIFIED,0.21795764991703001,0.21795764991703001,0.16795764991702999,far from boundary,PAIR_COMMON_SUCCESS,M3_vs_M1,M3,M3_SEED_AGGREGATED,992,1000,0,0,0,0,0.0038575003949356543,Wilson score,0,0,0,0,0.0038575003949356543,Wilson score,0,0,0,0,0.0038575003949356543,Wilson score,0,0,0,0,0.0038575003949356543,Wilson score,0,0,0,0,0.0038575003949356543,Wilson score,1,992,0,0.9961424996050644,1,Wilson score,1,992,0,0.9961424996050644,1,Wilson score,0,0.0080000000000000002,0,,,,,,,,,,,,,,,,,,,,,,,,,,,,,,,,,,,,,,,,,,,,,,,,,,,,,,,,,,,,,,,,,,,,,,,,,,,,,,,,,,,,,,,,,,,,,,,,,,,,,,,,,,,,,,,,,,,,,,,,,,,,,,,,,
TabDDPM__LR_L2,TabDDPM,LR_L2,R5_NULL,TARGET_B,0.050000000000000003,NOT_QUALIFIED,0.21795764991703001,0.21795764991703001,0.16795764991702999,far from boundary,PAIR_COMMON_SUCCESS,M2_vs_M1,M1,M1_FULL_COV_CROSSED,985,1000,0,0,0,2.1684043449710089e-19,0.0038848076063431863,Wilson score,0,0,0,2.1684043449710089e-19,0.0038848076063431863,Wilson score,0,0,0,2.1684043449710089e-19,0.0038848076063431863,Wilson score,0,0,0,2.1684043449710089e-19,0.0038848076063431863,Wilson score,0,0,0,2.1684043449710089e-19,0.0038848076063431863,Wilson score,1,985,0,0.99611519239365676,0.99999999999999989,Wilson score,1,985,0,0.99611519239365676,0.99999999999999989,Wilson score,0,0.014999999999999999,0,,,,,,,,,,,,,,,,,,,,,,,,,,,,,,,,,,,,,,,,,,,,,,,,,,,,,,,,,,,,,,,,,,,,,,,,,,,,,,,,,,,,,,,,,,,,,,,,,,,,,,,,,,,,,,,,,,,,,,,,,,,,,,,,,
TabDDPM__LR_L2,TabDDPM,LR_L2,R5_NULL,TARGET_B,0.050000000000000003,NOT_QUALIFIED,0.21795764991703001,0.21795764991703001,0.16795764991702999,far from boundary,PAIR_COMMON_SUCCESS,M2_vs_M1,M2,M2_DIAGONAL_COV_CROSSED,985,1000,0,0,0,2.1684043449710089e-19,0.0038848076063431863,Wilson score,0,0,0,2.1684043449710089e-19,0.0038848076063431863,Wilson score,0,0,0,2.1684043449710089e-19,0.0038848076063431863,Wilson score,0,0,0,2.1684043449710089e-19,0.0038848076063431863,Wilson score,0,0,0,2.1684043449710089e-19,0.0038848076063431863,Wilson score,1,985,0,0.99611519239365676,0.99999999999999989,Wilson score,1,985,0,0.99611519239365676,0.99999999999999989,Wilson score,0,0.014999999999999999,0,,,,,,,,,,,,,,,,,,,,,,,,,,,,,,,,,,,,,,,,,,,,,,,,,,,,,,,,,,,,,,,,,,,,,,,,,,,,,,,,,,,,,,,,,,,,,,,,,,,,,,,,,,,,,,,,,,,,,,,,,,,,,,,,,
TabDDPM__LR_L2,TabDDPM,LR_L2,R5_NULL,TARGET_B,0.10000000000000001,NOT_QUALIFIED,0.21795764991703001,0.21795764991703001,0.11795764991703001,far from boundary,METHOD_SUCCESS,,M1,M1_FULL_COV_CROSSED,992,1000,0,0,0,0,0.0038575003949356543,Wilson score,0,0,0,0,0.0038575003949356543,Wilson score,0,0,0,0,0.0038575003949356543,Wilson score,0,0,0,0,0.0038575003949356543,Wilson score,0,0,0,0,0.0038575003949356543,Wilson score,1,992,0,0.9961424996050644,1,Wilson score,1,992,0,0.9961424996050644,1,Wilson score,0,0.0080000000000000002,0,,,,,,,,,,,,,,,,,,,,,,,,,,,,,,,,,,,,,,,,,,,,,,,,,,,,,,,,,,,,,,,,,,,,,,,,,,,,,,,,,,,,,,,,,,,,,,,,,,,,,,,,,,,,,,,,,,,,,,,,,,,,,,,,,
TabDDPM__LR_L2,TabDDPM,LR_L2,R5_NULL,TARGET_B,0.10000000000000001,NOT_QUALIFIED,0.21795764991703001,0.21795764991703001,0.11795764991703001,far from boundary,METHOD_SUCCESS,,M2,M2_DIAGONAL_COV_CROSSED,993,1000,0,0,0,0,0.0038536306718610345,Wilson score,0,0,0,0,0.0038536306718610345,Wilson score,0,0,0,0,0.0038536306718610345,Wilson score,0,0,0,0,0.0038536306718610345,Wilson score,0,0,0,0,0.0038536306718610345,Wilson score,1,993,0,0.99614636932813894,1,Wilson score,1,993,0,0.99614636932813894,1,Wilson score,0,0.0070000000000000001,0,,,,,,,,,,,,,,,,,,,,,,,,,,,,,,,,,,,,,,,,,,,,,,,,,,,,,,,,,,,,,,,,,,,,,,,,,,,,,,,,,,,,,,,,,,,,,,,,,,,,,,,,,,,,,,,,,,,,,,,,,,,,,,,,,
TabDDPM__LR_L2,TabDDPM,LR_L2,R5_NULL,TARGET_B,0.10000000000000001,NOT_QUALIFIED,0.21795764991703001,0.21795764991703001,0.11795764991703001,far from boundary,METHOD_SUCCESS,,M3,M3_SEED_AGGREGATED,1000,1000,0,0,0,2.1684043449710089e-19,0.0038267584855551234,Wilson score,0,0,0,2.1684043449710089e-19,0.0038267584855551234,Wilson score,0,0,0,2.1684043449710089e-19,0.0038267584855551234,Wilson score,0,0,0,2.1684043449710089e-19,0.0038267584855551234,Wilson score,0,0,0,2.1684043449710089e-19,0.0038267584855551234,Wilson score,1,1000,0,0.99617324151444497,1,Wilson score,1,1000,0,0.99617324151444497,1,Wilson score,0,0,0,,,,,,,,,,,,,,,,,,,,,,,,,,,,,,,,,,,,,,,,,,,,,,,,,,,,,,,,,,,,,,,,,,,,,,,,,,,,,,,,,,,,,,,,,,,,,,,,,,,,,,,,,,,,,,,,,,,,,,,,,,,,,,,,,
TabDDPM__LR_L2,TabDDPM,LR_L2,R5_NULL,TARGET_B,0.10000000000000001,NOT_QUALIFIED,0.21795764991703001,0.21795764991703001,0.11795764991703001,far from boundary,METHOD_SUCCESS,,M4,M4_SINGLE_REALIZATION,1000,1000,0,0,0,2.1684043449710089e-19,0.0038267584855551234,Wilson score,0,0,0,2.1684043449710089e-19,0.0038267584855551234,Wilson score,0,0,0,2.1684043449710089e-19,0.0038267584855551234,Wilson score,0,0,0,2.1684043449710089e-19,0.0038267584855551234,Wilson score,0,0,0,2.1684043449710089e-19,0.0038267584855551234,Wilson score,1,1000,0,0.99617324151444497,1,Wilson score,1,1000,0,0.99617324151444497,1,Wilson score,0,0,0,,,,,,,,,,,,,,,,,,,,,,,,,,,,,,,,,,,,,,,,,,,,,,,,,,,,,,,,,,,,,,,,,,,,,,,,,,,,,,,,,,,,,,,,,,,,,,,,,,,,,,,,,,,,,,,,,,,,,,,,,,,,,,,,,
TabDDPM__LR_L2,TabDDPM,LR_L2,R5_NULL,TARGET_B,0.10000000000000001,NOT_QUALIFIED,0.21795764991703001,0.21795764991703001,0.11795764991703001,far from boundary,PAIR_COMMON_SUCCESS,M4_vs_M1,M1,M1_FULL_COV_CROSSED,992,1000,0,0,0,0,0.0038575003949356543,Wilson score,0,0,0,0,0.0038575003949356543,Wilson score,0,0,0,0,0.0038575003949356543,Wilson score,0,0,0,0,0.0038575003949356543,Wilson score,0,0,0,0,0.0038575003949356543,Wilson score,1,992,0,0.9961424996050644,1,Wilson score,1,992,0,0.9961424996050644,1,Wilson score,0,0.0080000000000000002,0,,,,,,,,,,,,,,,,,,,,,,,,,,,,,,,,,,,,,,,,,,,,,,,,,,,,,,,,,,,,,,,,,,,,,,,,,,,,,,,,,,,,,,,,,,,,,,,,,,,,,,,,,,,,,,,,,,,,,,,,,,,,,,,,,
TabDDPM__LR_L2,TabDDPM,LR_L2,R5_NULL,TARGET_B,0.10000000000000001,NOT_QUALIFIED,0.21795764991703001,0.21795764991703001,0.11795764991703001,far from boundary,PAIR_COMMON_SUCCESS,M4_vs_M1,M4,M4_SINGLE_REALIZATION,992,1000,0,0,0,0,0.0038575003949356543,Wilson score,0,0,0,0,0.0038575003949356543,Wilson score,0,0,0,0,0.0038575003949356543,Wilson score,0,0,0,0,0.0038575003949356543,Wilson score,0,0,0,0,0.0038575003949356543,Wilson score,1,992,0,0.9961424996050644,1,Wilson score,1,992,0,0.9961424996050644,1,Wilson score,0,0.0080000000000000002,0,,,,,,,,,,,,,,,,,,,,,,,,,,,,,,,,,,,,,,,,,,,,,,,,,,,,,,,,,,,,,,,,,,,,,,,,,,,,,,,,,,,,,,,,,,,,,,,,,,,,,,,,,,,,,,,,,,,,,,,,,,,,,,,,,
TabDDPM__LR_L2,TabDDPM,LR_L2,R5_NULL,TARGET_B,0.10000000000000001,NOT_QUALIFIED,0.21795764991703001,0.21795764991703001,0.11795764991703001,far from boundary,PAIR_COMMON_SUCCESS,M3_vs_M1,M1,M1_FULL_COV_CROSSED,992,1000,0,0,0,0,0.0038575003949356543,Wilson score,0,0,0,0,0.0038575003949356543,Wilson score,0,0,0,0,0.0038575003949356543,Wilson score,0,0,0,0,0.0038575003949356543,Wilson score,0,0,0,0,0.0038575003949356543,Wilson score,1,992,0,0.9961424996050644,1,Wilson score,1,992,0,0.9961424996050644,1,Wilson score,0,0.0080000000000000002,0,,,,,,,,,,,,,,,,,,,,,,,,,,,,,,,,,,,,,,,,,,,,,,,,,,,,,,,,,,,,,,,,,,,,,,,,,,,,,,,,,,,,,,,,,,,,,,,,,,,,,,,,,,,,,,,,,,,,,,,,,,,,,,,,,
TabDDPM__LR_L2,TabDDPM,LR_L2,R5_NULL,TARGET_B,0.10000000000000001,NOT_QUALIFIED,0.21795764991703001,0.21795764991703001,0.11795764991703001,far from boundary,PAIR_COMMON_SUCCESS,M3_vs_M1,M3,M3_SEED_AGGREGATED,992,1000,0,0,0,0,0.0038575003949356543,Wilson score,0,0,0,0,0.0038575003949356543,Wilson score,0,0,0,0,0.0038575003949356543,Wilson score,0,0,0,0,0.0038575003949356543,Wilson score,0,0,0,0,0.0038575003949356543,Wilson score,1,992,0,0.9961424996050644,1,Wilson score,1,992,0,0.9961424996050644,1,Wilson score,0,0.0080000000000000002,0,,,,,,,,,,,,,,,,,,,,,,,,,,,,,,,,,,,,,,,,,,,,,,,,,,,,,,,,,,,,,,,,,,,,,,,,,,,,,,,,,,,,,,,,,,,,,,,,,,,,,,,,,,,,,,,,,,,,,,,,,,,,,,,,,
TabDDPM__LR_L2,TabDDPM,LR_L2,R5_NULL,TARGET_B,0.10000000000000001,NOT_QUALIFIED,0.21795764991703001,0.21795764991703001,0.11795764991703001,far from boundary,PAIR_COMMON_SUCCESS,M2_vs_M1,M1,M1_FULL_COV_CROSSED,985,1000,0,0,0,2.1684043449710089e-19,0.0038848076063431863,Wilson score,0,0,0,2.1684043449710089e-19,0.0038848076063431863,Wilson score,0,0,0,2.1684043449710089e-19,0.0038848076063431863,Wilson score,0,0,0,2.1684043449710089e-19,0.0038848076063431863,Wilson score,0,0,0,2.1684043449710089e-19,0.0038848076063431863,Wilson score,1,985,0,0.99611519239365676,0.99999999999999989,Wilson score,1,985,0,0.99611519239365676,0.99999999999999989,Wilson score,0,0.014999999999999999,0,,,,,,,,,,,,,,,,,,,,,,,,,,,,,,,,,,,,,,,,,,,,,,,,,,,,,,,,,,,,,,,,,,,,,,,,,,,,,,,,,,,,,,,,,,,,,,,,,,,,,,,,,,,,,,,,,,,,,,,,,,,,,,,,,
TabDDPM__LR_L2,TabDDPM,LR_L2,R5_NULL,TARGET_B,0.10000000000000001,NOT_QUALIFIED,0.21795764991703001,0.21795764991703001,0.11795764991703001,far from boundary,PAIR_COMMON_SUCCESS,M2_vs_M1,M2,M2_DIAGONAL_COV_CROSSED,985,1000,0,0,0,2.1684043449710089e-19,0.0038848076063431863,Wilson score,0,0,0,2.1684043449710089e-19,0.0038848076063431863,Wilson score,0,0,0,2.1684043449710089e-19,0.0038848076063431863,Wilson score,0,0,0,2.1684043449710089e-19,0.0038848076063431863,Wilson score,0,0,0,2.1684043449710089e-19,0.0038848076063431863,Wilson score,1,985,0,0.99611519239365676,0.99999999999999989,Wilson score,1,985,0,0.99611519239365676,0.99999999999999989,Wilson score,0,0.014999999999999999,0,,,,,,,,,,,,,,,,,,,,,,,,,,,,,,,,,,,,,,,,,,,,,,,,,,,,,,,,,,,,,,,,,,,,,,,,,,,,,,,,,,,,,,,,,,,,,,,,,,,,,,,,,,,,,,,,,,,,,,,,,,,,,,,,,
TabDDPM__LR_L2,TabDDPM,LR_L2,R5_NULL,TARGET_B,0.20000000000000001,NOT_QUALIFIED,0.21795764991703001,0.21795764991703001,0.01795764991703,near boundary,METHOD_SUCCESS,,M1,M1_FULL_COV_CROSSED,992,1000,0.012096774193548387,12,0.0034708524575259607,0.0069332179766097689,0.021024504182964539,Wilson score,0,0,0,0,0.0038575003949356543,Wilson score,0,0,0,0,0.0038575003949356543,Wilson score,0,0,0,0,0.0038575003949356543,Wilson score,0.012096774193548387,12,0.0034708524575259607,0.0069332179766097689,0.021024504182964539,Wilson score,0.98790322580645162,980,0.0034708524575259594,0.97897549581703558,0.99306678202339027,Wilson score,0.98790322580645162,980,0.0034708524575259594,0.97897549581703558,0.99306678202339027,Wilson score,0.012,0.02,0.012096774193548376,,,,,,,,,,,,,,,,,,,,,,,,,,,,,,,,,,,,,,,,,,,,,,,,,,,,,,,,,,,,,,,,,,,,,,,,,,,,,,,,,,,,,,,,,,,,,,,,,,,,,,,,,,,,,,,,,,,,,,,,,,,,,,,,,
TabDDPM__LR_L2,TabDDPM,LR_L2,R5_NULL,TARGET_B,0.20000000000000001,NOT_QUALIFIED,0.21795764991703001,0.21795764991703001,0.01795764991703,near boundary,METHOD_SUCCESS,,M2,M2_DIAGONAL_COV_CROSSED,993,1000,1,993,0,0.99614636932813894,1,Wilson score,0,0,0,0,0.0038536306718610345,Wilson score,0,0,0,0,0.0038536306718610345,Wilson score,0,0,0,0,0.0038536306718610345,Wilson score,1,993,0,0.99614636932813894,1,Wilson score,0,0,0,0,0.0038536306718610345,Wilson score,0,0,0,0,0.0038536306718610345,Wilson score,0.99299999999999999,1,1,,,,,,,,,,,,,,,,,,,,,,,,,,,,,,,,,,,,,,,,,,,,,,,,,,,,,,,,,,,,,,,,,,,,,,,,,,,,,,,,,,,,,,,,,,,,,,,,,,,,,,,,,,,,,,,,,,,,,,,,,,,,,,,,,
TabDDPM__LR_L2,TabDDPM,LR_L2,R5_NULL,TARGET_B,0.20000000000000001,NOT_QUALIFIED,0.21795764991703001,0.21795764991703001,0.01795764991703,near boundary,METHOD_SUCCESS,,M3,M3_SEED_AGGREGATED,1000,1000,0.17399999999999999,174,0.011988494484296182,0.15176235026548338,0.19873269626709858,Wilson score,0,0,0,2.1684043449710089e-19,0.0038267584855551234,Wilson score,0,0,0,2.1684043449710089e-19,0.0038267584855551234,Wilson score,0,0,0,2.1684043449710089e-19,0.0038267584855551234,Wilson score,0.17399999999999999,174,0.011988494484296182,0.15176235026548338,0.19873269626709858,Wilson score,0.82599999999999996,826,0.011988494484296184,0.80126730373290145,0.84823764973451654,Wilson score,0.82599999999999996,826,0.011988494484296184,0.80126730373290145,0.84823764973451654,Wilson score,0.17399999999999999,0.17399999999999999,0.17400000000000004,,,,,,,,,,,,,,,,,,,,,,,,,,,,,,,,,,,,,,,,,,,,,,,,,,,,,,,,,,,,,,,,,,,,,,,,,,,,,,,,,,,,,,,,,,,,,,,,,,,,,,,,,,,,,,,,,,,,,,,,,,,,,,,,,
TabDDPM__LR_L2,TabDDPM,LR_L2,R5_NULL,TARGET_B,0.20000000000000001,NOT_QUALIFIED,0.21795764991703001,0.21795764991703001,0.01795764991703,near boundary,METHOD_SUCCESS,,M4,M4_SINGLE_REALIZATION,1000,1000,0.34999999999999998,350,0.015083103128998356,0.32106271005247566,0.38008531749319086,Wilson score,0,0,0,2.1684043449710089e-19,0.0038267584855551234,Wilson score,0,0,0,2.1684043449710089e-19,0.0038267584855551234,Wilson score,0,0,0,2.1684043449710089e-19,0.0038267584855551234,Wilson score,0.34999999999999998,350,0.015083103128998356,0.32106271005247566,0.38008531749319086,Wilson score,0.65000000000000002,650,0.015083103128998356,0.61991468250680914,0.67893728994752434,Wilson score,0.65000000000000002,650,0.015083103128998356,0.61991468250680914,0.67893728994752434,Wilson score,0.34999999999999998,0.34999999999999998,0.34999999999999998,,,,,,,,,,,,,,,,,,,,,,,,,,,,,,,,,,,,,,,,,,,,,,,,,,,,,,,,,,,,,,,,,,,,,,,,,,,,,,,,,,,,,,,,,,,,,,,,,,,,,,,,,,,,,,,,,,,,,,,,,,,,,,,,,
TabDDPM__LR_L2,TabDDPM,LR_L2,R5_NULL,TARGET_B,0.20000000000000001,NOT_QUALIFIED,0.21795764991703001,0.21795764991703001,0.01795764991703,near boundary,PAIR_COMMON_SUCCESS,M4_vs_M1,M1,M1_FULL_COV_CROSSED,992,1000,0.012096774193548387,12,0.0034708524575259607,0.0069332179766097689,0.021024504182964539,Wilson score,0,0,0,0,0.0038575003949356543,Wilson score,0,0,0,0,0.0038575003949356543,Wilson score,0,0,0,0,0.0038575003949356543,Wilson score,0.012096774193548387,12,0.0034708524575259607,0.0069332179766097689,0.021024504182964539,Wilson score,0.98790322580645162,980,0.0034708524575259594,0.97897549581703558,0.99306678202339027,Wilson score,0.98790322580645162,980,0.0034708524575259594,0.97897549581703558,0.99306678202339027,Wilson score,0.012,0.02,0.012096774193548376,,,,,,,,,,,,,,,,,,,,,,,,,,,,,,,,,,,,,,,,,,,,,,,,,,,,,,,,,,,,,,,,,,,,,,,,,,,,,,,,,,,,,,,,,,,,,,,,,,,,,,,,,,,,,,,,,,,,,,,,,,,,,,,,,
TabDDPM__LR_L2,TabDDPM,LR_L2,R5_NULL,TARGET_B,0.20000000000000001,NOT_QUALIFIED,0.21795764991703001,0.21795764991703001,0.01795764991703,near boundary,PAIR_COMMON_SUCCESS,M4_vs_M1,M4,M4_SINGLE_REALIZATION,992,1000,0.35181451612903225,349,0.015161797492233271,0.32272142790673425,0.3820508554764423,Wilson score,0,0,0,0,0.0038575003949356543,Wilson score,0,0,0,0,0.0038575003949356543,Wilson score,0,0,0,0,0.0038575003949356543,Wilson score,0.35181451612903225,349,0.015161797492233271,0.32272142790673425,0.3820508554764423,Wilson score,0.64818548387096775,643,0.015161797492233271,0.61794914452355776,0.67727857209326581,Wilson score,0.64818548387096775,643,0.015161797492233271,0.61794914452355776,0.67727857209326581,Wilson score,0.34899999999999998,0.35699999999999998,0.35181451612903225,,,,,,,,,,,,,,,,,,,,,,,,,,,,,,,,,,,,,,,,,,,,,,,,,,,,,,,,,,,,,,,,,,,,,,,,,,,,,,,,,,,,,,,,,,,,,,,,,,,,,,,,,,,,,,,,,,,,,,,,,,,,,,,,,
TabDDPM__LR_L2,TabDDPM,LR_L2,R5_NULL,TARGET_B,0.20000000000000001,NOT_QUALIFIED,0.21795764991703001,0.21795764991703001,0.01795764991703,near boundary,PAIR_COMMON_SUCCESS,M3_vs_M1,M1,M1_FULL_COV_CROSSED,992,1000,0.012096774193548387,12,0.0034708524575259607,0.0069332179766097689,0.021024504182964539,Wilson score,0,0,0,0,0.0038575003949356543,Wilson score,0,0,0,0,0.0038575003949356543,Wilson score,0,0,0,0,0.0038575003949356543,Wilson score,0.012096774193548387,12,0.0034708524575259607,0.0069332179766097689,0.021024504182964539,Wilson score,0.98790322580645162,980,0.0034708524575259594,0.97897549581703558,0.99306678202339027,Wilson score,0.98790322580645162,980,0.0034708524575259594,0.97897549581703558,0.99306678202339027,Wilson score,0.012,0.02,0.012096774193548376,,,,,,,,,,,,,,,,,,,,,,,,,,,,,,,,,,,,,,,,,,,,,,,,,,,,,,,,,,,,,,,,,,,,,,,,,,,,,,,,,,,,,,,,,,,,,,,,,,,,,,,,,,,,,,,,,,,,,,,,,,,,,,,,,
TabDDPM__LR_L2,TabDDPM,LR_L2,R5_NULL,TARGET_B,0.20000000000000001,NOT_QUALIFIED,0.21795764991703001,0.21795764991703001,0.01795764991703,near boundary,PAIR_COMMON_SUCCESS,M3_vs_M1,M3,M3_SEED_AGGREGATED,992,1000,0.17439516129032259,173,0.012047515513550454,0.15205062618083215,0.19925173798764412,Wilson score,0,0,0,0,0.0038575003949356543,Wilson score,0,0,0,0,0.0038575003949356543,Wilson score,0,0,0,0,0.0038575003949356543,Wilson score,0.17439516129032259,173,0.012047515513550454,0.15205062618083215,0.19925173798764412,Wilson score,0.82560483870967738,819,0.012047515513550454,0.80074826201235583,0.84794937381916791,Wilson score,0.82560483870967738,819,0.012047515513550454,0.80074826201235583,0.84794937381916791,Wilson score,0.17299999999999999,0.18099999999999999,0.17439516129032262,,,,,,,,,,,,,,,,,,,,,,,,,,,,,,,,,,,,,,,,,,,,,,,,,,,,,,,,,,,,,,,,,,,,,,,,,,,,,,,,,,,,,,,,,,,,,,,,,,,,,,,,,,,,,,,,,,,,,,,,,,,,,,,,,
TabDDPM__LR_L2,TabDDPM,LR_L2,R5_NULL,TARGET_B,0.20000000000000001,NOT_QUALIFIED,0.21795764991703001,0.21795764991703001,0.01795764991703,near boundary,PAIR_COMMON_SUCCESS,M2_vs_M1,M1,M1_FULL_COV_CROSSED,985,1000,0.012182741116751269,12,0.0034953663214969781,0.0069825837603937728,0.021173050868739021,Wilson score,0,0,0,2.1684043449710089e-19,0.0038848076063431863,Wilson score,0,0,0,2.1684043449710089e-19,0.0038848076063431863,Wilson score,0,0,0,2.1684043449710089e-19,0.0038848076063431863,Wilson score,0.012182741116751269,12,0.0034953663214969781,0.0069825837603937728,0.021173050868739021,Wilson score,0.98781725888324878,973,0.0034953663214969707,0.978826949131261,0.99301741623960627,Wilson score,0.98781725888324878,973,0.0034953663214969707,0.978826949131261,0.99301741623960627,Wilson score,0.012,0.027,0.012182741116751217,,,,,,,,,,,,,,,,,,,,,,,,,,,,,,,,,,,,,,,,,,,,,,,,,,,,,,,,,,,,,,,,,,,,,,,,,,,,,,,,,,,,,,,,,,,,,,,,,,,,,,,,,,,,,,,,,,,,,,,,,,,,,,,,,
TabDDPM__LR_L2,TabDDPM,LR_L2,R5_NULL,TARGET_B,0.20000000000000001,NOT_QUALIFIED,0.21795764991703001,0.21795764991703001,0.01795764991703,near boundary,PAIR_COMMON_SUCCESS,M2_vs_M1,M2,M2_DIAGONAL_COV_CROSSED,985,1000,1,985,0,0.99611519239365676,0.99999999999999989,Wilson score,0,0,0,2.1684043449710089e-19,0.0038848076063431863,Wilson score,0,0,0,2.1684043449710089e-19,0.0038848076063431863,Wilson score,0,0,0,2.1684043449710089e-19,0.0038848076063431863,Wilson score,1,985,0,0.99611519239365676,0.99999999999999989,Wilson score,0,0,0,2.1684043449710089e-19,0.0038848076063431863,Wilson score,0,0,0,2.1684043449710089e-19,0.0038848076063431863,Wilson score,0.98499999999999999,1,1,,,,,,,,,,,,,,,,,,,,,,,,,,,,,,,,,,,,,,,,,,,,,,,,,,,,,,,,,,,,,,,,,,,,,,,,,,,,,,,,,,,,,,,,,,,,,,,,,,,,,,,,,,,,,,,,,,,,,,,,,,,,,,,,,
TabDDPM__LR_L2,TabDDPM,LR_L2,R5_NULL,TARGET_A,0.025000000000000001,NOT_QUALIFIED,0.21795764991703001,0.21795764991703001,0.19295764991703002,far from boundary,METHOD_SUCCESS,,M1,M1_FULL_COV_CROSSED,992,1000,0,0,0,0,0.0038575003949356543,Wilson score,0,0,0,0,0.0038575003949356543,Wilson score,0,0,0,0,0.0038575003949356543,Wilson score,0,0,0,0,0.0038575003949356543,Wilson score,0,0,0,0,0.0038575003949356543,Wilson score,1,992,0,0.9961424996050644,1,Wilson score,1,992,0,0.9961424996050644,1,Wilson score,0,0.0080000000000000002,0,,,,,,,,,,,,,,,,,,,,,,,,,,,,,,,,,,,,,,,,,,,,,,,,,,,,,,,,,,,,,,,,,,,,,,,,,,,,,,,,,,,,,,,,,,,,,,,,,,,,,,,,,,,,,,,,,,,,,,,,,,,,,,,,,
TabDDPM__LR_L2,TabDDPM,LR_L2,R5_NULL,TARGET_A,0.025000000000000001,NOT_QUALIFIED,0.21795764991703001,0.21795764991703001,0.19295764991703002,far from boundary,METHOD_SUCCESS,,M2,M2_DIAGONAL_COV_CROSSED,993,1000,0,0,0,0,0.0038536306718610345,Wilson score,0,0,0,0,0.0038536306718610345,Wilson score,0,0,0,0,0.0038536306718610345,Wilson score,0,0,0,0,0.0038536306718610345,Wilson score,0,0,0,0,0.0038536306718610345,Wilson score,1,993,0,0.99614636932813894,1,Wilson score,1,993,0,0.99614636932813894,1,Wilson score,0,0.0070000000000000001,0,,,,,,,,,,,,,,,,,,,,,,,,,,,,,,,,,,,,,,,,,,,,,,,,,,,,,,,,,,,,,,,,,,,,,,,,,,,,,,,,,,,,,,,,,,,,,,,,,,,,,,,,,,,,,,,,,,,,,,,,,,,,,,,,,
TabDDPM__LR_L2,TabDDPM,LR_L2,R5_NULL,TARGET_A,0.025000000000000001,NOT_QUALIFIED,0.21795764991703001,0.21795764991703001,0.19295764991703002,far from boundary,METHOD_SUCCESS,,M3,M3_SEED_AGGREGATED,1000,1000,0,0,0,2.1684043449710089e-19,0.0038267584855551234,Wilson score,0,0,0,2.1684043449710089e-19,0.0038267584855551234,Wilson score,0,0,0,2.1684043449710089e-19,0.0038267584855551234,Wilson score,0,0,0,2.1684043449710089e-19,0.0038267584855551234,Wilson score,0,0,0,2.1684043449710089e-19,0.0038267584855551234,Wilson score,1,1000,0,0.99617324151444497,1,Wilson score,1,1000,0,0.99617324151444497,1,Wilson score,0,0,0,,,,,,,,,,,,,,,,,,,,,,,,,,,,,,,,,,,,,,,,,,,,,,,,,,,,,,,,,,,,,,,,,,,,,,,,,,,,,,,,,,,,,,,,,,,,,,,,,,,,,,,,,,,,,,,,,,,,,,,,,,,,,,,,,
TabDDPM__LR_L2,TabDDPM,LR_L2,R5_NULL,TARGET_A,0.025000000000000001,NOT_QUALIFIED,0.21795764991703001,0.21795764991703001,0.19295764991703002,far from boundary,METHOD_SUCCESS,,M4,M4_SINGLE_REALIZATION,1000,1000,0,0,0,2.1684043449710089e-19,0.0038267584855551234,Wilson score,0,0,0,2.1684043449710089e-19,0.0038267584855551234,Wilson score,0,0,0,2.1684043449710089e-19,0.0038267584855551234,Wilson score,0,0,0,2.1684043449710089e-19,0.0038267584855551234,Wilson score,0,0,0,2.1684043449710089e-19,0.0038267584855551234,Wilson score,1,1000,0,0.99617324151444497,1,Wilson score,1,1000,0,0.99617324151444497,1,Wilson score,0,0,0,,,,,,,,,,,,,,,,,,,,,,,,,,,,,,,,,,,,,,,,,,,,,,,,,,,,,,,,,,,,,,,,,,,,,,,,,,,,,,,,,,,,,,,,,,,,,,,,,,,,,,,,,,,,,,,,,,,,,,,,,,,,,,,,,
TabDDPM__LR_L2,TabDDPM,LR_L2,R5_NULL,TARGET_A,0.025000000000000001,NOT_QUALIFIED,0.21795764991703001,0.21795764991703001,0.19295764991703002,far from boundary,PAIR_COMMON_SUCCESS,M4_vs_M1,M1,M1_FULL_COV_CROSSED,992,1000,0,0,0,0,0.0038575003949356543,Wilson score,0,0,0,0,0.0038575003949356543,Wilson score,0,0,0,0,0.0038575003949356543,Wilson score,0,0,0,0,0.0038575003949356543,Wilson score,0,0,0,0,0.0038575003949356543,Wilson score,1,992,0,0.9961424996050644,1,Wilson score,1,992,0,0.9961424996050644,1,Wilson score,0,0.0080000000000000002,0,,,,,,,,,,,,,,,,,,,,,,,,,,,,,,,,,,,,,,,,,,,,,,,,,,,,,,,,,,,,,,,,,,,,,,,,,,,,,,,,,,,,,,,,,,,,,,,,,,,,,,,,,,,,,,,,,,,,,,,,,,,,,,,,,
TabDDPM__LR_L2,TabDDPM,LR_L2,R5_NULL,TARGET_A,0.025000000000000001,NOT_QUALIFIED,0.21795764991703001,0.21795764991703001,0.19295764991703002,far from boundary,PAIR_COMMON_SUCCESS,M4_vs_M1,M4,M4_SINGLE_REALIZATION,992,1000,0,0,0,0,0.0038575003949356543,Wilson score,0,0,0,0,0.0038575003949356543,Wilson score,0,0,0,0,0.0038575003949356543,Wilson score,0,0,0,0,0.0038575003949356543,Wilson score,0,0,0,0,0.0038575003949356543,Wilson score,1,992,0,0.9961424996050644,1,Wilson score,1,992,0,0.9961424996050644,1,Wilson score,0,0.0080000000000000002,0,,,,,,,,,,,,,,,,,,,,,,,,,,,,,,,,,,,,,,,,,,,,,,,,,,,,,,,,,,,,,,,,,,,,,,,,,,,,,,,,,,,,,,,,,,,,,,,,,,,,,,,,,,,,,,,,,,,,,,,,,,,,,,,,,
TabDDPM__LR_L2,TabDDPM,LR_L2,R5_NULL,TARGET_A,0.025000000000000001,NOT_QUALIFIED,0.21795764991703001,0.21795764991703001,0.19295764991703002,far from boundary,PAIR_COMMON_SUCCESS,M3_vs_M1,M1,M1_FULL_COV_CROSSED,992,1000,0,0,0,0,0.0038575003949356543,Wilson score,0,0,0,0,0.0038575003949356543,Wilson score,0,0,0,0,0.0038575003949356543,Wilson score,0,0,0,0,0.0038575003949356543,Wilson score,0,0,0,0,0.0038575003949356543,Wilson score,1,992,0,0.9961424996050644,1,Wilson score,1,992,0,0.9961424996050644,1,Wilson score,0,0.0080000000000000002,0,,,,,,,,,,,,,,,,,,,,,,,,,,,,,,,,,,,,,,,,,,,,,,,,,,,,,,,,,,,,,,,,,,,,,,,,,,,,,,,,,,,,,,,,,,,,,,,,,,,,,,,,,,,,,,,,,,,,,,,,,,,,,,,,,
TabDDPM__LR_L2,TabDDPM,LR_L2,R5_NULL,TARGET_A,0.025000000000000001,NOT_QUALIFIED,0.21795764991703001,0.21795764991703001,0.19295764991703002,far from boundary,PAIR_COMMON_SUCCESS,M3_vs_M1,M3,M3_SEED_AGGREGATED,992,1000,0,0,0,0,0.0038575003949356543,Wilson score,0,0,0,0,0.0038575003949356543,Wilson score,0,0,0,0,0.0038575003949356543,Wilson score,0,0,0,0,0.0038575003949356543,Wilson score,0,0,0,0,0.0038575003949356543,Wilson score,1,992,0,0.9961424996050644,1,Wilson score,1,992,0,0.9961424996050644,1,Wilson score,0,0.0080000000000000002,0,,,,,,,,,,,,,,,,,,,,,,,,,,,,,,,,,,,,,,,,,,,,,,,,,,,,,,,,,,,,,,,,,,,,,,,,,,,,,,,,,,,,,,,,,,,,,,,,,,,,,,,,,,,,,,,,,,,,,,,,,,,,,,,,,
TabDDPM__LR_L2,TabDDPM,LR_L2,R5_NULL,TARGET_A,0.025000000000000001,NOT_QUALIFIED,0.21795764991703001,0.21795764991703001,0.19295764991703002,far from boundary,PAIR_COMMON_SUCCESS,M2_vs_M1,M1,M1_FULL_COV_CROSSED,985,1000,0,0,0,2.1684043449710089e-19,0.0038848076063431863,Wilson score,0,0,0,2.1684043449710089e-19,0.0038848076063431863,Wilson score,0,0,0,2.1684043449710089e-19,0.0038848076063431863,Wilson score,0,0,0,2.1684043449710089e-19,0.0038848076063431863,Wilson score,0,0,0,2.1684043449710089e-19,0.0038848076063431863,Wilson score,1,985,0,0.99611519239365676,0.99999999999999989,Wilson score,1,985,0,0.99611519239365676,0.99999999999999989,Wilson score,0,0.014999999999999999,0,,,,,,,,,,,,,,,,,,,,,,,,,,,,,,,,,,,,,,,,,,,,,,,,,,,,,,,,,,,,,,,,,,,,,,,,,,,,,,,,,,,,,,,,,,,,,,,,,,,,,,,,,,,,,,,,,,,,,,,,,,,,,,,,,
TabDDPM__LR_L2,TabDDPM,LR_L2,R5_NULL,TARGET_A,0.025000000000000001,NOT_QUALIFIED,0.21795764991703001,0.21795764991703001,0.19295764991703002,far from boundary,PAIR_COMMON_SUCCESS,M2_vs_M1,M2,M2_DIAGONAL_COV_CROSSED,985,1000,0,0,0,2.1684043449710089e-19,0.0038848076063431863,Wilson score,0,0,0,2.1684043449710089e-19,0.0038848076063431863,Wilson score,0,0,0,2.1684043449710089e-19,0.0038848076063431863,Wilson score,0,0,0,2.1684043449710089e-19,0.0038848076063431863,Wilson score,0,0,0,2.1684043449710089e-19,0.0038848076063431863,Wilson score,1,985,0,0.99611519239365676,0.99999999999999989,Wilson score,1,985,0,0.99611519239365676,0.99999999999999989,Wilson score,0,0.014999999999999999,0,,,,,,,,,,,,,,,,,,,,,,,,,,,,,,,,,,,,,,,,,,,,,,,,,,,,,,,,,,,,,,,,,,,,,,,,,,,,,,,,,,,,,,,,,,,,,,,,,,,,,,,,,,,,,,,,,,,,,,,,,,,,,,,,,
TabDDPM__LR_L2,TabDDPM,LR_L2,R5_NULL,TARGET_A,0.050000000000000003,NOT_QUALIFIED,0.21795764991703001,0.21795764991703001,0.16795764991702999,far from boundary,METHOD_SUCCESS,,M1,M1_FULL_COV_CROSSED,992,1000,0,0,0,0,0.0038575003949356543,Wilson score,0,0,0,0,0.0038575003949356543,Wilson score,0,0,0,0,0.0038575003949356543,Wilson score,0,0,0,0,0.0038575003949356543,Wilson score,0,0,0,0,0.0038575003949356543,Wilson score,1,992,0,0.9961424996050644,1,Wilson score,1,992,0,0.9961424996050644,1,Wilson score,0,0.0080000000000000002,0,,,,,,,,,,,,,,,,,,,,,,,,,,,,,,,,,,,,,,,,,,,,,,,,,,,,,,,,,,,,,,,,,,,,,,,,,,,,,,,,,,,,,,,,,,,,,,,,,,,,,,,,,,,,,,,,,,,,,,,,,,,,,,,,,
TabDDPM__LR_L2,TabDDPM,LR_L2,R5_NULL,TARGET_A,0.050000000000000003,NOT_QUALIFIED,0.21795764991703001,0.21795764991703001,0.16795764991702999,far from boundary,METHOD_SUCCESS,,M2,M2_DIAGONAL_COV_CROSSED,993,1000,0,0,0,0,0.0038536306718610345,Wilson score,0,0,0,0,0.0038536306718610345,Wilson score,0,0,0,0,0.0038536306718610345,Wilson score,0,0,0,0,0.0038536306718610345,Wilson score,0,0,0,0,0.0038536306718610345,Wilson score,1,993,0,0.99614636932813894,1,Wilson score,1,993,0,0.99614636932813894,1,Wilson score,0,0.0070000000000000001,0,,,,,,,,,,,,,,,,,,,,,,,,,,,,,,,,,,,,,,,,,,,,,,,,,,,,,,,,,,,,,,,,,,,,,,,,,,,,,,,,,,,,,,,,,,,,,,,,,,,,,,,,,,,,,,,,,,,,,,,,,,,,,,,,,
TabDDPM__LR_L2,TabDDPM,LR_L2,R5_NULL,TARGET_A,0.050000000000000003,NOT_QUALIFIED,0.21795764991703001,0.21795764991703001,0.16795764991702999,far from boundary,METHOD_SUCCESS,,M3,M3_SEED_AGGREGATED,1000,1000,0,0,0,2.1684043449710089e-19,0.0038267584855551234,Wilson score,0,0,0,2.1684043449710089e-19,0.0038267584855551234,Wilson score,0,0,0,2.1684043449710089e-19,0.0038267584855551234,Wilson score,0,0,0,2.1684043449710089e-19,0.0038267584855551234,Wilson score,0,0,0,2.1684043449710089e-19,0.0038267584855551234,Wilson score,1,1000,0,0.99617324151444497,1,Wilson score,1,1000,0,0.99617324151444497,1,Wilson score,0,0,0,,,,,,,,,,,,,,,,,,,,,,,,,,,,,,,,,,,,,,,,,,,,,,,,,,,,,,,,,,,,,,,,,,,,,,,,,,,,,,,,,,,,,,,,,,,,,,,,,,,,,,,,,,,,,,,,,,,,,,,,,,,,,,,,,
TabDDPM__LR_L2,TabDDPM,LR_L2,R5_NULL,TARGET_A,0.050000000000000003,NOT_QUALIFIED,0.21795764991703001,0.21795764991703001,0.16795764991702999,far from boundary,METHOD_SUCCESS,,M4,M4_SINGLE_REALIZATION,1000,1000,0,0,0,2.1684043449710089e-19,0.0038267584855551234,Wilson score,0,0,0,2.1684043449710089e-19,0.0038267584855551234,Wilson score,0,0,0,2.1684043449710089e-19,0.0038267584855551234,Wilson score,0,0,0,2.1684043449710089e-19,0.0038267584855551234,Wilson score,0,0,0,2.1684043449710089e-19,0.0038267584855551234,Wilson score,1,1000,0,0.99617324151444497,1,Wilson score,1,1000,0,0.99617324151444497,1,Wilson score,0,0,0,,,,,,,,,,,,,,,,,,,,,,,,,,,,,,,,,,,,,,,,,,,,,,,,,,,,,,,,,,,,,,,,,,,,,,,,,,,,,,,,,,,,,,,,,,,,,,,,,,,,,,,,,,,,,,,,,,,,,,,,,,,,,,,,,
TabDDPM__LR_L2,TabDDPM,LR_L2,R5_NULL,TARGET_A,0.050000000000000003,NOT_QUALIFIED,0.21795764991703001,0.21795764991703001,0.16795764991702999,far from boundary,PAIR_COMMON_SUCCESS,M4_vs_M1,M1,M1_FULL_COV_CROSSED,992,1000,0,0,0,0,0.0038575003949356543,Wilson score,0,0,0,0,0.0038575003949356543,Wilson score,0,0,0,0,0.0038575003949356543,Wilson score,0,0,0,0,0.0038575003949356543,Wilson score,0,0,0,0,0.0038575003949356543,Wilson score,1,992,0,0.9961424996050644,1,Wilson score,1,992,0,0.9961424996050644,1,Wilson score,0,0.0080000000000000002,0,,,,,,,,,,,,,,,,,,,,,,,,,,,,,,,,,,,,,,,,,,,,,,,,,,,,,,,,,,,,,,,,,,,,,,,,,,,,,,,,,,,,,,,,,,,,,,,,,,,,,,,,,,,,,,,,,,,,,,,,,,,,,,,,,
TabDDPM__LR_L2,TabDDPM,LR_L2,R5_NULL,TARGET_A,0.050000000000000003,NOT_QUALIFIED,0.21795764991703001,0.21795764991703001,0.16795764991702999,far from boundary,PAIR_COMMON_SUCCESS,M4_vs_M1,M4,M4_SINGLE_REALIZATION,992,1000,0,0,0,0,0.0038575003949356543,Wilson score,0,0,0,0,0.0038575003949356543,Wilson score,0,0,0,0,0.0038575003949356543,Wilson score,0,0,0,0,0.0038575003949356543,Wilson score,0,0,0,0,0.0038575003949356543,Wilson score,1,992,0,0.9961424996050644,1,Wilson score,1,992,0,0.9961424996050644,1,Wilson score,0,0.0080000000000000002,0,,,,,,,,,,,,,,,,,,,,,,,,,,,,,,,,,,,,,,,,,,,,,,,,,,,,,,,,,,,,,,,,,,,,,,,,,,,,,,,,,,,,,,,,,,,,,,,,,,,,,,,,,,,,,,,,,,,,,,,,,,,,,,,,,
TabDDPM__LR_L2,TabDDPM,LR_L2,R5_NULL,TARGET_A,0.050000000000000003,NOT_QUALIFIED,0.21795764991703001,0.21795764991703001,0.16795764991702999,far from boundary,PAIR_COMMON_SUCCESS,M3_vs_M1,M1,M1_FULL_COV_CROSSED,992,1000,0,0,0,0,0.0038575003949356543,Wilson score,0,0,0,0,0.0038575003949356543,Wilson score,0,0,0,0,0.0038575003949356543,Wilson score,0,0,0,0,0.0038575003949356543,Wilson score,0,0,0,0,0.0038575003949356543,Wilson score,1,992,0,0.9961424996050644,1,Wilson score,1,992,0,0.9961424996050644,1,Wilson score,0,0.0080000000000000002,0,,,,,,,,,,,,,,,,,,,,,,,,,,,,,,,,,,,,,,,,,,,,,,,,,,,,,,,,,,,,,,,,,,,,,,,,,,,,,,,,,,,,,,,,,,,,,,,,,,,,,,,,,,,,,,,,,,,,,,,,,,,,,,,,,
TabDDPM__LR_L2,TabDDPM,LR_L2,R5_NULL,TARGET_A,0.050000000000000003,NOT_QUALIFIED,0.21795764991703001,0.21795764991703001,0.16795764991702999,far from boundary,PAIR_COMMON_SUCCESS,M3_vs_M1,M3,M3_SEED_AGGREGATED,992,1000,0,0,0,0,0.0038575003949356543,Wilson score,0,0,0,0,0.0038575003949356543,Wilson score,0,0,0,0,0.0038575003949356543,Wilson score,0,0,0,0,0.0038575003949356543,Wilson score,0,0,0,0,0.0038575003949356543,Wilson score,1,992,0,0.9961424996050644,1,Wilson score,1,992,0,0.9961424996050644,1,Wilson score,0,0.0080000000000000002,0,,,,,,,,,,,,,,,,,,,,,,,,,,,,,,,,,,,,,,,,,,,,,,,,,,,,,,,,,,,,,,,,,,,,,,,,,,,,,,,,,,,,,,,,,,,,,,,,,,,,,,,,,,,,,,,,,,,,,,,,,,,,,,,,,
TabDDPM__LR_L2,TabDDPM,LR_L2,R5_NULL,TARGET_A,0.050000000000000003,NOT_QUALIFIED,0.21795764991703001,0.21795764991703001,0.16795764991702999,far from boundary,PAIR_COMMON_SUCCESS,M2_vs_M1,M1,M1_FULL_COV_CROSSED,985,1000,0,0,0,2.1684043449710089e-19,0.0038848076063431863,Wilson score,0,0,0,2.1684043449710089e-19,0.0038848076063431863,Wilson score,0,0,0,2.1684043449710089e-19,0.0038848076063431863,Wilson score,0,0,0,2.1684043449710089e-19,0.0038848076063431863,Wilson score,0,0,0,2.1684043449710089e-19,0.0038848076063431863,Wilson score,1,985,0,0.99611519239365676,0.99999999999999989,Wilson score,1,985,0,0.99611519239365676,0.99999999999999989,Wilson score,0,0.014999999999999999,0,,,,,,,,,,,,,,,,,,,,,,,,,,,,,,,,,,,,,,,,,,,,,,,,,,,,,,,,,,,,,,,,,,,,,,,,,,,,,,,,,,,,,,,,,,,,,,,,,,,,,,,,,,,,,,,,,,,,,,,,,,,,,,,,,
TabDDPM__LR_L2,TabDDPM,LR_L2,R5_NULL,TARGET_A,0.050000000000000003,NOT_QUALIFIED,0.21795764991703001,0.21795764991703001,0.16795764991702999,far from boundary,PAIR_COMMON_SUCCESS,M2_vs_M1,M2,M2_DIAGONAL_COV_CROSSED,985,1000,0,0,0,2.1684043449710089e-19,0.0038848076063431863,Wilson score,0,0,0,2.1684043449710089e-19,0.0038848076063431863,Wilson score,0,0,0,2.1684043449710089e-19,0.0038848076063431863,Wilson score,0,0,0,2.1684043449710089e-19,0.0038848076063431863,Wilson score,0,0,0,2.1684043449710089e-19,0.0038848076063431863,Wilson score,1,985,0,0.99611519239365676,0.99999999999999989,Wilson score,1,985,0,0.99611519239365676,0.99999999999999989,Wilson score,0,0.014999999999999999,0,,,,,,,,,,,,,,,,,,,,,,,,,,,,,,,,,,,,,,,,,,,,,,,,,,,,,,,,,,,,,,,,,,,,,,,,,,,,,,,,,,,,,,,,,,,,,,,,,,,,,,,,,,,,,,,,,,,,,,,,,,,,,,,,,
TabDDPM__LR_L2,TabDDPM,LR_L2,R5_NULL,TARGET_A,0.10000000000000001,NOT_QUALIFIED,0.21795764991703001,0.21795764991703001,0.11795764991703001,far from boundary,METHOD_SUCCESS,,M1,M1_FULL_COV_CROSSED,992,1000,0,0,0,0,0.0038575003949356543,Wilson score,0,0,0,0,0.0038575003949356543,Wilson score,0,0,0,0,0.0038575003949356543,Wilson score,0,0,0,0,0.0038575003949356543,Wilson score,0,0,0,0,0.0038575003949356543,Wilson score,1,992,0,0.9961424996050644,1,Wilson score,1,992,0,0.9961424996050644,1,Wilson score,0,0.0080000000000000002,0,,,,,,,,,,,,,,,,,,,,,,,,,,,,,,,,,,,,,,,,,,,,,,,,,,,,,,,,,,,,,,,,,,,,,,,,,,,,,,,,,,,,,,,,,,,,,,,,,,,,,,,,,,,,,,,,,,,,,,,,,,,,,,,,,
TabDDPM__LR_L2,TabDDPM,LR_L2,R5_NULL,TARGET_A,0.10000000000000001,NOT_QUALIFIED,0.21795764991703001,0.21795764991703001,0.11795764991703001,far from boundary,METHOD_SUCCESS,,M2,M2_DIAGONAL_COV_CROSSED,993,1000,0,0,0,0,0.0038536306718610345,Wilson score,0,0,0,0,0.0038536306718610345,Wilson score,0,0,0,0,0.0038536306718610345,Wilson score,0,0,0,0,0.0038536306718610345,Wilson score,0,0,0,0,0.0038536306718610345,Wilson score,1,993,0,0.99614636932813894,1,Wilson score,1,993,0,0.99614636932813894,1,Wilson score,0,0.0070000000000000001,0,,,,,,,,,,,,,,,,,,,,,,,,,,,,,,,,,,,,,,,,,,,,,,,,,,,,,,,,,,,,,,,,,,,,,,,,,,,,,,,,,,,,,,,,,,,,,,,,,,,,,,,,,,,,,,,,,,,,,,,,,,,,,,,,,
TabDDPM__LR_L2,TabDDPM,LR_L2,R5_NULL,TARGET_A,0.10000000000000001,NOT_QUALIFIED,0.21795764991703001,0.21795764991703001,0.11795764991703001,far from boundary,METHOD_SUCCESS,,M3,M3_SEED_AGGREGATED,1000,1000,0,0,0,2.1684043449710089e-19,0.0038267584855551234,Wilson score,0,0,0,2.1684043449710089e-19,0.0038267584855551234,Wilson score,0,0,0,2.1684043449710089e-19,0.0038267584855551234,Wilson score,0,0,0,2.1684043449710089e-19,0.0038267584855551234,Wilson score,0,0,0,2.1684043449710089e-19,0.0038267584855551234,Wilson score,1,1000,0,0.99617324151444497,1,Wilson score,1,1000,0,0.99617324151444497,1,Wilson score,0,0,0,,,,,,,,,,,,,,,,,,,,,,,,,,,,,,,,,,,,,,,,,,,,,,,,,,,,,,,,,,,,,,,,,,,,,,,,,,,,,,,,,,,,,,,,,,,,,,,,,,,,,,,,,,,,,,,,,,,,,,,,,,,,,,,,,
TabDDPM__LR_L2,TabDDPM,LR_L2,R5_NULL,TARGET_A,0.10000000000000001,NOT_QUALIFIED,0.21795764991703001,0.21795764991703001,0.11795764991703001,far from boundary,METHOD_SUCCESS,,M4,M4_SINGLE_REALIZATION,1000,1000,0,0,0,2.1684043449710089e-19,0.0038267584855551234,Wilson score,0,0,0,2.1684043449710089e-19,0.0038267584855551234,Wilson score,0,0,0,2.1684043449710089e-19,0.0038267584855551234,Wilson score,0,0,0,2.1684043449710089e-19,0.0038267584855551234,Wilson score,0,0,0,2.1684043449710089e-19,0.0038267584855551234,Wilson score,1,1000,0,0.99617324151444497,1,Wilson score,1,1000,0,0.99617324151444497,1,Wilson score,0,0,0,,,,,,,,,,,,,,,,,,,,,,,,,,,,,,,,,,,,,,,,,,,,,,,,,,,,,,,,,,,,,,,,,,,,,,,,,,,,,,,,,,,,,,,,,,,,,,,,,,,,,,,,,,,,,,,,,,,,,,,,,,,,,,,,,
TabDDPM__LR_L2,TabDDPM,LR_L2,R5_NULL,TARGET_A,0.10000000000000001,NOT_QUALIFIED,0.21795764991703001,0.21795764991703001,0.11795764991703001,far from boundary,PAIR_COMMON_SUCCESS,M4_vs_M1,M1,M1_FULL_COV_CROSSED,992,1000,0,0,0,0,0.0038575003949356543,Wilson score,0,0,0,0,0.0038575003949356543,Wilson score,0,0,0,0,0.0038575003949356543,Wilson score,0,0,0,0,0.0038575003949356543,Wilson score,0,0,0,0,0.0038575003949356543,Wilson score,1,992,0,0.9961424996050644,1,Wilson score,1,992,0,0.9961424996050644,1,Wilson score,0,0.0080000000000000002,0,,,,,,,,,,,,,,,,,,,,,,,,,,,,,,,,,,,,,,,,,,,,,,,,,,,,,,,,,,,,,,,,,,,,,,,,,,,,,,,,,,,,,,,,,,,,,,,,,,,,,,,,,,,,,,,,,,,,,,,,,,,,,,,,,
TabDDPM__LR_L2,TabDDPM,LR_L2,R5_NULL,TARGET_A,0.10000000000000001,NOT_QUALIFIED,0.21795764991703001,0.21795764991703001,0.11795764991703001,far from boundary,PAIR_COMMON_SUCCESS,M4_vs_M1,M4,M4_SINGLE_REALIZATION,992,1000,0,0,0,0,0.0038575003949356543,Wilson score,0,0,0,0,0.0038575003949356543,Wilson score,0,0,0,0,0.0038575003949356543,Wilson score,0,0,0,0,0.0038575003949356543,Wilson score,0,0,0,0,0.0038575003949356543,Wilson score,1,992,0,0.9961424996050644,1,Wilson score,1,992,0,0.9961424996050644,1,Wilson score,0,0.0080000000000000002,0,,,,,,,,,,,,,,,,,,,,,,,,,,,,,,,,,,,,,,,,,,,,,,,,,,,,,,,,,,,,,,,,,,,,,,,,,,,,,,,,,,,,,,,,,,,,,,,,,,,,,,,,,,,,,,,,,,,,,,,,,,,,,,,,,
TabDDPM__LR_L2,TabDDPM,LR_L2,R5_NULL,TARGET_A,0.10000000000000001,NOT_QUALIFIED,0.21795764991703001,0.21795764991703001,0.11795764991703001,far from boundary,PAIR_COMMON_SUCCESS,M3_vs_M1,M1,M1_FULL_COV_CROSSED,992,1000,0,0,0,0,0.0038575003949356543,Wilson score,0,0,0,0,0.0038575003949356543,Wilson score,0,0,0,0,0.0038575003949356543,Wilson score,0,0,0,0,0.0038575003949356543,Wilson score,0,0,0,0,0.0038575003949356543,Wilson score,1,992,0,0.9961424996050644,1,Wilson score,1,992,0,0.9961424996050644,1,Wilson score,0,0.0080000000000000002,0,,,,,,,,,,,,,,,,,,,,,,,,,,,,,,,,,,,,,,,,,,,,,,,,,,,,,,,,,,,,,,,,,,,,,,,,,,,,,,,,,,,,,,,,,,,,,,,,,,,,,,,,,,,,,,,,,,,,,,,,,,,,,,,,,
TabDDPM__LR_L2,TabDDPM,LR_L2,R5_NULL,TARGET_A,0.10000000000000001,NOT_QUALIFIED,0.21795764991703001,0.21795764991703001,0.11795764991703001,far from boundary,PAIR_COMMON_SUCCESS,M3_vs_M1,M3,M3_SEED_AGGREGATED,992,1000,0,0,0,0,0.0038575003949356543,Wilson score,0,0,0,0,0.0038575003949356543,Wilson score,0,0,0,0,0.0038575003949356543,Wilson score,0,0,0,0,0.0038575003949356543,Wilson score,0,0,0,0,0.0038575003949356543,Wilson score,1,992,0,0.9961424996050644,1,Wilson score,1,992,0,0.9961424996050644,1,Wilson score,0,0.0080000000000000002,0,,,,,,,,,,,,,,,,,,,,,,,,,,,,,,,,,,,,,,,,,,,,,,,,,,,,,,,,,,,,,,,,,,,,,,,,,,,,,,,,,,,,,,,,,,,,,,,,,,,,,,,,,,,,,,,,,,,,,,,,,,,,,,,,,
TabDDPM__LR_L2,TabDDPM,LR_L2,R5_NULL,TARGET_A,0.10000000000000001,NOT_QUALIFIED,0.21795764991703001,0.21795764991703001,0.11795764991703001,far from boundary,PAIR_COMMON_SUCCESS,M2_vs_M1,M1,M1_FULL_COV_CROSSED,985,1000,0,0,0,2.1684043449710089e-19,0.0038848076063431863,Wilson score,0,0,0,2.1684043449710089e-19,0.0038848076063431863,Wilson score,0,0,0,2.1684043449710089e-19,0.0038848076063431863,Wilson score,0,0,0,2.1684043449710089e-19,0.0038848076063431863,Wilson score,0,0,0,2.1684043449710089e-19,0.0038848076063431863,Wilson score,1,985,0,0.99611519239365676,0.99999999999999989,Wilson score,1,985,0,0.99611519239365676,0.99999999999999989,Wilson score,0,0.014999999999999999,0,,,,,,,,,,,,,,,,,,,,,,,,,,,,,,,,,,,,,,,,,,,,,,,,,,,,,,,,,,,,,,,,,,,,,,,,,,,,,,,,,,,,,,,,,,,,,,,,,,,,,,,,,,,,,,,,,,,,,,,,,,,,,,,,,
TabDDPM__LR_L2,TabDDPM,LR_L2,R5_NULL,TARGET_A,0.10000000000000001,NOT_QUALIFIED,0.21795764991703001,0.21795764991703001,0.11795764991703001,far from boundary,PAIR_COMMON_SUCCESS,M2_vs_M1,M2,M2_DIAGONAL_COV_CROSSED,985,1000,0,0,0,2.1684043449710089e-19,0.0038848076063431863,Wilson score,0,0,0,2.1684043449710089e-19,0.0038848076063431863,Wilson score,0,0,0,2.1684043449710089e-19,0.0038848076063431863,Wilson score,0,0,0,2.1684043449710089e-19,0.0038848076063431863,Wilson score,0,0,0,2.1684043449710089e-19,0.0038848076063431863,Wilson score,1,985,0,0.99611519239365676,0.99999999999999989,Wilson score,1,985,0,0.99611519239365676,0.99999999999999989,Wilson score,0,0.014999999999999999,0,,,,,,,,,,,,,,,,,,,,,,,,,,,,,,,,,,,,,,,,,,,,,,,,,,,,,,,,,,,,,,,,,,,,,,,,,,,,,,,,,,,,,,,,,,,,,,,,,,,,,,,,,,,,,,,,,,,,,,,,,,,,,,,,,
TabDDPM__LR_L2,TabDDPM,LR_L2,R5_NULL,TARGET_A,0.20000000000000001,NOT_QUALIFIED,0.21795764991703001,0.21795764991703001,0.01795764991703,near boundary,METHOD_SUCCESS,,M1,M1_FULL_COV_CROSSED,992,1000,0.012096774193548387,12,0.0034708524575259607,0.0069332179766097689,0.021024504182964539,Wilson score,0,0,0,0,0.0038575003949356543,Wilson score,0,0,0,0,0.0038575003949356543,Wilson score,0,0,0,0,0.0038575003949356543,Wilson score,0.012096774193548387,12,0.0034708524575259607,0.0069332179766097689,0.021024504182964539,Wilson score,0.98790322580645162,980,0.0034708524575259594,0.97897549581703558,0.99306678202339027,Wilson score,0.98790322580645162,980,0.0034708524575259594,0.97897549581703558,0.99306678202339027,Wilson score,0.012,0.02,0.012096774193548376,,,,,,,,,,,,,,,,,,,,,,,,,,,,,,,,,,,,,,,,,,,,,,,,,,,,,,,,,,,,,,,,,,,,,,,,,,,,,,,,,,,,,,,,,,,,,,,,,,,,,,,,,,,,,,,,,,,,,,,,,,,,,,,,,
TabDDPM__LR_L2,TabDDPM,LR_L2,R5_NULL,TARGET_A,0.20000000000000001,NOT_QUALIFIED,0.21795764991703001,0.21795764991703001,0.01795764991703,near boundary,METHOD_SUCCESS,,M2,M2_DIAGONAL_COV_CROSSED,993,1000,1,993,0,0.99614636932813894,1,Wilson score,0,0,0,0,0.0038536306718610345,Wilson score,0,0,0,0,0.0038536306718610345,Wilson score,0,0,0,0,0.0038536306718610345,Wilson score,1,993,0,0.99614636932813894,1,Wilson score,0,0,0,0,0.0038536306718610345,Wilson score,0,0,0,0,0.0038536306718610345,Wilson score,0.99299999999999999,1,1,,,,,,,,,,,,,,,,,,,,,,,,,,,,,,,,,,,,,,,,,,,,,,,,,,,,,,,,,,,,,,,,,,,,,,,,,,,,,,,,,,,,,,,,,,,,,,,,,,,,,,,,,,,,,,,,,,,,,,,,,,,,,,,,,
TabDDPM__LR_L2,TabDDPM,LR_L2,R5_NULL,TARGET_A,0.20000000000000001,NOT_QUALIFIED,0.21795764991703001,0.21795764991703001,0.01795764991703,near boundary,METHOD_SUCCESS,,M3,M3_SEED_AGGREGATED,1000,1000,0.17399999999999999,174,0.011988494484296182,0.15176235026548338,0.19873269626709858,Wilson score,0,0,0,2.1684043449710089e-19,0.0038267584855551234,Wilson score,0,0,0,2.1684043449710089e-19,0.0038267584855551234,Wilson score,0,0,0,2.1684043449710089e-19,0.0038267584855551234,Wilson score,0.17399999999999999,174,0.011988494484296182,0.15176235026548338,0.19873269626709858,Wilson score,0.82599999999999996,826,0.011988494484296184,0.80126730373290145,0.84823764973451654,Wilson score,0.82599999999999996,826,0.011988494484296184,0.80126730373290145,0.84823764973451654,Wilson score,0.17399999999999999,0.17399999999999999,0.17400000000000004,,,,,,,,,,,,,,,,,,,,,,,,,,,,,,,,,,,,,,,,,,,,,,,,,,,,,,,,,,,,,,,,,,,,,,,,,,,,,,,,,,,,,,,,,,,,,,,,,,,,,,,,,,,,,,,,,,,,,,,,,,,,,,,,,
TabDDPM__LR_L2,TabDDPM,LR_L2,R5_NULL,TARGET_A,0.20000000000000001,NOT_QUALIFIED,0.21795764991703001,0.21795764991703001,0.01795764991703,near boundary,METHOD_SUCCESS,,M4,M4_SINGLE_REALIZATION,1000,1000,0.34999999999999998,350,0.015083103128998356,0.32106271005247566,0.38008531749319086,Wilson score,0,0,0,2.1684043449710089e-19,0.0038267584855551234,Wilson score,0,0,0,2.1684043449710089e-19,0.0038267584855551234,Wilson score,0,0,0,2.1684043449710089e-19,0.0038267584855551234,Wilson score,0.34999999999999998,350,0.015083103128998356,0.32106271005247566,0.38008531749319086,Wilson score,0.65000000000000002,650,0.015083103128998356,0.61991468250680914,0.67893728994752434,Wilson score,0.65000000000000002,650,0.015083103128998356,0.61991468250680914,0.67893728994752434,Wilson score,0.34999999999999998,0.34999999999999998,0.34999999999999998,,,,,,,,,,,,,,,,,,,,,,,,,,,,,,,,,,,,,,,,,,,,,,,,,,,,,,,,,,,,,,,,,,,,,,,,,,,,,,,,,,,,,,,,,,,,,,,,,,,,,,,,,,,,,,,,,,,,,,,,,,,,,,,,,
TabDDPM__LR_L2,TabDDPM,LR_L2,R5_NULL,TARGET_A,0.20000000000000001,NOT_QUALIFIED,0.21795764991703001,0.21795764991703001,0.01795764991703,near boundary,PAIR_COMMON_SUCCESS,M4_vs_M1,M1,M1_FULL_COV_CROSSED,992,1000,0.012096774193548387,12,0.0034708524575259607,0.0069332179766097689,0.021024504182964539,Wilson score,0,0,0,0,0.0038575003949356543,Wilson score,0,0,0,0,0.0038575003949356543,Wilson score,0,0,0,0,0.0038575003949356543,Wilson score,0.012096774193548387,12,0.0034708524575259607,0.0069332179766097689,0.021024504182964539,Wilson score,0.98790322580645162,980,0.0034708524575259594,0.97897549581703558,0.99306678202339027,Wilson score,0.98790322580645162,980,0.0034708524575259594,0.97897549581703558,0.99306678202339027,Wilson score,0.012,0.02,0.012096774193548376,,,,,,,,,,,,,,,,,,,,,,,,,,,,,,,,,,,,,,,,,,,,,,,,,,,,,,,,,,,,,,,,,,,,,,,,,,,,,,,,,,,,,,,,,,,,,,,,,,,,,,,,,,,,,,,,,,,,,,,,,,,,,,,,,
TabDDPM__LR_L2,TabDDPM,LR_L2,R5_NULL,TARGET_A,0.20000000000000001,NOT_QUALIFIED,0.21795764991703001,0.21795764991703001,0.01795764991703,near boundary,PAIR_COMMON_SUCCESS,M4_vs_M1,M4,M4_SINGLE_REALIZATION,992,1000,0.35181451612903225,349,0.015161797492233271,0.32272142790673425,0.3820508554764423,Wilson score,0,0,0,0,0.0038575003949356543,Wilson score,0,0,0,0,0.0038575003949356543,Wilson score,0,0,0,0,0.0038575003949356543,Wilson score,0.35181451612903225,349,0.015161797492233271,0.32272142790673425,0.3820508554764423,Wilson score,0.64818548387096775,643,0.015161797492233271,0.61794914452355776,0.67727857209326581,Wilson score,0.64818548387096775,643,0.015161797492233271,0.61794914452355776,0.67727857209326581,Wilson score,0.34899999999999998,0.35699999999999998,0.35181451612903225,,,,,,,,,,,,,,,,,,,,,,,,,,,,,,,,,,,,,,,,,,,,,,,,,,,,,,,,,,,,,,,,,,,,,,,,,,,,,,,,,,,,,,,,,,,,,,,,,,,,,,,,,,,,,,,,,,,,,,,,,,,,,,,,,
TabDDPM__LR_L2,TabDDPM,LR_L2,R5_NULL,TARGET_A,0.20000000000000001,NOT_QUALIFIED,0.21795764991703001,0.21795764991703001,0.01795764991703,near boundary,PAIR_COMMON_SUCCESS,M3_vs_M1,M1,M1_FULL_COV_CROSSED,992,1000,0.012096774193548387,12,0.0034708524575259607,0.0069332179766097689,0.021024504182964539,Wilson score,0,0,0,0,0.0038575003949356543,Wilson score,0,0,0,0,0.0038575003949356543,Wilson score,0,0,0,0,0.0038575003949356543,Wilson score,0.012096774193548387,12,0.0034708524575259607,0.0069332179766097689,0.021024504182964539,Wilson score,0.98790322580645162,980,0.0034708524575259594,0.97897549581703558,0.99306678202339027,Wilson score,0.98790322580645162,980,0.0034708524575259594,0.97897549581703558,0.99306678202339027,Wilson score,0.012,0.02,0.012096774193548376,,,,,,,,,,,,,,,,,,,,,,,,,,,,,,,,,,,,,,,,,,,,,,,,,,,,,,,,,,,,,,,,,,,,,,,,,,,,,,,,,,,,,,,,,,,,,,,,,,,,,,,,,,,,,,,,,,,,,,,,,,,,,,,,,
TabDDPM__LR_L2,TabDDPM,LR_L2,R5_NULL,TARGET_A,0.20000000000000001,NOT_QUALIFIED,0.21795764991703001,0.21795764991703001,0.01795764991703,near boundary,PAIR_COMMON_SUCCESS,M3_vs_M1,M3,M3_SEED_AGGREGATED,992,1000,0.17439516129032259,173,0.012047515513550454,0.15205062618083215,0.19925173798764412,Wilson score,0,0,0,0,0.0038575003949356543,Wilson score,0,0,0,0,0.0038575003949356543,Wilson score,0,0,0,0,0.0038575003949356543,Wilson score,0.17439516129032259,173,0.012047515513550454,0.15205062618083215,0.19925173798764412,Wilson score,0.82560483870967738,819,0.012047515513550454,0.80074826201235583,0.84794937381916791,Wilson score,0.82560483870967738,819,0.012047515513550454,0.80074826201235583,0.84794937381916791,Wilson score,0.17299999999999999,0.18099999999999999,0.17439516129032262,,,,,,,,,,,,,,,,,,,,,,,,,,,,,,,,,,,,,,,,,,,,,,,,,,,,,,,,,,,,,,,,,,,,,,,,,,,,,,,,,,,,,,,,,,,,,,,,,,,,,,,,,,,,,,,,,,,,,,,,,,,,,,,,,
TabDDPM__LR_L2,TabDDPM,LR_L2,R5_NULL,TARGET_A,0.20000000000000001,NOT_QUALIFIED,0.21795764991703001,0.21795764991703001,0.01795764991703,near boundary,PAIR_COMMON_SUCCESS,M2_vs_M1,M1,M1_FULL_COV_CROSSED,985,1000,0.012182741116751269,12,0.0034953663214969781,0.0069825837603937728,0.021173050868739021,Wilson score,0,0,0,2.1684043449710089e-19,0.0038848076063431863,Wilson score,0,0,0,2.1684043449710089e-19,0.0038848076063431863,Wilson score,0,0,0,2.1684043449710089e-19,0.0038848076063431863,Wilson score,0.012182741116751269,12,0.0034953663214969781,0.0069825837603937728,0.021173050868739021,Wilson score,0.98781725888324878,973,0.0034953663214969707,0.978826949131261,0.99301741623960627,Wilson score,0.98781725888324878,973,0.0034953663214969707,0.978826949131261,0.99301741623960627,Wilson score,0.012,0.027,0.012182741116751217,,,,,,,,,,,,,,,,,,,,,,,,,,,,,,,,,,,,,,,,,,,,,,,,,,,,,,,,,,,,,,,,,,,,,,,,,,,,,,,,,,,,,,,,,,,,,,,,,,,,,,,,,,,,,,,,,,,,,,,,,,,,,,,,,
TabDDPM__LR_L2,TabDDPM,LR_L2,R5_NULL,TARGET_A,0.20000000000000001,NOT_QUALIFIED,0.21795764991703001,0.21795764991703001,0.01795764991703,near boundary,PAIR_COMMON_SUCCESS,M2_vs_M1,M2,M2_DIAGONAL_COV_CROSSED,985,1000,1,985,0,0.99611519239365676,0.99999999999999989,Wilson score,0,0,0,2.1684043449710089e-19,0.0038848076063431863,Wilson score,0,0,0,2.1684043449710089e-19,0.0038848076063431863,Wilson score,0,0,0,2.1684043449710089e-19,0.0038848076063431863,Wilson score,1,985,0,0.99611519239365676,0.99999999999999989,Wilson score,0,0,0,2.1684043449710089e-19,0.0038848076063431863,Wilson score,0,0,0,2.1684043449710089e-19,0.0038848076063431863,Wilson score,0.98499999999999999,1,1,,,,,,,,,,,,,,,,,,,,,,,,,,,,,,,,,,,,,,,,,,,,,,,,,,,,,,,,,,,,,,,,,,,,,,,,,,,,,,,,,,,,,,,,,,,,,,,,,,,,,,,,,,,,,,,,,,,,,,,,,,,,,,,,,
TabDDPM__XGBoost,TabDDPM,XGBoost,R5_NULL,TARGET_B,0.025000000000000001,NOT_QUALIFIED,0.2426182215419399,0.2426182215419399,0.21761822154193991,far from boundary,METHOD_SUCCESS,,M1,M1_FULL_COV_CROSSED,994,1000,0,0,0,2.1684043449710089e-19,0.003849768704974616,Wilson score,0,0,0,2.1684043449710089e-19,0.003849768704974616,Wilson score,0,0,0,2.1684043449710089e-19,0.003849768704974616,Wilson score,0,0,0,2.1684043449710089e-19,0.003849768704974616,Wilson score,0,0,0,2.1684043449710089e-19,0.003849768704974616,Wilson score,1,994,0,0.99615023129502533,0.99999999999999989,Wilson score,1,994,0,0.99615023129502533,0.99999999999999989,Wilson score,0,0.0060000000000000001,0,,,,,,,,,,,,,,,,,,,,,,,,,,,,,,,,,,,,,,,,,,,,,,,,,,,,,,,,,,,,,,,,,,,,,,,,,,,,,,,,,,,,,,,,,,,,,,,,,,,,,,,,,,,,,,,,,,,,,,,,,,,,,,,,,
TabDDPM__XGBoost,TabDDPM,XGBoost,R5_NULL,TARGET_B,0.025000000000000001,NOT_QUALIFIED,0.2426182215419399,0.2426182215419399,0.21761822154193991,far from boundary,METHOD_SUCCESS,,M2,M2_DIAGONAL_COV_CROSSED,996,1000,0,0,0,2.1684043449710089e-19,0.0038420679466773643,Wilson score,0,0,0,2.1684043449710089e-19,0.0038420679466773643,Wilson score,0,0,0,2.1684043449710089e-19,0.0038420679466773643,Wilson score,0,0,0,2.1684043449710089e-19,0.0038420679466773643,Wilson score,0,0,0,2.1684043449710089e-19,0.0038420679466773643,Wilson score,1,996,0,0.99615793205332259,0.99999999999999989,Wilson score,1,996,0,0.99615793205332259,0.99999999999999989,Wilson score,0,0.0040000000000000001,0,,,,,,,,,,,,,,,,,,,,,,,,,,,,,,,,,,,,,,,,,,,,,,,,,,,,,,,,,,,,,,,,,,,,,,,,,,,,,,,,,,,,,,,,,,,,,,,,,,,,,,,,,,,,,,,,,,,,,,,,,,,,,,,,,
TabDDPM__XGBoost,TabDDPM,XGBoost,R5_NULL,TARGET_B,0.025000000000000001,NOT_QUALIFIED,0.2426182215419399,0.2426182215419399,0.21761822154193991,far from boundary,METHOD_SUCCESS,,M3,M3_SEED_AGGREGATED,1000,1000,0,0,0,2.1684043449710089e-19,0.0038267584855551234,Wilson score,0,0,0,2.1684043449710089e-19,0.0038267584855551234,Wilson score,0,0,0,2.1684043449710089e-19,0.0038267584855551234,Wilson score,0,0,0,2.1684043449710089e-19,0.0038267584855551234,Wilson score,0,0,0,2.1684043449710089e-19,0.0038267584855551234,Wilson score,1,1000,0,0.99617324151444497,1,Wilson score,1,1000,0,0.99617324151444497,1,Wilson score,0,0,0,,,,,,,,,,,,,,,,,,,,,,,,,,,,,,,,,,,,,,,,,,,,,,,,,,,,,,,,,,,,,,,,,,,,,,,,,,,,,,,,,,,,,,,,,,,,,,,,,,,,,,,,,,,,,,,,,,,,,,,,,,,,,,,,,
TabDDPM__XGBoost,TabDDPM,XGBoost,R5_NULL,TARGET_B,0.025000000000000001,NOT_QUALIFIED,0.2426182215419399,0.2426182215419399,0.21761822154193991,far from boundary,METHOD_SUCCESS,,M4,M4_SINGLE_REALIZATION,1000,1000,0,0,0,2.1684043449710089e-19,0.0038267584855551234,Wilson score,0,0,0,2.1684043449710089e-19,0.0038267584855551234,Wilson score,0,0,0,2.1684043449710089e-19,0.0038267584855551234,Wilson score,0,0,0,2.1684043449710089e-19,0.0038267584855551234,Wilson score,0,0,0,2.1684043449710089e-19,0.0038267584855551234,Wilson score,1,1000,0,0.99617324151444497,1,Wilson score,1,1000,0,0.99617324151444497,1,Wilson score,0,0,0,,,,,,,,,,,,,,,,,,,,,,,,,,,,,,,,,,,,,,,,,,,,,,,,,,,,,,,,,,,,,,,,,,,,,,,,,,,,,,,,,,,,,,,,,,,,,,,,,,,,,,,,,,,,,,,,,,,,,,,,,,,,,,,,,
TabDDPM__XGBoost,TabDDPM,XGBoost,R5_NULL,TARGET_B,0.025000000000000001,NOT_QUALIFIED,0.2426182215419399,0.2426182215419399,0.21761822154193991,far from boundary,PAIR_COMMON_SUCCESS,M4_vs_M1,M1,M1_FULL_COV_CROSSED,994,1000,0,0,0,2.1684043449710089e-19,0.003849768704974616,Wilson score,0,0,0,2.1684043449710089e-19,0.003849768704974616,Wilson score,0,0,0,2.1684043449710089e-19,0.003849768704974616,Wilson score,0,0,0,2.1684043449710089e-19,0.003849768704974616,Wilson score,0,0,0,2.1684043449710089e-19,0.003849768704974616,Wilson score,1,994,0,0.99615023129502533,0.99999999999999989,Wilson score,1,994,0,0.99615023129502533,0.99999999999999989,Wilson score,0,0.0060000000000000001,0,,,,,,,,,,,,,,,,,,,,,,,,,,,,,,,,,,,,,,,,,,,,,,,,,,,,,,,,,,,,,,,,,,,,,,,,,,,,,,,,,,,,,,,,,,,,,,,,,,,,,,,,,,,,,,,,,,,,,,,,,,,,,,,,,
TabDDPM__XGBoost,TabDDPM,XGBoost,R5_NULL,TARGET_B,0.025000000000000001,NOT_QUALIFIED,0.2426182215419399,0.2426182215419399,0.21761822154193991,far from boundary,PAIR_COMMON_SUCCESS,M4_vs_M1,M4,M4_SINGLE_REALIZATION,994,1000,0,0,0,2.1684043449710089e-19,0.003849768704974616,Wilson score,0,0,0,2.1684043449710089e-19,0.003849768704974616,Wilson score,0,0,0,2.1684043449710089e-19,0.003849768704974616,Wilson score,0,0,0,2.1684043449710089e-19,0.003849768704974616,Wilson score,0,0,0,2.1684043449710089e-19,0.003849768704974616,Wilson score,1,994,0,0.99615023129502533,0.99999999999999989,Wilson score,1,994,0,0.99615023129502533,0.99999999999999989,Wilson score,0,0.0060000000000000001,0,,,,,,,,,,,,,,,,,,,,,,,,,,,,,,,,,,,,,,,,,,,,,,,,,,,,,,,,,,,,,,,,,,,,,,,,,,,,,,,,,,,,,,,,,,,,,,,,,,,,,,,,,,,,,,,,,,,,,,,,,,,,,,,,,
TabDDPM__XGBoost,TabDDPM,XGBoost,R5_NULL,TARGET_B,0.025000000000000001,NOT_QUALIFIED,0.2426182215419399,0.2426182215419399,0.21761822154193991,far from boundary,PAIR_COMMON_SUCCESS,M3_vs_M1,M1,M1_FULL_COV_CROSSED,994,1000,0,0,0,2.1684043449710089e-19,0.003849768704974616,Wilson score,0,0,0,2.1684043449710089e-19,0.003849768704974616,Wilson score,0,0,0,2.1684043449710089e-19,0.003849768704974616,Wilson score,0,0,0,2.1684043449710089e-19,0.003849768704974616,Wilson score,0,0,0,2.1684043449710089e-19,0.003849768704974616,Wilson score,1,994,0,0.99615023129502533,0.99999999999999989,Wilson score,1,994,0,0.99615023129502533,0.99999999999999989,Wilson score,0,0.0060000000000000001,0,,,,,,,,,,,,,,,,,,,,,,,,,,,,,,,,,,,,,,,,,,,,,,,,,,,,,,,,,,,,,,,,,,,,,,,,,,,,,,,,,,,,,,,,,,,,,,,,,,,,,,,,,,,,,,,,,,,,,,,,,,,,,,,,,
TabDDPM__XGBoost,TabDDPM,XGBoost,R5_NULL,TARGET_B,0.025000000000000001,NOT_QUALIFIED,0.2426182215419399,0.2426182215419399,0.21761822154193991,far from boundary,PAIR_COMMON_SUCCESS,M3_vs_M1,M3,M3_SEED_AGGREGATED,994,1000,0,0,0,2.1684043449710089e-19,0.003849768704974616,Wilson score,0,0,0,2.1684043449710089e-19,0.003849768704974616,Wilson score,0,0,0,2.1684043449710089e-19,0.003849768704974616,Wilson score,0,0,0,2.1684043449710089e-19,0.003849768704974616,Wilson score,0,0,0,2.1684043449710089e-19,0.003849768704974616,Wilson score,1,994,0,0.99615023129502533,0.99999999999999989,Wilson score,1,994,0,0.99615023129502533,0.99999999999999989,Wilson score,0,0.0060000000000000001,0,,,,,,,,,,,,,,,,,,,,,,,,,,,,,,,,,,,,,,,,,,,,,,,,,,,,,,,,,,,,,,,,,,,,,,,,,,,,,,,,,,,,,,,,,,,,,,,,,,,,,,,,,,,,,,,,,,,,,,,,,,,,,,,,,
TabDDPM__XGBoost,TabDDPM,XGBoost,R5_NULL,TARGET_B,0.025000000000000001,NOT_QUALIFIED,0.2426182215419399,0.2426182215419399,0.21761822154193991,far from boundary,PAIR_COMMON_SUCCESS,M2_vs_M1,M1,M1_FULL_COV_CROSSED,990,1000,0,0,0,0,0.0038652632033005069,Wilson score,0,0,0,0,0.0038652632033005069,Wilson score,0,0,0,0,0.0038652632033005069,Wilson score,0,0,0,0,0.0038652632033005069,Wilson score,0,0,0,0,0.0038652632033005069,Wilson score,1,990,0,0.99613473679669939,0.99999999999999989,Wilson score,1,990,0,0.99613473679669939,0.99999999999999989,Wilson score,0,0.01,0,,,,,,,,,,,,,,,,,,,,,,,,,,,,,,,,,,,,,,,,,,,,,,,,,,,,,,,,,,,,,,,,,,,,,,,,,,,,,,,,,,,,,,,,,,,,,,,,,,,,,,,,,,,,,,,,,,,,,,,,,,,,,,,,,
TabDDPM__XGBoost,TabDDPM,XGBoost,R5_NULL,TARGET_B,0.025000000000000001,NOT_QUALIFIED,0.2426182215419399,0.2426182215419399,0.21761822154193991,far from boundary,PAIR_COMMON_SUCCESS,M2_vs_M1,M2,M2_DIAGONAL_COV_CROSSED,990,1000,0,0,0,0,0.0038652632033005069,Wilson score,0,0,0,0,0.0038652632033005069,Wilson score,0,0,0,0,0.0038652632033005069,Wilson score,0,0,0,0,0.0038652632033005069,Wilson score,0,0,0,0,0.0038652632033005069,Wilson score,1,990,0,0.99613473679669939,0.99999999999999989,Wilson score,1,990,0,0.99613473679669939,0.99999999999999989,Wilson score,0,0.01,0,,,,,,,,,,,,,,,,,,,,,,,,,,,,,,,,,,,,,,,,,,,,,,,,,,,,,,,,,,,,,,,,,,,,,,,,,,,,,,,,,,,,,,,,,,,,,,,,,,,,,,,,,,,,,,,,,,,,,,,,,,,,,,,,,
TabDDPM__XGBoost,TabDDPM,XGBoost,R5_NULL,TARGET_B,0.050000000000000003,NOT_QUALIFIED,0.2426182215419399,0.2426182215419399,0.19261822154193992,far from boundary,METHOD_SUCCESS,,M1,M1_FULL_COV_CROSSED,994,1000,0,0,0,2.1684043449710089e-19,0.003849768704974616,Wilson score,0,0,0,2.1684043449710089e-19,0.003849768704974616,Wilson score,0,0,0,2.1684043449710089e-19,0.003849768704974616,Wilson score,0,0,0,2.1684043449710089e-19,0.003849768704974616,Wilson score,0,0,0,2.1684043449710089e-19,0.003849768704974616,Wilson score,1,994,0,0.99615023129502533,0.99999999999999989,Wilson score,1,994,0,0.99615023129502533,0.99999999999999989,Wilson score,0,0.0060000000000000001,0,,,,,,,,,,,,,,,,,,,,,,,,,,,,,,,,,,,,,,,,,,,,,,,,,,,,,,,,,,,,,,,,,,,,,,,,,,,,,,,,,,,,,,,,,,,,,,,,,,,,,,,,,,,,,,,,,,,,,,,,,,,,,,,,,
TabDDPM__XGBoost,TabDDPM,XGBoost,R5_NULL,TARGET_B,0.050000000000000003,NOT_QUALIFIED,0.2426182215419399,0.2426182215419399,0.19261822154193992,far from boundary,METHOD_SUCCESS,,M2,M2_DIAGONAL_COV_CROSSED,996,1000,0,0,0,2.1684043449710089e-19,0.0038420679466773643,Wilson score,0,0,0,2.1684043449710089e-19,0.0038420679466773643,Wilson score,0,0,0,2.1684043449710089e-19,0.0038420679466773643,Wilson score,0,0,0,2.1684043449710089e-19,0.0038420679466773643,Wilson score,0,0,0,2.1684043449710089e-19,0.0038420679466773643,Wilson score,1,996,0,0.99615793205332259,0.99999999999999989,Wilson score,1,996,0,0.99615793205332259,0.99999999999999989,Wilson score,0,0.0040000000000000001,0,,,,,,,,,,,,,,,,,,,,,,,,,,,,,,,,,,,,,,,,,,,,,,,,,,,,,,,,,,,,,,,,,,,,,,,,,,,,,,,,,,,,,,,,,,,,,,,,,,,,,,,,,,,,,,,,,,,,,,,,,,,,,,,,,
TabDDPM__XGBoost,TabDDPM,XGBoost,R5_NULL,TARGET_B,0.050000000000000003,NOT_QUALIFIED,0.2426182215419399,0.2426182215419399,0.19261822154193992,far from boundary,METHOD_SUCCESS,,M3,M3_SEED_AGGREGATED,1000,1000,0,0,0,2.1684043449710089e-19,0.0038267584855551234,Wilson score,0,0,0,2.1684043449710089e-19,0.0038267584855551234,Wilson score,0,0,0,2.1684043449710089e-19,0.0038267584855551234,Wilson score,0,0,0,2.1684043449710089e-19,0.0038267584855551234,Wilson score,0,0,0,2.1684043449710089e-19,0.0038267584855551234,Wilson score,1,1000,0,0.99617324151444497,1,Wilson score,1,1000,0,0.99617324151444497,1,Wilson score,0,0,0,,,,,,,,,,,,,,,,,,,,,,,,,,,,,,,,,,,,,,,,,,,,,,,,,,,,,,,,,,,,,,,,,,,,,,,,,,,,,,,,,,,,,,,,,,,,,,,,,,,,,,,,,,,,,,,,,,,,,,,,,,,,,,,,,
TabDDPM__XGBoost,TabDDPM,XGBoost,R5_NULL,TARGET_B,0.050000000000000003,NOT_QUALIFIED,0.2426182215419399,0.2426182215419399,0.19261822154193992,far from boundary,METHOD_SUCCESS,,M4,M4_SINGLE_REALIZATION,1000,1000,0,0,0,2.1684043449710089e-19,0.0038267584855551234,Wilson score,0,0,0,2.1684043449710089e-19,0.0038267584855551234,Wilson score,0,0,0,2.1684043449710089e-19,0.0038267584855551234,Wilson score,0,0,0,2.1684043449710089e-19,0.0038267584855551234,Wilson score,0,0,0,2.1684043449710089e-19,0.0038267584855551234,Wilson score,1,1000,0,0.99617324151444497,1,Wilson score,1,1000,0,0.99617324151444497,1,Wilson score,0,0,0,,,,,,,,,,,,,,,,,,,,,,,,,,,,,,,,,,,,,,,,,,,,,,,,,,,,,,,,,,,,,,,,,,,,,,,,,,,,,,,,,,,,,,,,,,,,,,,,,,,,,,,,,,,,,,,,,,,,,,,,,,,,,,,,,
TabDDPM__XGBoost,TabDDPM,XGBoost,R5_NULL,TARGET_B,0.050000000000000003,NOT_QUALIFIED,0.2426182215419399,0.2426182215419399,0.19261822154193992,far from boundary,PAIR_COMMON_SUCCESS,M4_vs_M1,M1,M1_FULL_COV_CROSSED,994,1000,0,0,0,2.1684043449710089e-19,0.003849768704974616,Wilson score,0,0,0,2.1684043449710089e-19,0.003849768704974616,Wilson score,0,0,0,2.1684043449710089e-19,0.003849768704974616,Wilson score,0,0,0,2.1684043449710089e-19,0.003849768704974616,Wilson score,0,0,0,2.1684043449710089e-19,0.003849768704974616,Wilson score,1,994,0,0.99615023129502533,0.99999999999999989,Wilson score,1,994,0,0.99615023129502533,0.99999999999999989,Wilson score,0,0.0060000000000000001,0,,,,,,,,,,,,,,,,,,,,,,,,,,,,,,,,,,,,,,,,,,,,,,,,,,,,,,,,,,,,,,,,,,,,,,,,,,,,,,,,,,,,,,,,,,,,,,,,,,,,,,,,,,,,,,,,,,,,,,,,,,,,,,,,,
TabDDPM__XGBoost,TabDDPM,XGBoost,R5_NULL,TARGET_B,0.050000000000000003,NOT_QUALIFIED,0.2426182215419399,0.2426182215419399,0.19261822154193992,far from boundary,PAIR_COMMON_SUCCESS,M4_vs_M1,M4,M4_SINGLE_REALIZATION,994,1000,0,0,0,2.1684043449710089e-19,0.003849768704974616,Wilson score,0,0,0,2.1684043449710089e-19,0.003849768704974616,Wilson score,0,0,0,2.1684043449710089e-19,0.003849768704974616,Wilson score,0,0,0,2.1684043449710089e-19,0.003849768704974616,Wilson score,0,0,0,2.1684043449710089e-19,0.003849768704974616,Wilson score,1,994,0,0.99615023129502533,0.99999999999999989,Wilson score,1,994,0,0.99615023129502533,0.99999999999999989,Wilson score,0,0.0060000000000000001,0,,,,,,,,,,,,,,,,,,,,,,,,,,,,,,,,,,,,,,,,,,,,,,,,,,,,,,,,,,,,,,,,,,,,,,,,,,,,,,,,,,,,,,,,,,,,,,,,,,,,,,,,,,,,,,,,,,,,,,,,,,,,,,,,,
TabDDPM__XGBoost,TabDDPM,XGBoost,R5_NULL,TARGET_B,0.050000000000000003,NOT_QUALIFIED,0.2426182215419399,0.2426182215419399,0.19261822154193992,far from boundary,PAIR_COMMON_SUCCESS,M3_vs_M1,M1,M1_FULL_COV_CROSSED,994,1000,0,0,0,2.1684043449710089e-19,0.003849768704974616,Wilson score,0,0,0,2.1684043449710089e-19,0.003849768704974616,Wilson score,0,0,0,2.1684043449710089e-19,0.003849768704974616,Wilson score,0,0,0,2.1684043449710089e-19,0.003849768704974616,Wilson score,0,0,0,2.1684043449710089e-19,0.003849768704974616,Wilson score,1,994,0,0.99615023129502533,0.99999999999999989,Wilson score,1,994,0,0.99615023129502533,0.99999999999999989,Wilson score,0,0.0060000000000000001,0,,,,,,,,,,,,,,,,,,,,,,,,,,,,,,,,,,,,,,,,,,,,,,,,,,,,,,,,,,,,,,,,,,,,,,,,,,,,,,,,,,,,,,,,,,,,,,,,,,,,,,,,,,,,,,,,,,,,,,,,,,,,,,,,,
TabDDPM__XGBoost,TabDDPM,XGBoost,R5_NULL,TARGET_B,0.050000000000000003,NOT_QUALIFIED,0.2426182215419399,0.2426182215419399,0.19261822154193992,far from boundary,PAIR_COMMON_SUCCESS,M3_vs_M1,M3,M3_SEED_AGGREGATED,994,1000,0,0,0,2.1684043449710089e-19,0.003849768704974616,Wilson score,0,0,0,2.1684043449710089e-19,0.003849768704974616,Wilson score,0,0,0,2.1684043449710089e-19,0.003849768704974616,Wilson score,0,0,0,2.1684043449710089e-19,0.003849768704974616,Wilson score,0,0,0,2.1684043449710089e-19,0.003849768704974616,Wilson score,1,994,0,0.99615023129502533,0.99999999999999989,Wilson score,1,994,0,0.99615023129502533,0.99999999999999989,Wilson score,0,0.0060000000000000001,0,,,,,,,,,,,,,,,,,,,,,,,,,,,,,,,,,,,,,,,,,,,,,,,,,,,,,,,,,,,,,,,,,,,,,,,,,,,,,,,,,,,,,,,,,,,,,,,,,,,,,,,,,,,,,,,,,,,,,,,,,,,,,,,,,
TabDDPM__XGBoost,TabDDPM,XGBoost,R5_NULL,TARGET_B,0.050000000000000003,NOT_QUALIFIED,0.2426182215419399,0.2426182215419399,0.19261822154193992,far from boundary,PAIR_COMMON_SUCCESS,M2_vs_M1,M1,M1_FULL_COV_CROSSED,990,1000,0,0,0,0,0.0038652632033005069,Wilson score,0,0,0,0,0.0038652632033005069,Wilson score,0,0,0,0,0.0038652632033005069,Wilson score,0,0,0,0,0.0038652632033005069,Wilson score,0,0,0,0,0.0038652632033005069,Wilson score,1,990,0,0.99613473679669939,0.99999999999999989,Wilson score,1,990,0,0.99613473679669939,0.99999999999999989,Wilson score,0,0.01,0,,,,,,,,,,,,,,,,,,,,,,,,,,,,,,,,,,,,,,,,,,,,,,,,,,,,,,,,,,,,,,,,,,,,,,,,,,,,,,,,,,,,,,,,,,,,,,,,,,,,,,,,,,,,,,,,,,,,,,,,,,,,,,,,,
TabDDPM__XGBoost,TabDDPM,XGBoost,R5_NULL,TARGET_B,0.050000000000000003,NOT_QUALIFIED,0.2426182215419399,0.2426182215419399,0.19261822154193992,far from boundary,PAIR_COMMON_SUCCESS,M2_vs_M1,M2,M2_DIAGONAL_COV_CROSSED,990,1000,0,0,0,0,0.0038652632033005069,Wilson score,0,0,0,0,0.0038652632033005069,Wilson score,0,0,0,0,0.0038652632033005069,Wilson score,0,0,0,0,0.0038652632033005069,Wilson score,0,0,0,0,0.0038652632033005069,Wilson score,1,990,0,0.99613473679669939,0.99999999999999989,Wilson score,1,990,0,0.99613473679669939,0.99999999999999989,Wilson score,0,0.01,0,,,,,,,,,,,,,,,,,,,,,,,,,,,,,,,,,,,,,,,,,,,,,,,,,,,,,,,,,,,,,,,,,,,,,,,,,,,,,,,,,,,,,,,,,,,,,,,,,,,,,,,,,,,,,,,,,,,,,,,,,,,,,,,,,
TabDDPM__XGBoost,TabDDPM,XGBoost,R5_NULL,TARGET_B,0.10000000000000001,NOT_QUALIFIED,0.2426182215419399,0.2426182215419399,0.1426182215419399,far from boundary,METHOD_SUCCESS,,M1,M1_FULL_COV_CROSSED,994,1000,0,0,0,2.1684043449710089e-19,0.003849768704974616,Wilson score,0,0,0,2.1684043449710089e-19,0.003849768704974616,Wilson score,0,0,0,2.1684043449710089e-19,0.003849768704974616,Wilson score,0,0,0,2.1684043449710089e-19,0.003849768704974616,Wilson score,0,0,0,2.1684043449710089e-19,0.003849768704974616,Wilson score,1,994,0,0.99615023129502533,0.99999999999999989,Wilson score,1,994,0,0.99615023129502533,0.99999999999999989,Wilson score,0,0.0060000000000000001,0,,,,,,,,,,,,,,,,,,,,,,,,,,,,,,,,,,,,,,,,,,,,,,,,,,,,,,,,,,,,,,,,,,,,,,,,,,,,,,,,,,,,,,,,,,,,,,,,,,,,,,,,,,,,,,,,,,,,,,,,,,,,,,,,,
TabDDPM__XGBoost,TabDDPM,XGBoost,R5_NULL,TARGET_B,0.10000000000000001,NOT_QUALIFIED,0.2426182215419399,0.2426182215419399,0.1426182215419399,far from boundary,METHOD_SUCCESS,,M2,M2_DIAGONAL_COV_CROSSED,996,1000,0,0,0,2.1684043449710089e-19,0.0038420679466773643,Wilson score,0,0,0,2.1684043449710089e-19,0.0038420679466773643,Wilson score,0,0,0,2.1684043449710089e-19,0.0038420679466773643,Wilson score,0,0,0,2.1684043449710089e-19,0.0038420679466773643,Wilson score,0,0,0,2.1684043449710089e-19,0.0038420679466773643,Wilson score,1,996,0,0.99615793205332259,0.99999999999999989,Wilson score,1,996,0,0.99615793205332259,0.99999999999999989,Wilson score,0,0.0040000000000000001,0,,,,,,,,,,,,,,,,,,,,,,,,,,,,,,,,,,,,,,,,,,,,,,,,,,,,,,,,,,,,,,,,,,,,,,,,,,,,,,,,,,,,,,,,,,,,,,,,,,,,,,,,,,,,,,,,,,,,,,,,,,,,,,,,,
TabDDPM__XGBoost,TabDDPM,XGBoost,R5_NULL,TARGET_B,0.10000000000000001,NOT_QUALIFIED,0.2426182215419399,0.2426182215419399,0.1426182215419399,far from boundary,METHOD_SUCCESS,,M3,M3_SEED_AGGREGATED,1000,1000,0,0,0,2.1684043449710089e-19,0.0038267584855551234,Wilson score,0,0,0,2.1684043449710089e-19,0.0038267584855551234,Wilson score,0,0,0,2.1684043449710089e-19,0.0038267584855551234,Wilson score,0,0,0,2.1684043449710089e-19,0.0038267584855551234,Wilson score,0,0,0,2.1684043449710089e-19,0.0038267584855551234,Wilson score,1,1000,0,0.99617324151444497,1,Wilson score,1,1000,0,0.99617324151444497,1,Wilson score,0,0,0,,,,,,,,,,,,,,,,,,,,,,,,,,,,,,,,,,,,,,,,,,,,,,,,,,,,,,,,,,,,,,,,,,,,,,,,,,,,,,,,,,,,,,,,,,,,,,,,,,,,,,,,,,,,,,,,,,,,,,,,,,,,,,,,,
TabDDPM__XGBoost,TabDDPM,XGBoost,R5_NULL,TARGET_B,0.10000000000000001,NOT_QUALIFIED,0.2426182215419399,0.2426182215419399,0.1426182215419399,far from boundary,METHOD_SUCCESS,,M4,M4_SINGLE_REALIZATION,1000,1000,0,0,0,2.1684043449710089e-19,0.0038267584855551234,Wilson score,0,0,0,2.1684043449710089e-19,0.0038267584855551234,Wilson score,0,0,0,2.1684043449710089e-19,0.0038267584855551234,Wilson score,0,0,0,2.1684043449710089e-19,0.0038267584855551234,Wilson score,0,0,0,2.1684043449710089e-19,0.0038267584855551234,Wilson score,1,1000,0,0.99617324151444497,1,Wilson score,1,1000,0,0.99617324151444497,1,Wilson score,0,0,0,,,,,,,,,,,,,,,,,,,,,,,,,,,,,,,,,,,,,,,,,,,,,,,,,,,,,,,,,,,,,,,,,,,,,,,,,,,,,,,,,,,,,,,,,,,,,,,,,,,,,,,,,,,,,,,,,,,,,,,,,,,,,,,,,
TabDDPM__XGBoost,TabDDPM,XGBoost,R5_NULL,TARGET_B,0.10000000000000001,NOT_QUALIFIED,0.2426182215419399,0.2426182215419399,0.1426182215419399,far from boundary,PAIR_COMMON_SUCCESS,M4_vs_M1,M1,M1_FULL_COV_CROSSED,994,1000,0,0,0,2.1684043449710089e-19,0.003849768704974616,Wilson score,0,0,0,2.1684043449710089e-19,0.003849768704974616,Wilson score,0,0,0,2.1684043449710089e-19,0.003849768704974616,Wilson score,0,0,0,2.1684043449710089e-19,0.003849768704974616,Wilson score,0,0,0,2.1684043449710089e-19,0.003849768704974616,Wilson score,1,994,0,0.99615023129502533,0.99999999999999989,Wilson score,1,994,0,0.99615023129502533,0.99999999999999989,Wilson score,0,0.0060000000000000001,0,,,,,,,,,,,,,,,,,,,,,,,,,,,,,,,,,,,,,,,,,,,,,,,,,,,,,,,,,,,,,,,,,,,,,,,,,,,,,,,,,,,,,,,,,,,,,,,,,,,,,,,,,,,,,,,,,,,,,,,,,,,,,,,,,
TabDDPM__XGBoost,TabDDPM,XGBoost,R5_NULL,TARGET_B,0.10000000000000001,NOT_QUALIFIED,0.2426182215419399,0.2426182215419399,0.1426182215419399,far from boundary,PAIR_COMMON_SUCCESS,M4_vs_M1,M4,M4_SINGLE_REALIZATION,994,1000,0,0,0,2.1684043449710089e-19,0.003849768704974616,Wilson score,0,0,0,2.1684043449710089e-19,0.003849768704974616,Wilson score,0,0,0,2.1684043449710089e-19,0.003849768704974616,Wilson score,0,0,0,2.1684043449710089e-19,0.003849768704974616,Wilson score,0,0,0,2.1684043449710089e-19,0.003849768704974616,Wilson score,1,994,0,0.99615023129502533,0.99999999999999989,Wilson score,1,994,0,0.99615023129502533,0.99999999999999989,Wilson score,0,0.0060000000000000001,0,,,,,,,,,,,,,,,,,,,,,,,,,,,,,,,,,,,,,,,,,,,,,,,,,,,,,,,,,,,,,,,,,,,,,,,,,,,,,,,,,,,,,,,,,,,,,,,,,,,,,,,,,,,,,,,,,,,,,,,,,,,,,,,,,
TabDDPM__XGBoost,TabDDPM,XGBoost,R5_NULL,TARGET_B,0.10000000000000001,NOT_QUALIFIED,0.2426182215419399,0.2426182215419399,0.1426182215419399,far from boundary,PAIR_COMMON_SUCCESS,M3_vs_M1,M1,M1_FULL_COV_CROSSED,994,1000,0,0,0,2.1684043449710089e-19,0.003849768704974616,Wilson score,0,0,0,2.1684043449710089e-19,0.003849768704974616,Wilson score,0,0,0,2.1684043449710089e-19,0.003849768704974616,Wilson score,0,0,0,2.1684043449710089e-19,0.003849768704974616,Wilson score,0,0,0,2.1684043449710089e-19,0.003849768704974616,Wilson score,1,994,0,0.99615023129502533,0.99999999999999989,Wilson score,1,994,0,0.99615023129502533,0.99999999999999989,Wilson score,0,0.0060000000000000001,0,,,,,,,,,,,,,,,,,,,,,,,,,,,,,,,,,,,,,,,,,,,,,,,,,,,,,,,,,,,,,,,,,,,,,,,,,,,,,,,,,,,,,,,,,,,,,,,,,,,,,,,,,,,,,,,,,,,,,,,,,,,,,,,,,
TabDDPM__XGBoost,TabDDPM,XGBoost,R5_NULL,TARGET_B,0.10000000000000001,NOT_QUALIFIED,0.2426182215419399,0.2426182215419399,0.1426182215419399,far from boundary,PAIR_COMMON_SUCCESS,M3_vs_M1,M3,M3_SEED_AGGREGATED,994,1000,0,0,0,2.1684043449710089e-19,0.003849768704974616,Wilson score,0,0,0,2.1684043449710089e-19,0.003849768704974616,Wilson score,0,0,0,2.1684043449710089e-19,0.003849768704974616,Wilson score,0,0,0,2.1684043449710089e-19,0.003849768704974616,Wilson score,0,0,0,2.1684043449710089e-19,0.003849768704974616,Wilson score,1,994,0,0.99615023129502533,0.99999999999999989,Wilson score,1,994,0,0.99615023129502533,0.99999999999999989,Wilson score,0,0.0060000000000000001,0,,,,,,,,,,,,,,,,,,,,,,,,,,,,,,,,,,,,,,,,,,,,,,,,,,,,,,,,,,,,,,,,,,,,,,,,,,,,,,,,,,,,,,,,,,,,,,,,,,,,,,,,,,,,,,,,,,,,,,,,,,,,,,,,,
TabDDPM__XGBoost,TabDDPM,XGBoost,R5_NULL,TARGET_B,0.10000000000000001,NOT_QUALIFIED,0.2426182215419399,0.2426182215419399,0.1426182215419399,far from boundary,PAIR_COMMON_SUCCESS,M2_vs_M1,M1,M1_FULL_COV_CROSSED,990,1000,0,0,0,0,0.0038652632033005069,Wilson score,0,0,0,0,0.0038652632033005069,Wilson score,0,0,0,0,0.0038652632033005069,Wilson score,0,0,0,0,0.0038652632033005069,Wilson score,0,0,0,0,0.0038652632033005069,Wilson score,1,990,0,0.99613473679669939,0.99999999999999989,Wilson score,1,990,0,0.99613473679669939,0.99999999999999989,Wilson score,0,0.01,0,,,,,,,,,,,,,,,,,,,,,,,,,,,,,,,,,,,,,,,,,,,,,,,,,,,,,,,,,,,,,,,,,,,,,,,,,,,,,,,,,,,,,,,,,,,,,,,,,,,,,,,,,,,,,,,,,,,,,,,,,,,,,,,,,
TabDDPM__XGBoost,TabDDPM,XGBoost,R5_NULL,TARGET_B,0.10000000000000001,NOT_QUALIFIED,0.2426182215419399,0.2426182215419399,0.1426182215419399,far from boundary,PAIR_COMMON_SUCCESS,M2_vs_M1,M2,M2_DIAGONAL_COV_CROSSED,990,1000,0,0,0,0,0.0038652632033005069,Wilson score,0,0,0,0,0.0038652632033005069,Wilson score,0,0,0,0,0.0038652632033005069,Wilson score,0,0,0,0,0.0038652632033005069,Wilson score,0,0,0,0,0.0038652632033005069,Wilson score,1,990,0,0.99613473679669939,0.99999999999999989,Wilson score,1,990,0,0.99613473679669939,0.99999999999999989,Wilson score,0,0.01,0,,,,,,,,,,,,,,,,,,,,,,,,,,,,,,,,,,,,,,,,,,,,,,,,,,,,,,,,,,,,,,,,,,,,,,,,,,,,,,,,,,,,,,,,,,,,,,,,,,,,,,,,,,,,,,,,,,,,,,,,,,,,,,,,,
TabDDPM__XGBoost,TabDDPM,XGBoost,R5_NULL,TARGET_B,0.20000000000000001,NOT_QUALIFIED,0.2426182215419399,0.2426182215419399,0.042618221541939894,intermediate,METHOD_SUCCESS,,M1,M1_FULL_COV_CROSSED,994,1000,0,0,0,2.1684043449710089e-19,0.003849768704974616,Wilson score,0,0,0,2.1684043449710089e-19,0.003849768704974616,Wilson score,0,0,0,2.1684043449710089e-19,0.003849768704974616,Wilson score,0,0,0,2.1684043449710089e-19,0.003849768704974616,Wilson score,0,0,0,2.1684043449710089e-19,0.003849768704974616,Wilson score,1,994,0,0.99615023129502533,0.99999999999999989,Wilson score,1,994,0,0.99615023129502533,0.99999999999999989,Wilson score,0,0.0060000000000000001,0,,,,,,,,,,,,,,,,,,,,,,,,,,,,,,,,,,,,,,,,,,,,,,,,,,,,,,,,,,,,,,,,,,,,,,,,,,,,,,,,,,,,,,,,,,,,,,,,,,,,,,,,,,,,,,,,,,,,,,,,,,,,,,,,,
TabDDPM__XGBoost,TabDDPM,XGBoost,R5_NULL,TARGET_B,0.20000000000000001,NOT_QUALIFIED,0.2426182215419399,0.2426182215419399,0.042618221541939894,intermediate,METHOD_SUCCESS,,M2,M2_DIAGONAL_COV_CROSSED,996,1000,0.97590361445783136,972,0.0048590318488361262,0.9643956794337093,0.98375464143632063,Wilson score,0,0,0,2.1684043449710089e-19,0.0038420679466773643,Wilson score,0,0,0,2.1684043449710089e-19,0.0038420679466773643,Wilson score,0,0,0,2.1684043449710089e-19,0.0038420679466773643,Wilson score,0.97590361445783136,972,0.0048590318488361262,0.9643956794337093,0.98375464143632063,Wilson score,0.024096385542168676,24,0.0048590318488361296,0.016245358563679309,0.035604320566290718,Wilson score,0.024096385542168676,24,0.0048590318488361296,0.016245358563679309,0.035604320566290718,Wilson score,0.97199999999999998,0.97599999999999998,0.97590361445783136,,,,,,,,,,,,,,,,,,,,,,,,,,,,,,,,,,,,,,,,,,,,,,,,,,,,,,,,,,,,,,,,,,,,,,,,,,,,,,,,,,,,,,,,,,,,,,,,,,,,,,,,,,,,,,,,,,,,,,,,,,,,,,,,,
TabDDPM__XGBoost,TabDDPM,XGBoost,R5_NULL,TARGET_B,0.20000000000000001,NOT_QUALIFIED,0.2426182215419399,0.2426182215419399,0.042618221541939894,intermediate,METHOD_SUCCESS,,M3,M3_SEED_AGGREGATED,1000,1000,0,0,0,2.1684043449710089e-19,0.0038267584855551234,Wilson score,0,0,0,2.1684043449710089e-19,0.0038267584855551234,Wilson score,0,0,0,2.1684043449710089e-19,0.0038267584855551234,Wilson score,0,0,0,2.1684043449710089e-19,0.0038267584855551234,Wilson score,0,0,0,2.1684043449710089e-19,0.0038267584855551234,Wilson score,1,1000,0,0.99617324151444497,1,Wilson score,1,1000,0,0.99617324151444497,1,Wilson score,0,0,0,,,,,,,,,,,,,,,,,,,,,,,,,,,,,,,,,,,,,,,,,,,,,,,,,,,,,,,,,,,,,,,,,,,,,,,,,,,,,,,,,,,,,,,,,,,,,,,,,,,,,,,,,,,,,,,,,,,,,,,,,,,,,,,,,
TabDDPM__XGBoost,TabDDPM,XGBoost,R5_NULL,TARGET_B,0.20000000000000001,NOT_QUALIFIED,0.2426182215419399,0.2426182215419399,0.042618221541939894,intermediate,METHOD_SUCCESS,,M4,M4_SINGLE_REALIZATION,1000,1000,0.025999999999999999,26,0.0050322956987840055,0.017803938201616326,0.037823828842689929,Wilson score,0,0,0,2.1684043449710089e-19,0.0038267584855551234,Wilson score,0,0,0,2.1684043449710089e-19,0.0038267584855551234,Wilson score,0,0,0,2.1684043449710089e-19,0.0038267584855551234,Wilson score,0.025999999999999999,26,0.0050322956987840055,0.017803938201616326,0.037823828842689929,Wilson score,0.97399999999999998,974,0.0050322956987840072,0.96217617115731013,0.9821960617983837,Wilson score,0.97399999999999998,974,0.0050322956987840072,0.96217617115731013,0.9821960617983837,Wilson score,0.025999999999999999,0.025999999999999999,0.026000000000000023,,,,,,,,,,,,,,,,,,,,,,,,,,,,,,,,,,,,,,,,,,,,,,,,,,,,,,,,,,,,,,,,,,,,,,,,,,,,,,,,,,,,,,,,,,,,,,,,,,,,,,,,,,,,,,,,,,,,,,,,,,,,,,,,,
TabDDPM__XGBoost,TabDDPM,XGBoost,R5_NULL,TARGET_B,0.20000000000000001,NOT_QUALIFIED,0.2426182215419399,0.2426182215419399,0.042618221541939894,intermediate,PAIR_COMMON_SUCCESS,M4_vs_M1,M1,M1_FULL_COV_CROSSED,994,1000,0,0,0,2.1684043449710089e-19,0.003849768704974616,Wilson score,0,0,0,2.1684043449710089e-19,0.003849768704974616,Wilson score,0,0,0,2.1684043449710089e-19,0.003849768704974616,Wilson score,0,0,0,2.1684043449710089e-19,0.003849768704974616,Wilson score,0,0,0,2.1684043449710089e-19,0.003849768704974616,Wilson score,1,994,0,0.99615023129502533,0.99999999999999989,Wilson score,1,994,0,0.99615023129502533,0.99999999999999989,Wilson score,0,0.0060000000000000001,0,,,,,,,,,,,,,,,,,,,,,,,,,,,,,,,,,,,,,,,,,,,,,,,,,,,,,,,,,,,,,,,,,,,,,,,,,,,,,,,,,,,,,,,,,,,,,,,,,,,,,,,,,,,,,,,,,,,,,,,,,,,,,,,,,
TabDDPM__XGBoost,TabDDPM,XGBoost,R5_NULL,TARGET_B,0.20000000000000001,NOT_QUALIFIED,0.2426182215419399,0.2426182215419399,0.042618221541939894,intermediate,PAIR_COMMON_SUCCESS,M4_vs_M1,M4,M4_SINGLE_REALIZATION,994,1000,0.026156941649899398,26,0.0050622638359027567,0.017911774605836171,0.038050481048173983,Wilson score,0,0,0,2.1684043449710089e-19,0.003849768704974616,Wilson score,0,0,0,2.1684043449710089e-19,0.003849768704974616,Wilson score,0,0,0,2.1684043449710089e-19,0.003849768704974616,Wilson score,0.026156941649899398,26,0.0050622638359027567,0.017911774605836171,0.038050481048173983,Wilson score,0.97384305835010065,968,0.0050622638359027515,0.96194951895182612,0.98208822539416385,Wilson score,0.97384305835010065,968,0.0050622638359027515,0.96194951895182612,0.98208822539416385,Wilson score,0.025999999999999999,0.032000000000000001,0.026156941649899346,,,,,,,,,,,,,,,,,,,,,,,,,,,,,,,,,,,,,,,,,,,,,,,,,,,,,,,,,,,,,,,,,,,,,,,,,,,,,,,,,,,,,,,,,,,,,,,,,,,,,,,,,,,,,,,,,,,,,,,,,,,,,,,,,
TabDDPM__XGBoost,TabDDPM,XGBoost,R5_NULL,TARGET_B,0.20000000000000001,NOT_QUALIFIED,0.2426182215419399,0.2426182215419399,0.042618221541939894,intermediate,PAIR_COMMON_SUCCESS,M3_vs_M1,M1,M1_FULL_COV_CROSSED,994,1000,0,0,0,2.1684043449710089e-19,0.003849768704974616,Wilson score,0,0,0,2.1684043449710089e-19,0.003849768704974616,Wilson score,0,0,0,2.1684043449710089e-19,0.003849768704974616,Wilson score,0,0,0,2.1684043449710089e-19,0.003849768704974616,Wilson score,0,0,0,2.1684043449710089e-19,0.003849768704974616,Wilson score,1,994,0,0.99615023129502533,0.99999999999999989,Wilson score,1,994,0,0.99615023129502533,0.99999999999999989,Wilson score,0,0.0060000000000000001,0,,,,,,,,,,,,,,,,,,,,,,,,,,,,,,,,,,,,,,,,,,,,,,,,,,,,,,,,,,,,,,,,,,,,,,,,,,,,,,,,,,,,,,,,,,,,,,,,,,,,,,,,,,,,,,,,,,,,,,,,,,,,,,,,,
TabDDPM__XGBoost,TabDDPM,XGBoost,R5_NULL,TARGET_B,0.20000000000000001,NOT_QUALIFIED,0.2426182215419399,0.2426182215419399,0.042618221541939894,intermediate,PAIR_COMMON_SUCCESS,M3_vs_M1,M3,M3_SEED_AGGREGATED,994,1000,0,0,0,2.1684043449710089e-19,0.003849768704974616,Wilson score,0,0,0,2.1684043449710089e-19,0.003849768704974616,Wilson score,0,0,0,2.1684043449710089e-19,0.003849768704974616,Wilson score,0,0,0,2.1684043449710089e-19,0.003849768704974616,Wilson score,0,0,0,2.1684043449710089e-19,0.003849768704974616,Wilson score,1,994,0,0.99615023129502533,0.99999999999999989,Wilson score,1,994,0,0.99615023129502533,0.99999999999999989,Wilson score,0,0.0060000000000000001,0,,,,,,,,,,,,,,,,,,,,,,,,,,,,,,,,,,,,,,,,,,,,,,,,,,,,,,,,,,,,,,,,,,,,,,,,,,,,,,,,,,,,,,,,,,,,,,,,,,,,,,,,,,,,,,,,,,,,,,,,,,,,,,,,,
TabDDPM__XGBoost,TabDDPM,XGBoost,R5_NULL,TARGET_B,0.20000000000000001,NOT_QUALIFIED,0.2426182215419399,0.2426182215419399,0.042618221541939894,intermediate,PAIR_COMMON_SUCCESS,M2_vs_M1,M1,M1_FULL_COV_CROSSED,990,1000,0,0,0,0,0.0038652632033005069,Wilson score,0,0,0,0,0.0038652632033005069,Wilson score,0,0,0,0,0.0038652632033005069,Wilson score,0,0,0,0,0.0038652632033005069,Wilson score,0,0,0,0,0.0038652632033005069,Wilson score,1,990,0,0.99613473679669939,0.99999999999999989,Wilson score,1,990,0,0.99613473679669939,0.99999999999999989,Wilson score,0,0.01,0,,,,,,,,,,,,,,,,,,,,,,,,,,,,,,,,,,,,,,,,,,,,,,,,,,,,,,,,,,,,,,,,,,,,,,,,,,,,,,,,,,,,,,,,,,,,,,,,,,,,,,,,,,,,,,,,,,,,,,,,,,,,,,,,,
TabDDPM__XGBoost,TabDDPM,XGBoost,R5_NULL,TARGET_B,0.20000000000000001,NOT_QUALIFIED,0.2426182215419399,0.2426182215419399,0.042618221541939894,intermediate,PAIR_COMMON_SUCCESS,M2_vs_M1,M2,M2_DIAGONAL_COV_CROSSED,990,1000,0.97575757575757571,966,0.004888114745681002,0.96418142967350695,0.98365586533911009,Wilson score,0,0,0,0,0.0038652632033005069,Wilson score,0,0,0,0,0.0038652632033005069,Wilson score,0,0,0,0,0.0038652632033005069,Wilson score,0.97575757575757571,966,0.004888114745681002,0.96418142967350695,0.98365586533911009,Wilson score,0.024242424242424242,24,0.0048881147456809977,0.016344134660889877,0.035818570326493035,Wilson score,0.024242424242424242,24,0.0048881147456809977,0.016344134660889877,0.035818570326493035,Wilson score,0.96599999999999997,0.97599999999999998,0.97575757575757571,,,,,,,,,,,,,,,,,,,,,,,,,,,,,,,,,,,,,,,,,,,,,,,,,,,,,,,,,,,,,,,,,,,,,,,,,,,,,,,,,,,,,,,,,,,,,,,,,,,,,,,,,,,,,,,,,,,,,,,,,,,,,,,,,
TabDDPM__XGBoost,TabDDPM,XGBoost,R5_NULL,TARGET_A,0.025000000000000001,NOT_QUALIFIED,0.2426182215419399,0.2426182215419399,0.21761822154193991,far from boundary,METHOD_SUCCESS,,M1,M1_FULL_COV_CROSSED,994,1000,0,0,0,2.1684043449710089e-19,0.003849768704974616,Wilson score,0,0,0,2.1684043449710089e-19,0.003849768704974616,Wilson score,0,0,0,2.1684043449710089e-19,0.003849768704974616,Wilson score,0,0,0,2.1684043449710089e-19,0.003849768704974616,Wilson score,0,0,0,2.1684043449710089e-19,0.003849768704974616,Wilson score,1,994,0,0.99615023129502533,0.99999999999999989,Wilson score,1,994,0,0.99615023129502533,0.99999999999999989,Wilson score,0,0.0060000000000000001,0,,,,,,,,,,,,,,,,,,,,,,,,,,,,,,,,,,,,,,,,,,,,,,,,,,,,,,,,,,,,,,,,,,,,,,,,,,,,,,,,,,,,,,,,,,,,,,,,,,,,,,,,,,,,,,,,,,,,,,,,,,,,,,,,,
TabDDPM__XGBoost,TabDDPM,XGBoost,R5_NULL,TARGET_A,0.025000000000000001,NOT_QUALIFIED,0.2426182215419399,0.2426182215419399,0.21761822154193991,far from boundary,METHOD_SUCCESS,,M2,M2_DIAGONAL_COV_CROSSED,996,1000,0,0,0,2.1684043449710089e-19,0.0038420679466773643,Wilson score,0,0,0,2.1684043449710089e-19,0.0038420679466773643,Wilson score,0,0,0,2.1684043449710089e-19,0.0038420679466773643,Wilson score,0,0,0,2.1684043449710089e-19,0.0038420679466773643,Wilson score,0,0,0,2.1684043449710089e-19,0.0038420679466773643,Wilson score,1,996,0,0.99615793205332259,0.99999999999999989,Wilson score,1,996,0,0.99615793205332259,0.99999999999999989,Wilson score,0,0.0040000000000000001,0,,,,,,,,,,,,,,,,,,,,,,,,,,,,,,,,,,,,,,,,,,,,,,,,,,,,,,,,,,,,,,,,,,,,,,,,,,,,,,,,,,,,,,,,,,,,,,,,,,,,,,,,,,,,,,,,,,,,,,,,,,,,,,,,,
TabDDPM__XGBoost,TabDDPM,XGBoost,R5_NULL,TARGET_A,0.025000000000000001,NOT_QUALIFIED,0.2426182215419399,0.2426182215419399,0.21761822154193991,far from boundary,METHOD_SUCCESS,,M3,M3_SEED_AGGREGATED,1000,1000,0,0,0,2.1684043449710089e-19,0.0038267584855551234,Wilson score,0,0,0,2.1684043449710089e-19,0.0038267584855551234,Wilson score,0,0,0,2.1684043449710089e-19,0.0038267584855551234,Wilson score,0,0,0,2.1684043449710089e-19,0.0038267584855551234,Wilson score,0,0,0,2.1684043449710089e-19,0.0038267584855551234,Wilson score,1,1000,0,0.99617324151444497,1,Wilson score,1,1000,0,0.99617324151444497,1,Wilson score,0,0,0,,,,,,,,,,,,,,,,,,,,,,,,,,,,,,,,,,,,,,,,,,,,,,,,,,,,,,,,,,,,,,,,,,,,,,,,,,,,,,,,,,,,,,,,,,,,,,,,,,,,,,,,,,,,,,,,,,,,,,,,,,,,,,,,,
TabDDPM__XGBoost,TabDDPM,XGBoost,R5_NULL,TARGET_A,0.025000000000000001,NOT_QUALIFIED,0.2426182215419399,0.2426182215419399,0.21761822154193991,far from boundary,METHOD_SUCCESS,,M4,M4_SINGLE_REALIZATION,1000,1000,0,0,0,2.1684043449710089e-19,0.0038267584855551234,Wilson score,0,0,0,2.1684043449710089e-19,0.0038267584855551234,Wilson score,0,0,0,2.1684043449710089e-19,0.0038267584855551234,Wilson score,0,0,0,2.1684043449710089e-19,0.0038267584855551234,Wilson score,0,0,0,2.1684043449710089e-19,0.0038267584855551234,Wilson score,1,1000,0,0.99617324151444497,1,Wilson score,1,1000,0,0.99617324151444497,1,Wilson score,0,0,0,,,,,,,,,,,,,,,,,,,,,,,,,,,,,,,,,,,,,,,,,,,,,,,,,,,,,,,,,,,,,,,,,,,,,,,,,,,,,,,,,,,,,,,,,,,,,,,,,,,,,,,,,,,,,,,,,,,,,,,,,,,,,,,,,
TabDDPM__XGBoost,TabDDPM,XGBoost,R5_NULL,TARGET_A,0.025000000000000001,NOT_QUALIFIED,0.2426182215419399,0.2426182215419399,0.21761822154193991,far from boundary,PAIR_COMMON_SUCCESS,M4_vs_M1,M1,M1_FULL_COV_CROSSED,994,1000,0,0,0,2.1684043449710089e-19,0.003849768704974616,Wilson score,0,0,0,2.1684043449710089e-19,0.003849768704974616,Wilson score,0,0,0,2.1684043449710089e-19,0.003849768704974616,Wilson score,0,0,0,2.1684043449710089e-19,0.003849768704974616,Wilson score,0,0,0,2.1684043449710089e-19,0.003849768704974616,Wilson score,1,994,0,0.99615023129502533,0.99999999999999989,Wilson score,1,994,0,0.99615023129502533,0.99999999999999989,Wilson score,0,0.0060000000000000001,0,,,,,,,,,,,,,,,,,,,,,,,,,,,,,,,,,,,,,,,,,,,,,,,,,,,,,,,,,,,,,,,,,,,,,,,,,,,,,,,,,,,,,,,,,,,,,,,,,,,,,,,,,,,,,,,,,,,,,,,,,,,,,,,,,
TabDDPM__XGBoost,TabDDPM,XGBoost,R5_NULL,TARGET_A,0.025000000000000001,NOT_QUALIFIED,0.2426182215419399,0.2426182215419399,0.21761822154193991,far from boundary,PAIR_COMMON_SUCCESS,M4_vs_M1,M4,M4_SINGLE_REALIZATION,994,1000,0,0,0,2.1684043449710089e-19,0.003849768704974616,Wilson score,0,0,0,2.1684043449710089e-19,0.003849768704974616,Wilson score,0,0,0,2.1684043449710089e-19,0.003849768704974616,Wilson score,0,0,0,2.1684043449710089e-19,0.003849768704974616,Wilson score,0,0,0,2.1684043449710089e-19,0.003849768704974616,Wilson score,1,994,0,0.99615023129502533,0.99999999999999989,Wilson score,1,994,0,0.99615023129502533,0.99999999999999989,Wilson score,0,0.0060000000000000001,0,,,,,,,,,,,,,,,,,,,,,,,,,,,,,,,,,,,,,,,,,,,,,,,,,,,,,,,,,,,,,,,,,,,,,,,,,,,,,,,,,,,,,,,,,,,,,,,,,,,,,,,,,,,,,,,,,,,,,,,,,,,,,,,,,
TabDDPM__XGBoost,TabDDPM,XGBoost,R5_NULL,TARGET_A,0.025000000000000001,NOT_QUALIFIED,0.2426182215419399,0.2426182215419399,0.21761822154193991,far from boundary,PAIR_COMMON_SUCCESS,M3_vs_M1,M1,M1_FULL_COV_CROSSED,994,1000,0,0,0,2.1684043449710089e-19,0.003849768704974616,Wilson score,0,0,0,2.1684043449710089e-19,0.003849768704974616,Wilson score,0,0,0,2.1684043449710089e-19,0.003849768704974616,Wilson score,0,0,0,2.1684043449710089e-19,0.003849768704974616,Wilson score,0,0,0,2.1684043449710089e-19,0.003849768704974616,Wilson score,1,994,0,0.99615023129502533,0.99999999999999989,Wilson score,1,994,0,0.99615023129502533,0.99999999999999989,Wilson score,0,0.0060000000000000001,0,,,,,,,,,,,,,,,,,,,,,,,,,,,,,,,,,,,,,,,,,,,,,,,,,,,,,,,,,,,,,,,,,,,,,,,,,,,,,,,,,,,,,,,,,,,,,,,,,,,,,,,,,,,,,,,,,,,,,,,,,,,,,,,,,
TabDDPM__XGBoost,TabDDPM,XGBoost,R5_NULL,TARGET_A,0.025000000000000001,NOT_QUALIFIED,0.2426182215419399,0.2426182215419399,0.21761822154193991,far from boundary,PAIR_COMMON_SUCCESS,M3_vs_M1,M3,M3_SEED_AGGREGATED,994,1000,0,0,0,2.1684043449710089e-19,0.003849768704974616,Wilson score,0,0,0,2.1684043449710089e-19,0.003849768704974616,Wilson score,0,0,0,2.1684043449710089e-19,0.003849768704974616,Wilson score,0,0,0,2.1684043449710089e-19,0.003849768704974616,Wilson score,0,0,0,2.1684043449710089e-19,0.003849768704974616,Wilson score,1,994,0,0.99615023129502533,0.99999999999999989,Wilson score,1,994,0,0.99615023129502533,0.99999999999999989,Wilson score,0,0.0060000000000000001,0,,,,,,,,,,,,,,,,,,,,,,,,,,,,,,,,,,,,,,,,,,,,,,,,,,,,,,,,,,,,,,,,,,,,,,,,,,,,,,,,,,,,,,,,,,,,,,,,,,,,,,,,,,,,,,,,,,,,,,,,,,,,,,,,,
TabDDPM__XGBoost,TabDDPM,XGBoost,R5_NULL,TARGET_A,0.025000000000000001,NOT_QUALIFIED,0.2426182215419399,0.2426182215419399,0.21761822154193991,far from boundary,PAIR_COMMON_SUCCESS,M2_vs_M1,M1,M1_FULL_COV_CROSSED,990,1000,0,0,0,0,0.0038652632033005069,Wilson score,0,0,0,0,0.0038652632033005069,Wilson score,0,0,0,0,0.0038652632033005069,Wilson score,0,0,0,0,0.0038652632033005069,Wilson score,0,0,0,0,0.0038652632033005069,Wilson score,1,990,0,0.99613473679669939,0.99999999999999989,Wilson score,1,990,0,0.99613473679669939,0.99999999999999989,Wilson score,0,0.01,0,,,,,,,,,,,,,,,,,,,,,,,,,,,,,,,,,,,,,,,,,,,,,,,,,,,,,,,,,,,,,,,,,,,,,,,,,,,,,,,,,,,,,,,,,,,,,,,,,,,,,,,,,,,,,,,,,,,,,,,,,,,,,,,,,
TabDDPM__XGBoost,TabDDPM,XGBoost,R5_NULL,TARGET_A,0.025000000000000001,NOT_QUALIFIED,0.2426182215419399,0.2426182215419399,0.21761822154193991,far from boundary,PAIR_COMMON_SUCCESS,M2_vs_M1,M2,M2_DIAGONAL_COV_CROSSED,990,1000,0,0,0,0,0.0038652632033005069,Wilson score,0,0,0,0,0.0038652632033005069,Wilson score,0,0,0,0,0.0038652632033005069,Wilson score,0,0,0,0,0.0038652632033005069,Wilson score,0,0,0,0,0.0038652632033005069,Wilson score,1,990,0,0.99613473679669939,0.99999999999999989,Wilson score,1,990,0,0.99613473679669939,0.99999999999999989,Wilson score,0,0.01,0,,,,,,,,,,,,,,,,,,,,,,,,,,,,,,,,,,,,,,,,,,,,,,,,,,,,,,,,,,,,,,,,,,,,,,,,,,,,,,,,,,,,,,,,,,,,,,,,,,,,,,,,,,,,,,,,,,,,,,,,,,,,,,,,,
TabDDPM__XGBoost,TabDDPM,XGBoost,R5_NULL,TARGET_A,0.050000000000000003,NOT_QUALIFIED,0.2426182215419399,0.2426182215419399,0.19261822154193992,far from boundary,METHOD_SUCCESS,,M1,M1_FULL_COV_CROSSED,994,1000,0,0,0,2.1684043449710089e-19,0.003849768704974616,Wilson score,0,0,0,2.1684043449710089e-19,0.003849768704974616,Wilson score,0,0,0,2.1684043449710089e-19,0.003849768704974616,Wilson score,0,0,0,2.1684043449710089e-19,0.003849768704974616,Wilson score,0,0,0,2.1684043449710089e-19,0.003849768704974616,Wilson score,1,994,0,0.99615023129502533,0.99999999999999989,Wilson score,1,994,0,0.99615023129502533,0.99999999999999989,Wilson score,0,0.0060000000000000001,0,,,,,,,,,,,,,,,,,,,,,,,,,,,,,,,,,,,,,,,,,,,,,,,,,,,,,,,,,,,,,,,,,,,,,,,,,,,,,,,,,,,,,,,,,,,,,,,,,,,,,,,,,,,,,,,,,,,,,,,,,,,,,,,,,
TabDDPM__XGBoost,TabDDPM,XGBoost,R5_NULL,TARGET_A,0.050000000000000003,NOT_QUALIFIED,0.2426182215419399,0.2426182215419399,0.19261822154193992,far from boundary,METHOD_SUCCESS,,M2,M2_DIAGONAL_COV_CROSSED,996,1000,0,0,0,2.1684043449710089e-19,0.0038420679466773643,Wilson score,0,0,0,2.1684043449710089e-19,0.0038420679466773643,Wilson score,0,0,0,2.1684043449710089e-19,0.0038420679466773643,Wilson score,0,0,0,2.1684043449710089e-19,0.0038420679466773643,Wilson score,0,0,0,2.1684043449710089e-19,0.0038420679466773643,Wilson score,1,996,0,0.99615793205332259,0.99999999999999989,Wilson score,1,996,0,0.99615793205332259,0.99999999999999989,Wilson score,0,0.0040000000000000001,0,,,,,,,,,,,,,,,,,,,,,,,,,,,,,,,,,,,,,,,,,,,,,,,,,,,,,,,,,,,,,,,,,,,,,,,,,,,,,,,,,,,,,,,,,,,,,,,,,,,,,,,,,,,,,,,,,,,,,,,,,,,,,,,,,
TabDDPM__XGBoost,TabDDPM,XGBoost,R5_NULL,TARGET_A,0.050000000000000003,NOT_QUALIFIED,0.2426182215419399,0.2426182215419399,0.19261822154193992,far from boundary,METHOD_SUCCESS,,M3,M3_SEED_AGGREGATED,1000,1000,0,0,0,2.1684043449710089e-19,0.0038267584855551234,Wilson score,0,0,0,2.1684043449710089e-19,0.0038267584855551234,Wilson score,0,0,0,2.1684043449710089e-19,0.0038267584855551234,Wilson score,0,0,0,2.1684043449710089e-19,0.0038267584855551234,Wilson score,0,0,0,2.1684043449710089e-19,0.0038267584855551234,Wilson score,1,1000,0,0.99617324151444497,1,Wilson score,1,1000,0,0.99617324151444497,1,Wilson score,0,0,0,,,,,,,,,,,,,,,,,,,,,,,,,,,,,,,,,,,,,,,,,,,,,,,,,,,,,,,,,,,,,,,,,,,,,,,,,,,,,,,,,,,,,,,,,,,,,,,,,,,,,,,,,,,,,,,,,,,,,,,,,,,,,,,,,
TabDDPM__XGBoost,TabDDPM,XGBoost,R5_NULL,TARGET_A,0.050000000000000003,NOT_QUALIFIED,0.2426182215419399,0.2426182215419399,0.19261822154193992,far from boundary,METHOD_SUCCESS,,M4,M4_SINGLE_REALIZATION,1000,1000,0,0,0,2.1684043449710089e-19,0.0038267584855551234,Wilson score,0,0,0,2.1684043449710089e-19,0.0038267584855551234,Wilson score,0,0,0,2.1684043449710089e-19,0.0038267584855551234,Wilson score,0,0,0,2.1684043449710089e-19,0.0038267584855551234,Wilson score,0,0,0,2.1684043449710089e-19,0.0038267584855551234,Wilson score,1,1000,0,0.99617324151444497,1,Wilson score,1,1000,0,0.99617324151444497,1,Wilson score,0,0,0,,,,,,,,,,,,,,,,,,,,,,,,,,,,,,,,,,,,,,,,,,,,,,,,,,,,,,,,,,,,,,,,,,,,,,,,,,,,,,,,,,,,,,,,,,,,,,,,,,,,,,,,,,,,,,,,,,,,,,,,,,,,,,,,,
TabDDPM__XGBoost,TabDDPM,XGBoost,R5_NULL,TARGET_A,0.050000000000000003,NOT_QUALIFIED,0.2426182215419399,0.2426182215419399,0.19261822154193992,far from boundary,PAIR_COMMON_SUCCESS,M4_vs_M1,M1,M1_FULL_COV_CROSSED,994,1000,0,0,0,2.1684043449710089e-19,0.003849768704974616,Wilson score,0,0,0,2.1684043449710089e-19,0.003849768704974616,Wilson score,0,0,0,2.1684043449710089e-19,0.003849768704974616,Wilson score,0,0,0,2.1684043449710089e-19,0.003849768704974616,Wilson score,0,0,0,2.1684043449710089e-19,0.003849768704974616,Wilson score,1,994,0,0.99615023129502533,0.99999999999999989,Wilson score,1,994,0,0.99615023129502533,0.99999999999999989,Wilson score,0,0.0060000000000000001,0,,,,,,,,,,,,,,,,,,,,,,,,,,,,,,,,,,,,,,,,,,,,,,,,,,,,,,,,,,,,,,,,,,,,,,,,,,,,,,,,,,,,,,,,,,,,,,,,,,,,,,,,,,,,,,,,,,,,,,,,,,,,,,,,,
TabDDPM__XGBoost,TabDDPM,XGBoost,R5_NULL,TARGET_A,0.050000000000000003,NOT_QUALIFIED,0.2426182215419399,0.2426182215419399,0.19261822154193992,far from boundary,PAIR_COMMON_SUCCESS,M4_vs_M1,M4,M4_SINGLE_REALIZATION,994,1000,0,0,0,2.1684043449710089e-19,0.003849768704974616,Wilson score,0,0,0,2.1684043449710089e-19,0.003849768704974616,Wilson score,0,0,0,2.1684043449710089e-19,0.003849768704974616,Wilson score,0,0,0,2.1684043449710089e-19,0.003849768704974616,Wilson score,0,0,0,2.1684043449710089e-19,0.003849768704974616,Wilson score,1,994,0,0.99615023129502533,0.99999999999999989,Wilson score,1,994,0,0.99615023129502533,0.99999999999999989,Wilson score,0,0.0060000000000000001,0,,,,,,,,,,,,,,,,,,,,,,,,,,,,,,,,,,,,,,,,,,,,,,,,,,,,,,,,,,,,,,,,,,,,,,,,,,,,,,,,,,,,,,,,,,,,,,,,,,,,,,,,,,,,,,,,,,,,,,,,,,,,,,,,,
TabDDPM__XGBoost,TabDDPM,XGBoost,R5_NULL,TARGET_A,0.050000000000000003,NOT_QUALIFIED,0.2426182215419399,0.2426182215419399,0.19261822154193992,far from boundary,PAIR_COMMON_SUCCESS,M3_vs_M1,M1,M1_FULL_COV_CROSSED,994,1000,0,0,0,2.1684043449710089e-19,0.003849768704974616,Wilson score,0,0,0,2.1684043449710089e-19,0.003849768704974616,Wilson score,0,0,0,2.1684043449710089e-19,0.003849768704974616,Wilson score,0,0,0,2.1684043449710089e-19,0.003849768704974616,Wilson score,0,0,0,2.1684043449710089e-19,0.003849768704974616,Wilson score,1,994,0,0.99615023129502533,0.99999999999999989,Wilson score,1,994,0,0.99615023129502533,0.99999999999999989,Wilson score,0,0.0060000000000000001,0,,,,,,,,,,,,,,,,,,,,,,,,,,,,,,,,,,,,,,,,,,,,,,,,,,,,,,,,,,,,,,,,,,,,,,,,,,,,,,,,,,,,,,,,,,,,,,,,,,,,,,,,,,,,,,,,,,,,,,,,,,,,,,,,,
TabDDPM__XGBoost,TabDDPM,XGBoost,R5_NULL,TARGET_A,0.050000000000000003,NOT_QUALIFIED,0.2426182215419399,0.2426182215419399,0.19261822154193992,far from boundary,PAIR_COMMON_SUCCESS,M3_vs_M1,M3,M3_SEED_AGGREGATED,994,1000,0,0,0,2.1684043449710089e-19,0.003849768704974616,Wilson score,0,0,0,2.1684043449710089e-19,0.003849768704974616,Wilson score,0,0,0,2.1684043449710089e-19,0.003849768704974616,Wilson score,0,0,0,2.1684043449710089e-19,0.003849768704974616,Wilson score,0,0,0,2.1684043449710089e-19,0.003849768704974616,Wilson score,1,994,0,0.99615023129502533,0.99999999999999989,Wilson score,1,994,0,0.99615023129502533,0.99999999999999989,Wilson score,0,0.0060000000000000001,0,,,,,,,,,,,,,,,,,,,,,,,,,,,,,,,,,,,,,,,,,,,,,,,,,,,,,,,,,,,,,,,,,,,,,,,,,,,,,,,,,,,,,,,,,,,,,,,,,,,,,,,,,,,,,,,,,,,,,,,,,,,,,,,,,
TabDDPM__XGBoost,TabDDPM,XGBoost,R5_NULL,TARGET_A,0.050000000000000003,NOT_QUALIFIED,0.2426182215419399,0.2426182215419399,0.19261822154193992,far from boundary,PAIR_COMMON_SUCCESS,M2_vs_M1,M1,M1_FULL_COV_CROSSED,990,1000,0,0,0,0,0.0038652632033005069,Wilson score,0,0,0,0,0.0038652632033005069,Wilson score,0,0,0,0,0.0038652632033005069,Wilson score,0,0,0,0,0.0038652632033005069,Wilson score,0,0,0,0,0.0038652632033005069,Wilson score,1,990,0,0.99613473679669939,0.99999999999999989,Wilson score,1,990,0,0.99613473679669939,0.99999999999999989,Wilson score,0,0.01,0,,,,,,,,,,,,,,,,,,,,,,,,,,,,,,,,,,,,,,,,,,,,,,,,,,,,,,,,,,,,,,,,,,,,,,,,,,,,,,,,,,,,,,,,,,,,,,,,,,,,,,,,,,,,,,,,,,,,,,,,,,,,,,,,,
TabDDPM__XGBoost,TabDDPM,XGBoost,R5_NULL,TARGET_A,0.050000000000000003,NOT_QUALIFIED,0.2426182215419399,0.2426182215419399,0.19261822154193992,far from boundary,PAIR_COMMON_SUCCESS,M2_vs_M1,M2,M2_DIAGONAL_COV_CROSSED,990,1000,0,0,0,0,0.0038652632033005069,Wilson score,0,0,0,0,0.0038652632033005069,Wilson score,0,0,0,0,0.0038652632033005069,Wilson score,0,0,0,0,0.0038652632033005069,Wilson score,0,0,0,0,0.0038652632033005069,Wilson score,1,990,0,0.99613473679669939,0.99999999999999989,Wilson score,1,990,0,0.99613473679669939,0.99999999999999989,Wilson score,0,0.01,0,,,,,,,,,,,,,,,,,,,,,,,,,,,,,,,,,,,,,,,,,,,,,,,,,,,,,,,,,,,,,,,,,,,,,,,,,,,,,,,,,,,,,,,,,,,,,,,,,,,,,,,,,,,,,,,,,,,,,,,,,,,,,,,,,
TabDDPM__XGBoost,TabDDPM,XGBoost,R5_NULL,TARGET_A,0.10000000000000001,NOT_QUALIFIED,0.2426182215419399,0.2426182215419399,0.1426182215419399,far from boundary,METHOD_SUCCESS,,M1,M1_FULL_COV_CROSSED,994,1000,0,0,0,2.1684043449710089e-19,0.003849768704974616,Wilson score,0,0,0,2.1684043449710089e-19,0.003849768704974616,Wilson score,0,0,0,2.1684043449710089e-19,0.003849768704974616,Wilson score,0,0,0,2.1684043449710089e-19,0.003849768704974616,Wilson score,0,0,0,2.1684043449710089e-19,0.003849768704974616,Wilson score,1,994,0,0.99615023129502533,0.99999999999999989,Wilson score,1,994,0,0.99615023129502533,0.99999999999999989,Wilson score,0,0.0060000000000000001,0,,,,,,,,,,,,,,,,,,,,,,,,,,,,,,,,,,,,,,,,,,,,,,,,,,,,,,,,,,,,,,,,,,,,,,,,,,,,,,,,,,,,,,,,,,,,,,,,,,,,,,,,,,,,,,,,,,,,,,,,,,,,,,,,,
TabDDPM__XGBoost,TabDDPM,XGBoost,R5_NULL,TARGET_A,0.10000000000000001,NOT_QUALIFIED,0.2426182215419399,0.2426182215419399,0.1426182215419399,far from boundary,METHOD_SUCCESS,,M2,M2_DIAGONAL_COV_CROSSED,996,1000,0,0,0,2.1684043449710089e-19,0.0038420679466773643,Wilson score,0,0,0,2.1684043449710089e-19,0.0038420679466773643,Wilson score,0,0,0,2.1684043449710089e-19,0.0038420679466773643,Wilson score,0,0,0,2.1684043449710089e-19,0.0038420679466773643,Wilson score,0,0,0,2.1684043449710089e-19,0.0038420679466773643,Wilson score,1,996,0,0.99615793205332259,0.99999999999999989,Wilson score,1,996,0,0.99615793205332259,0.99999999999999989,Wilson score,0,0.0040000000000000001,0,,,,,,,,,,,,,,,,,,,,,,,,,,,,,,,,,,,,,,,,,,,,,,,,,,,,,,,,,,,,,,,,,,,,,,,,,,,,,,,,,,,,,,,,,,,,,,,,,,,,,,,,,,,,,,,,,,,,,,,,,,,,,,,,,
TabDDPM__XGBoost,TabDDPM,XGBoost,R5_NULL,TARGET_A,0.10000000000000001,NOT_QUALIFIED,0.2426182215419399,0.2426182215419399,0.1426182215419399,far from boundary,METHOD_SUCCESS,,M3,M3_SEED_AGGREGATED,1000,1000,0,0,0,2.1684043449710089e-19,0.0038267584855551234,Wilson score,0,0,0,2.1684043449710089e-19,0.0038267584855551234,Wilson score,0,0,0,2.1684043449710089e-19,0.0038267584855551234,Wilson score,0,0,0,2.1684043449710089e-19,0.0038267584855551234,Wilson score,0,0,0,2.1684043449710089e-19,0.0038267584855551234,Wilson score,1,1000,0,0.99617324151444497,1,Wilson score,1,1000,0,0.99617324151444497,1,Wilson score,0,0,0,,,,,,,,,,,,,,,,,,,,,,,,,,,,,,,,,,,,,,,,,,,,,,,,,,,,,,,,,,,,,,,,,,,,,,,,,,,,,,,,,,,,,,,,,,,,,,,,,,,,,,,,,,,,,,,,,,,,,,,,,,,,,,,,,
TabDDPM__XGBoost,TabDDPM,XGBoost,R5_NULL,TARGET_A,0.10000000000000001,NOT_QUALIFIED,0.2426182215419399,0.2426182215419399,0.1426182215419399,far from boundary,METHOD_SUCCESS,,M4,M4_SINGLE_REALIZATION,1000,1000,0,0,0,2.1684043449710089e-19,0.0038267584855551234,Wilson score,0,0,0,2.1684043449710089e-19,0.0038267584855551234,Wilson score,0,0,0,2.1684043449710089e-19,0.0038267584855551234,Wilson score,0,0,0,2.1684043449710089e-19,0.0038267584855551234,Wilson score,0,0,0,2.1684043449710089e-19,0.0038267584855551234,Wilson score,1,1000,0,0.99617324151444497,1,Wilson score,1,1000,0,0.99617324151444497,1,Wilson score,0,0,0,,,,,,,,,,,,,,,,,,,,,,,,,,,,,,,,,,,,,,,,,,,,,,,,,,,,,,,,,,,,,,,,,,,,,,,,,,,,,,,,,,,,,,,,,,,,,,,,,,,,,,,,,,,,,,,,,,,,,,,,,,,,,,,,,
TabDDPM__XGBoost,TabDDPM,XGBoost,R5_NULL,TARGET_A,0.10000000000000001,NOT_QUALIFIED,0.2426182215419399,0.2426182215419399,0.1426182215419399,far from boundary,PAIR_COMMON_SUCCESS,M4_vs_M1,M1,M1_FULL_COV_CROSSED,994,1000,0,0,0,2.1684043449710089e-19,0.003849768704974616,Wilson score,0,0,0,2.1684043449710089e-19,0.003849768704974616,Wilson score,0,0,0,2.1684043449710089e-19,0.003849768704974616,Wilson score,0,0,0,2.1684043449710089e-19,0.003849768704974616,Wilson score,0,0,0,2.1684043449710089e-19,0.003849768704974616,Wilson score,1,994,0,0.99615023129502533,0.99999999999999989,Wilson score,1,994,0,0.99615023129502533,0.99999999999999989,Wilson score,0,0.0060000000000000001,0,,,,,,,,,,,,,,,,,,,,,,,,,,,,,,,,,,,,,,,,,,,,,,,,,,,,,,,,,,,,,,,,,,,,,,,,,,,,,,,,,,,,,,,,,,,,,,,,,,,,,,,,,,,,,,,,,,,,,,,,,,,,,,,,,
TabDDPM__XGBoost,TabDDPM,XGBoost,R5_NULL,TARGET_A,0.10000000000000001,NOT_QUALIFIED,0.2426182215419399,0.2426182215419399,0.1426182215419399,far from boundary,PAIR_COMMON_SUCCESS,M4_vs_M1,M4,M4_SINGLE_REALIZATION,994,1000,0,0,0,2.1684043449710089e-19,0.003849768704974616,Wilson score,0,0,0,2.1684043449710089e-19,0.003849768704974616,Wilson score,0,0,0,2.1684043449710089e-19,0.003849768704974616,Wilson score,0,0,0,2.1684043449710089e-19,0.003849768704974616,Wilson score,0,0,0,2.1684043449710089e-19,0.003849768704974616,Wilson score,1,994,0,0.99615023129502533,0.99999999999999989,Wilson score,1,994,0,0.99615023129502533,0.99999999999999989,Wilson score,0,0.0060000000000000001,0,,,,,,,,,,,,,,,,,,,,,,,,,,,,,,,,,,,,,,,,,,,,,,,,,,,,,,,,,,,,,,,,,,,,,,,,,,,,,,,,,,,,,,,,,,,,,,,,,,,,,,,,,,,,,,,,,,,,,,,,,,,,,,,,,
TabDDPM__XGBoost,TabDDPM,XGBoost,R5_NULL,TARGET_A,0.10000000000000001,NOT_QUALIFIED,0.2426182215419399,0.2426182215419399,0.1426182215419399,far from boundary,PAIR_COMMON_SUCCESS,M3_vs_M1,M1,M1_FULL_COV_CROSSED,994,1000,0,0,0,2.1684043449710089e-19,0.003849768704974616,Wilson score,0,0,0,2.1684043449710089e-19,0.003849768704974616,Wilson score,0,0,0,2.1684043449710089e-19,0.003849768704974616,Wilson score,0,0,0,2.1684043449710089e-19,0.003849768704974616,Wilson score,0,0,0,2.1684043449710089e-19,0.003849768704974616,Wilson score,1,994,0,0.99615023129502533,0.99999999999999989,Wilson score,1,994,0,0.99615023129502533,0.99999999999999989,Wilson score,0,0.0060000000000000001,0,,,,,,,,,,,,,,,,,,,,,,,,,,,,,,,,,,,,,,,,,,,,,,,,,,,,,,,,,,,,,,,,,,,,,,,,,,,,,,,,,,,,,,,,,,,,,,,,,,,,,,,,,,,,,,,,,,,,,,,,,,,,,,,,,
TabDDPM__XGBoost,TabDDPM,XGBoost,R5_NULL,TARGET_A,0.10000000000000001,NOT_QUALIFIED,0.2426182215419399,0.2426182215419399,0.1426182215419399,far from boundary,PAIR_COMMON_SUCCESS,M3_vs_M1,M3,M3_SEED_AGGREGATED,994,1000,0,0,0,2.1684043449710089e-19,0.003849768704974616,Wilson score,0,0,0,2.1684043449710089e-19,0.003849768704974616,Wilson score,0,0,0,2.1684043449710089e-19,0.003849768704974616,Wilson score,0,0,0,2.1684043449710089e-19,0.003849768704974616,Wilson score,0,0,0,2.1684043449710089e-19,0.003849768704974616,Wilson score,1,994,0,0.99615023129502533,0.99999999999999989,Wilson score,1,994,0,0.99615023129502533,0.99999999999999989,Wilson score,0,0.0060000000000000001,0,,,,,,,,,,,,,,,,,,,,,,,,,,,,,,,,,,,,,,,,,,,,,,,,,,,,,,,,,,,,,,,,,,,,,,,,,,,,,,,,,,,,,,,,,,,,,,,,,,,,,,,,,,,,,,,,,,,,,,,,,,,,,,,,,
TabDDPM__XGBoost,TabDDPM,XGBoost,R5_NULL,TARGET_A,0.10000000000000001,NOT_QUALIFIED,0.2426182215419399,0.2426182215419399,0.1426182215419399,far from boundary,PAIR_COMMON_SUCCESS,M2_vs_M1,M1,M1_FULL_COV_CROSSED,990,1000,0,0,0,0,0.0038652632033005069,Wilson score,0,0,0,0,0.0038652632033005069,Wilson score,0,0,0,0,0.0038652632033005069,Wilson score,0,0,0,0,0.0038652632033005069,Wilson score,0,0,0,0,0.0038652632033005069,Wilson score,1,990,0,0.99613473679669939,0.99999999999999989,Wilson score,1,990,0,0.99613473679669939,0.99999999999999989,Wilson score,0,0.01,0,,,,,,,,,,,,,,,,,,,,,,,,,,,,,,,,,,,,,,,,,,,,,,,,,,,,,,,,,,,,,,,,,,,,,,,,,,,,,,,,,,,,,,,,,,,,,,,,,,,,,,,,,,,,,,,,,,,,,,,,,,,,,,,,,
TabDDPM__XGBoost,TabDDPM,XGBoost,R5_NULL,TARGET_A,0.10000000000000001,NOT_QUALIFIED,0.2426182215419399,0.2426182215419399,0.1426182215419399,far from boundary,PAIR_COMMON_SUCCESS,M2_vs_M1,M2,M2_DIAGONAL_COV_CROSSED,990,1000,0,0,0,0,0.0038652632033005069,Wilson score,0,0,0,0,0.0038652632033005069,Wilson score,0,0,0,0,0.0038652632033005069,Wilson score,0,0,0,0,0.0038652632033005069,Wilson score,0,0,0,0,0.0038652632033005069,Wilson score,1,990,0,0.99613473679669939,0.99999999999999989,Wilson score,1,990,0,0.99613473679669939,0.99999999999999989,Wilson score,0,0.01,0,,,,,,,,,,,,,,,,,,,,,,,,,,,,,,,,,,,,,,,,,,,,,,,,,,,,,,,,,,,,,,,,,,,,,,,,,,,,,,,,,,,,,,,,,,,,,,,,,,,,,,,,,,,,,,,,,,,,,,,,,,,,,,,,,
TabDDPM__XGBoost,TabDDPM,XGBoost,R5_NULL,TARGET_A,0.20000000000000001,NOT_QUALIFIED,0.2426182215419399,0.2426182215419399,0.042618221541939894,intermediate,METHOD_SUCCESS,,M1,M1_FULL_COV_CROSSED,994,1000,0,0,0,2.1684043449710089e-19,0.003849768704974616,Wilson score,0,0,0,2.1684043449710089e-19,0.003849768704974616,Wilson score,0,0,0,2.1684043449710089e-19,0.003849768704974616,Wilson score,0,0,0,2.1684043449710089e-19,0.003849768704974616,Wilson score,0,0,0,2.1684043449710089e-19,0.003849768704974616,Wilson score,1,994,0,0.99615023129502533,0.99999999999999989,Wilson score,1,994,0,0.99615023129502533,0.99999999999999989,Wilson score,0,0.0060000000000000001,0,,,,,,,,,,,,,,,,,,,,,,,,,,,,,,,,,,,,,,,,,,,,,,,,,,,,,,,,,,,,,,,,,,,,,,,,,,,,,,,,,,,,,,,,,,,,,,,,,,,,,,,,,,,,,,,,,,,,,,,,,,,,,,,,,
TabDDPM__XGBoost,TabDDPM,XGBoost,R5_NULL,TARGET_A,0.20000000000000001,NOT_QUALIFIED,0.2426182215419399,0.2426182215419399,0.042618221541939894,intermediate,METHOD_SUCCESS,,M2,M2_DIAGONAL_COV_CROSSED,996,1000,0.97590361445783136,972,0.0048590318488361262,0.9643956794337093,0.98375464143632063,Wilson score,0,0,0,2.1684043449710089e-19,0.0038420679466773643,Wilson score,0,0,0,2.1684043449710089e-19,0.0038420679466773643,Wilson score,0,0,0,2.1684043449710089e-19,0.0038420679466773643,Wilson score,0.97590361445783136,972,0.0048590318488361262,0.9643956794337093,0.98375464143632063,Wilson score,0.024096385542168676,24,0.0048590318488361296,0.016245358563679309,0.035604320566290718,Wilson score,0.024096385542168676,24,0.0048590318488361296,0.016245358563679309,0.035604320566290718,Wilson score,0.97199999999999998,0.97599999999999998,0.97590361445783136,,,,,,,,,,,,,,,,,,,,,,,,,,,,,,,,,,,,,,,,,,,,,,,,,,,,,,,,,,,,,,,,,,,,,,,,,,,,,,,,,,,,,,,,,,,,,,,,,,,,,,,,,,,,,,,,,,,,,,,,,,,,,,,,,
TabDDPM__XGBoost,TabDDPM,XGBoost,R5_NULL,TARGET_A,0.20000000000000001,NOT_QUALIFIED,0.2426182215419399,0.2426182215419399,0.042618221541939894,intermediate,METHOD_SUCCESS,,M3,M3_SEED_AGGREGATED,1000,1000,0,0,0,2.1684043449710089e-19,0.0038267584855551234,Wilson score,0,0,0,2.1684043449710089e-19,0.0038267584855551234,Wilson score,0,0,0,2.1684043449710089e-19,0.0038267584855551234,Wilson score,0,0,0,2.1684043449710089e-19,0.0038267584855551234,Wilson score,0,0,0,2.1684043449710089e-19,0.0038267584855551234,Wilson score,1,1000,0,0.99617324151444497,1,Wilson score,1,1000,0,0.99617324151444497,1,Wilson score,0,0,0,,,,,,,,,,,,,,,,,,,,,,,,,,,,,,,,,,,,,,,,,,,,,,,,,,,,,,,,,,,,,,,,,,,,,,,,,,,,,,,,,,,,,,,,,,,,,,,,,,,,,,,,,,,,,,,,,,,,,,,,,,,,,,,,,
TabDDPM__XGBoost,TabDDPM,XGBoost,R5_NULL,TARGET_A,0.20000000000000001,NOT_QUALIFIED,0.2426182215419399,0.2426182215419399,0.042618221541939894,intermediate,METHOD_SUCCESS,,M4,M4_SINGLE_REALIZATION,1000,1000,0.025999999999999999,26,0.0050322956987840055,0.017803938201616326,0.037823828842689929,Wilson score,0,0,0,2.1684043449710089e-19,0.0038267584855551234,Wilson score,0,0,0,2.1684043449710089e-19,0.0038267584855551234,Wilson score,0,0,0,2.1684043449710089e-19,0.0038267584855551234,Wilson score,0.025999999999999999,26,0.0050322956987840055,0.017803938201616326,0.037823828842689929,Wilson score,0.97399999999999998,974,0.0050322956987840072,0.96217617115731013,0.9821960617983837,Wilson score,0.97399999999999998,974,0.0050322956987840072,0.96217617115731013,0.9821960617983837,Wilson score,0.025999999999999999,0.025999999999999999,0.026000000000000023,,,,,,,,,,,,,,,,,,,,,,,,,,,,,,,,,,,,,,,,,,,,,,,,,,,,,,,,,,,,,,,,,,,,,,,,,,,,,,,,,,,,,,,,,,,,,,,,,,,,,,,,,,,,,,,,,,,,,,,,,,,,,,,,,
TabDDPM__XGBoost,TabDDPM,XGBoost,R5_NULL,TARGET_A,0.20000000000000001,NOT_QUALIFIED,0.2426182215419399,0.2426182215419399,0.042618221541939894,intermediate,PAIR_COMMON_SUCCESS,M4_vs_M1,M1,M1_FULL_COV_CROSSED,994,1000,0,0,0,2.1684043449710089e-19,0.003849768704974616,Wilson score,0,0,0,2.1684043449710089e-19,0.003849768704974616,Wilson score,0,0,0,2.1684043449710089e-19,0.003849768704974616,Wilson score,0,0,0,2.1684043449710089e-19,0.003849768704974616,Wilson score,0,0,0,2.1684043449710089e-19,0.003849768704974616,Wilson score,1,994,0,0.99615023129502533,0.99999999999999989,Wilson score,1,994,0,0.99615023129502533,0.99999999999999989,Wilson score,0,0.0060000000000000001,0,,,,,,,,,,,,,,,,,,,,,,,,,,,,,,,,,,,,,,,,,,,,,,,,,,,,,,,,,,,,,,,,,,,,,,,,,,,,,,,,,,,,,,,,,,,,,,,,,,,,,,,,,,,,,,,,,,,,,,,,,,,,,,,,,
TabDDPM__XGBoost,TabDDPM,XGBoost,R5_NULL,TARGET_A,0.20000000000000001,NOT_QUALIFIED,0.2426182215419399,0.2426182215419399,0.042618221541939894,intermediate,PAIR_COMMON_SUCCESS,M4_vs_M1,M4,M4_SINGLE_REALIZATION,994,1000,0.026156941649899398,26,0.0050622638359027567,0.017911774605836171,0.038050481048173983,Wilson score,0,0,0,2.1684043449710089e-19,0.003849768704974616,Wilson score,0,0,0,2.1684043449710089e-19,0.003849768704974616,Wilson score,0,0,0,2.1684043449710089e-19,0.003849768704974616,Wilson score,0.026156941649899398,26,0.0050622638359027567,0.017911774605836171,0.038050481048173983,Wilson score,0.97384305835010065,968,0.0050622638359027515,0.96194951895182612,0.98208822539416385,Wilson score,0.97384305835010065,968,0.0050622638359027515,0.96194951895182612,0.98208822539416385,Wilson score,0.025999999999999999,0.032000000000000001,0.026156941649899346,,,,,,,,,,,,,,,,,,,,,,,,,,,,,,,,,,,,,,,,,,,,,,,,,,,,,,,,,,,,,,,,,,,,,,,,,,,,,,,,,,,,,,,,,,,,,,,,,,,,,,,,,,,,,,,,,,,,,,,,,,,,,,,,,
TabDDPM__XGBoost,TabDDPM,XGBoost,R5_NULL,TARGET_A,0.20000000000000001,NOT_QUALIFIED,0.2426182215419399,0.2426182215419399,0.042618221541939894,intermediate,PAIR_COMMON_SUCCESS,M3_vs_M1,M1,M1_FULL_COV_CROSSED,994,1000,0,0,0,2.1684043449710089e-19,0.003849768704974616,Wilson score,0,0,0,2.1684043449710089e-19,0.003849768704974616,Wilson score,0,0,0,2.1684043449710089e-19,0.003849768704974616,Wilson score,0,0,0,2.1684043449710089e-19,0.003849768704974616,Wilson score,0,0,0,2.1684043449710089e-19,0.003849768704974616,Wilson score,1,994,0,0.99615023129502533,0.99999999999999989,Wilson score,1,994,0,0.99615023129502533,0.99999999999999989,Wilson score,0,0.0060000000000000001,0,,,,,,,,,,,,,,,,,,,,,,,,,,,,,,,,,,,,,,,,,,,,,,,,,,,,,,,,,,,,,,,,,,,,,,,,,,,,,,,,,,,,,,,,,,,,,,,,,,,,,,,,,,,,,,,,,,,,,,,,,,,,,,,,,
TabDDPM__XGBoost,TabDDPM,XGBoost,R5_NULL,TARGET_A,0.20000000000000001,NOT_QUALIFIED,0.2426182215419399,0.2426182215419399,0.042618221541939894,intermediate,PAIR_COMMON_SUCCESS,M3_vs_M1,M3,M3_SEED_AGGREGATED,994,1000,0,0,0,2.1684043449710089e-19,0.003849768704974616,Wilson score,0,0,0,2.1684043449710089e-19,0.003849768704974616,Wilson score,0,0,0,2.1684043449710089e-19,0.003849768704974616,Wilson score,0,0,0,2.1684043449710089e-19,0.003849768704974616,Wilson score,0,0,0,2.1684043449710089e-19,0.003849768704974616,Wilson score,1,994,0,0.99615023129502533,0.99999999999999989,Wilson score,1,994,0,0.99615023129502533,0.99999999999999989,Wilson score,0,0.0060000000000000001,0,,,,,,,,,,,,,,,,,,,,,,,,,,,,,,,,,,,,,,,,,,,,,,,,,,,,,,,,,,,,,,,,,,,,,,,,,,,,,,,,,,,,,,,,,,,,,,,,,,,,,,,,,,,,,,,,,,,,,,,,,,,,,,,,,
TabDDPM__XGBoost,TabDDPM,XGBoost,R5_NULL,TARGET_A,0.20000000000000001,NOT_QUALIFIED,0.2426182215419399,0.2426182215419399,0.042618221541939894,intermediate,PAIR_COMMON_SUCCESS,M2_vs_M1,M1,M1_FULL_COV_CROSSED,990,1000,0,0,0,0,0.0038652632033005069,Wilson score,0,0,0,0,0.0038652632033005069,Wilson score,0,0,0,0,0.0038652632033005069,Wilson score,0,0,0,0,0.0038652632033005069,Wilson score,0,0,0,0,0.0038652632033005069,Wilson score,1,990,0,0.99613473679669939,0.99999999999999989,Wilson score,1,990,0,0.99613473679669939,0.99999999999999989,Wilson score,0,0.01,0,,,,,,,,,,,,,,,,,,,,,,,,,,,,,,,,,,,,,,,,,,,,,,,,,,,,,,,,,,,,,,,,,,,,,,,,,,,,,,,,,,,,,,,,,,,,,,,,,,,,,,,,,,,,,,,,,,,,,,,,,,,,,,,,,
TabDDPM__XGBoost,TabDDPM,XGBoost,R5_NULL,TARGET_A,0.20000000000000001,NOT_QUALIFIED,0.2426182215419399,0.2426182215419399,0.042618221541939894,intermediate,PAIR_COMMON_SUCCESS,M2_vs_M1,M2,M2_DIAGONAL_COV_CROSSED,990,1000,0.97575757575757571,966,0.004888114745681002,0.96418142967350695,0.98365586533911009,Wilson score,0,0,0,0,0.0038652632033005069,Wilson score,0,0,0,0,0.0038652632033005069,Wilson score,0,0,0,0,0.0038652632033005069,Wilson score,0.97575757575757571,966,0.004888114745681002,0.96418142967350695,0.98365586533911009,Wilson score,0.024242424242424242,24,0.0048881147456809977,0.016344134660889877,0.035818570326493035,Wilson score,0.024242424242424242,24,0.0048881147456809977,0.016344134660889877,0.035818570326493035,Wilson score,0.96599999999999997,0.97599999999999998,0.97575757575757571,,,,,,,,,,,,,,,,,,,,,,,,,,,,,,,,,,,,,,,,,,,,,,,,,,,,,,,,,,,,,,,,,,,,,,,,,,,,,,,,,,,,,,,,,,,,,,,,,,,,,,,,,,,,,,,,,,,,,,,,,,,,,,,,,
GaussianCopula__LR_L2,GaussianCopula,LR_L2,R5_NULL,TARGET_B,0.025000000000000001,NOT_QUALIFIED,0.043564829709596603,0.043564829709596603,0.018564829709596602,near boundary,PAIRED_CONTRAST,M4_vs_M1,M4_vs_M1,,,,,,,,,,,,,,,,,,,,,,,,,,,,,,,,,,,,,,,,,,,,,,,,,990,1000,0.15454545454545454,0.011494103514252653,0.13079327144039166,0.13201742562294408,0.177073483467965,153,0,0,0,0.15454545454545454,153,0.011488296944791709,0,0,0,0,0,0,0,0,0,0,0,0,0,0,0,0,0,0,0,0,0,0,0,0,0,0,0,0,0,0,0,0,0,0,0,0,-0.15454545454545454,0.011494103514252653,0.13079327144039166,-0.177073483467965,-0.13201742562294408,-153,0,0,0,0.15454545454545454,153,0.011488296944791709,0.15454545454545454,0.011494103514252653,0.13079327144039166,0.13201742562294408,0.177073483467965,153,1,990,0,0.84545454545454546,837,0.011488296944791709,0.15454545454545454,0.011494103514252653,0.13079327144039166,0.13201742562294408,0.177073483467965,153,1,990,0,0.84545454545454546,837,0.011488296944791709,DER: comparator-M1; FQ/FR/UI/EI/DecisionYield/CorrectDefinitiveYield: M1-comparator,,,,,,,,,,,,,,,,,,,,,,,,,,,,,,,,,,,,,,,,,,
GaussianCopula__LR_L2,GaussianCopula,LR_L2,R5_NULL,TARGET_B,0.025000000000000001,NOT_QUALIFIED,0.043564829709596603,0.043564829709596603,0.018564829709596602,near boundary,PAIRED_CONTRAST,M3_vs_M1,M3_vs_M1,,,,,,,,,,,,,,,,,,,,,,,,,,,,,,,,,,,,,,,,,,,,,,,,,990,1000,0.014141414141414142,0.0037545300642735768,0.013955531043498805,0.0067826704365650777,0.021500157846263208,14,0,0,0,,,,0,0,0,0,0,0,0,0,0,,,,0,0,0,0,0,0,0,0,0,,,,0,0,0,0,0,0,0,0,0,,,,-0.014141414141414142,0.0037545300642735768,0.013955531043498805,-0.021500157846263208,-0.0067826704365650777,-14,0,0,0,,,,0.014141414141414142,0.0037545300642735768,0.013955531043498805,0.0067826704365650777,0.021500157846263208,14,1,990,0,,,,0.014141414141414142,0.0037545300642735768,0.013955531043498805,0.0067826704365650777,0.021500157846263208,14,1,990,0,,,,DER: comparator-M1; FQ/FR/UI/EI/DecisionYield/CorrectDefinitiveYield: M1-comparator,0.014141414141414142,14,0.0037526333578810993,0,0,0,0,0,0,0,0,0,0.014141414141414142,14,0.0037526333578810993,0.98585858585858588,976,0.0037526333578810963,0.98585858585858588,976,0.0037526333578810963,,,,,,,,,,,,,,,,,,,,,
GaussianCopula__LR_L2,GaussianCopula,LR_L2,R5_NULL,TARGET_B,0.025000000000000001,NOT_QUALIFIED,0.043564829709596603,0.043564829709596603,0.018564829709596602,near boundary,PAIRED_CONTRAST,M2_vs_M1,M2_vs_M1,,,,,,,,,,,,,,,,,,,,,,,,,,,,,,,,,,,,,,,,,,,,,,,,,985,1000,1,0,0,1,1,985,0,0,0,,,,0,0,0,0,0,0,0,0,0,,,,0,0,0,0,0,0,0,0,0,,,,0,0,0,0,0,0,0,0,0,,,,-1,0,0,-1,-1,-985,0,0,0,,,,1,0,0,1,1,985,1,985,0,,,,1,0,0,1,1,985,1,985,0,,,,DER: comparator-M1; FQ/FR/UI/EI/DecisionYield/CorrectDefinitiveYield: M1-comparator,,,,,,,,,,,,,,,,,,,,,,1,985,0,0,0,0,0,0,0,0,0,0,1,985,0,0,0,0,0,0,0
GaussianCopula__LR_L2,GaussianCopula,LR_L2,R5_NULL,TARGET_B,0.050000000000000003,QUALIFIED,0.043564829709596603,0.043564829709596603,0.0064351702904033997,near boundary,PAIRED_CONTRAST,M4_vs_M1,M4_vs_M1,,,,,,,,,,,,,,,,,,,,,,,,,,,,,,,,,,,,,,,,,,,,,,,,,990,1000,0.36666666666666664,0.019593878908848356,0.38008088978766641,0.32826336968788489,0.40506996364544839,363,0.21111111111111111,209,0.012970175963407774,0.57777777777777772,572,0.015697603795907306,0,0,0,0,0,0,0,0,0,0,0,0,0,0,0,0,0,0,0,0,0,0,0,0,0,0,0,0,0,0,0,0,0,0,0,0,-0.36666666666666664,0.019593878908848356,0.38008088978766641,-0.40506996364544839,-0.32826336968788489,-363,0.21111111111111111,209,0.012970175963407774,0.57777777777777772,572,0.015697603795907306,0.36666666666666664,0.019593878908848356,0.38008088978766641,0.32826336968788489,0.40506996364544839,363,0.78888888888888886,781,0.012970175963407776,0.42222222222222222,418,0.015697603795907303,0.36666666666666664,0.019593878908848356,0.38008088978766641,0.32826336968788489,0.40506996364544839,363,0.78888888888888886,781,0.012970175963407776,0.42222222222222222,418,0.015697603795907303,DER: comparator-M1; FQ/FR/UI/EI/DecisionYield/CorrectDefinitiveYield: M1-comparator,,,,,,,,,,,,,,,,,,,,,,,,,,,,,,,,,,,,,,,,,,
GaussianCopula__LR_L2,GaussianCopula,LR_L2,R5_NULL,TARGET_B,0.050000000000000003,QUALIFIED,0.043564829709596603,0.043564829709596603,0.0064351702904033997,near boundary,PAIRED_CONTRAST,M3_vs_M1,M3_vs_M1,,,,,,,,,,,,,,,,,,,,,,,,,,,,,,,,,,,,,,,,,,,,,,,,,990,1000,0.16868686868686869,0.0173528004399707,0.29810848627835285,0.1346760047936153,0.20269773258012208,167,0.21111111111111111,209,0.012970175963407774,,,,0,0,0,0,0,0,0,0,0,,,,0,0,0,0,0,0,0,0,0,,,,0,0,0,0,0,0,0,0,0,,,,-0.16868686868686869,0.0173528004399707,0.29810848627835285,-0.20269773258012208,-0.1346760047936153,-167,0.21111111111111111,209,0.012970175963407774,,,,0.16868686868686869,0.0173528004399707,0.29810848627835285,0.1346760047936153,0.20269773258012208,167,0.78888888888888886,781,0.012970175963407776,,,,0.16868686868686869,0.0173528004399707,0.29810848627835285,0.1346760047936153,0.20269773258012208,167,0.78888888888888886,781,0.012970175963407776,,,,DER: comparator-M1; FQ/FR/UI/EI/DecisionYield/CorrectDefinitiveYield: M1-comparator,0.3797979797979798,376,0.015425005094357756,0,0,0,0,0,0,0,0,0,0.3797979797979798,376,0.015425005094357756,0.6202020202020202,614,0.015425005094357756,0.6202020202020202,614,0.015425005094357756,,,,,,,,,,,,,,,,,,,,,
GaussianCopula__LR_L2,GaussianCopula,LR_L2,R5_NULL,TARGET_B,0.050000000000000003,QUALIFIED,0.043564829709596603,0.043564829709596603,0.0064351702904033997,near boundary,PAIRED_CONTRAST,M2_vs_M1,M2_vs_M1,,,,,,,,,,,,,,,,,,,,,,,,,,,,,,,,,,,,,,,,,,,,,,,,,985,1000,0.78883248730964473,0.01301093170279987,0.16674507861829888,0.76333152976684659,0.81433344485244286,777,0.21116751269035533,208,0.013004325491811507,,,,0,0,0,0,0,0,0,0,0,,,,0,0,0,0,0,0,0,0,0,,,,0,0,0,0,0,0,0,0,0,,,,-0.78883248730964473,0.01301093170279987,0.16674507861829888,-0.81433344485244286,-0.76333152976684659,-777,0.21116751269035533,208,0.013004325491811507,,,,0.78883248730964473,0.01301093170279987,0.16674507861829888,0.76333152976684659,0.81433344485244286,777,0.78883248730964473,777,0.013004325491811507,,,,0.78883248730964473,0.01301093170279987,0.16674507861829888,0.76333152976684659,0.81433344485244286,777,0.78883248730964473,777,0.013004325491811507,,,,DER: comparator-M1; FQ/FR/UI/EI/DecisionYield/CorrectDefinitiveYield: M1-comparator,,,,,,,,,,,,,,,,,,,,,,1,985,0,0,0,0,0,0,0,0,0,0,1,985,0,0,0,0,0,0,0
GaussianCopula__LR_L2,GaussianCopula,LR_L2,R5_NULL,TARGET_B,0.10000000000000001,QUALIFIED,0.043564829709596603,0.043564829709596603,0.056435170290403402,intermediate,PAIRED_CONTRAST,M4_vs_M1,M4_vs_M1,,,,,,,,,,,,,,,,,,,,,,,,,,,,,,,,,,,,,,,,,,,,,,,,,990,1000,0,0,0,0,0,0,0,0,0,0,0,0,0,0,0,0,0,0,0,0,0,0,0,0,0,0,0,0,0,0,0,0,0,0,0,0,0,0,0,0,0,0,0,0,0,0,0,0,0,0,0,0,0,0,0,0,0,0,0,0,0,0,0,0,0,0,1,990,0,1,990,0,0,0,0,0,0,0,1,990,0,1,990,0,DER: comparator-M1; FQ/FR/UI/EI/DecisionYield/CorrectDefinitiveYield: M1-comparator,,,,,,,,,,,,,,,,,,,,,,,,,,,,,,,,,,,,,,,,,,
GaussianCopula__LR_L2,GaussianCopula,LR_L2,R5_NULL,TARGET_B,0.10000000000000001,QUALIFIED,0.043564829709596603,0.043564829709596603,0.056435170290403402,intermediate,PAIRED_CONTRAST,M3_vs_M1,M3_vs_M1,,,,,,,,,,,,,,,,,,,,,,,,,,,,,,,,,,,,,,,,,,,,,,,,,990,1000,0,0,0,0,0,0,0,0,0,,,,0,0,0,0,0,0,0,0,0,,,,0,0,0,0,0,0,0,0,0,,,,0,0,0,0,0,0,0,0,0,,,,0,0,0,0,0,0,0,0,0,,,,0,0,0,0,0,0,1,990,0,,,,0,0,0,0,0,0,1,990,0,,,,DER: comparator-M1; FQ/FR/UI/EI/DecisionYield/CorrectDefinitiveYield: M1-comparator,0,0,0,0,0,0,0,0,0,0,0,0,0,0,0,1,990,0,1,990,0,,,,,,,,,,,,,,,,,,,,,
GaussianCopula__LR_L2,GaussianCopula,LR_L2,R5_NULL,TARGET_B,0.10000000000000001,QUALIFIED,0.043564829709596603,0.043564829709596603,0.056435170290403402,intermediate,PAIRED_CONTRAST,M2_vs_M1,M2_vs_M1,,,,,,,,,,,,,,,,,,,,,,,,,,,,,,,,,,,,,,,,,,,,,,,,,985,1000,0,0,0,0,0,0,0,0,0,,,,0,0,0,0,0,0,0,0,0,,,,0,0,0,0,0,0,0,0,0,,,,0,0,0,0,0,0,0,0,0,,,,0,0,0,0,0,0,0,0,0,,,,0,0,0,0,0,0,1,985,0,,,,0,0,0,0,0,0,1,985,0,,,,DER: comparator-M1; FQ/FR/UI/EI/DecisionYield/CorrectDefinitiveYield: M1-comparator,,,,,,,,,,,,,,,,,,,,,,0,0,0,0,0,0,0,0,0,0,0,0,0,0,0,1,985,0,1,985,0
GaussianCopula__LR_L2,GaussianCopula,LR_L2,R5_NULL,TARGET_B,0.20000000000000001,QUALIFIED,0.043564829709596603,0.043564829709596603,0.15643517029040341,far from boundary,PAIRED_CONTRAST,M4_vs_M1,M4_vs_M1,,,,,,,,,,,,,,,,,,,,,,,,,,,,,,,,,,,,,,,,,,,,,,,,,990,1000,0,0,0,0,0,0,0,0,0,0,0,0,0,0,0,0,0,0,0,0,0,0,0,0,0,0,0,0,0,0,0,0,0,0,0,0,0,0,0,0,0,0,0,0,0,0,0,0,0,0,0,0,0,0,0,0,0,0,0,0,0,0,0,0,0,0,1,990,0,1,990,0,0,0,0,0,0,0,1,990,0,1,990,0,DER: comparator-M1; FQ/FR/UI/EI/DecisionYield/CorrectDefinitiveYield: M1-comparator,,,,,,,,,,,,,,,,,,,,,,,,,,,,,,,,,,,,,,,,,,
GaussianCopula__LR_L2,GaussianCopula,LR_L2,R5_NULL,TARGET_B,0.20000000000000001,QUALIFIED,0.043564829709596603,0.043564829709596603,0.15643517029040341,far from boundary,PAIRED_CONTRAST,M3_vs_M1,M3_vs_M1,,,,,,,,,,,,,,,,,,,,,,,,,,,,,,,,,,,,,,,,,,,,,,,,,990,1000,0,0,0,0,0,0,0,0,0,,,,0,0,0,0,0,0,0,0,0,,,,0,0,0,0,0,0,0,0,0,,,,0,0,0,0,0,0,0,0,0,,,,0,0,0,0,0,0,0,0,0,,,,0,0,0,0,0,0,1,990,0,,,,0,0,0,0,0,0,1,990,0,,,,DER: comparator-M1; FQ/FR/UI/EI/DecisionYield/CorrectDefinitiveYield: M1-comparator,0,0,0,0,0,0,0,0,0,0,0,0,0,0,0,1,990,0,1,990,0,,,,,,,,,,,,,,,,,,,,,
GaussianCopula__LR_L2,GaussianCopula,LR_L2,R5_NULL,TARGET_B,0.20000000000000001,QUALIFIED,0.043564829709596603,0.043564829709596603,0.15643517029040341,far from boundary,PAIRED_CONTRAST,M2_vs_M1,M2_vs_M1,,,,,,,,,,,,,,,,,,,,,,,,,,,,,,,,,,,,,,,,,,,,,,,,,985,1000,0,0,0,0,0,0,0,0,0,,,,0,0,0,0,0,0,0,0,0,,,,0,0,0,0,0,0,0,0,0,,,,0,0,0,0,0,0,0,0,0,,,,0,0,0,0,0,0,0,0,0,,,,0,0,0,0,0,0,1,985,0,,,,0,0,0,0,0,0,1,985,0,,,,DER: comparator-M1; FQ/FR/UI/EI/DecisionYield/CorrectDefinitiveYield: M1-comparator,,,,,,,,,,,,,,,,,,,,,,0,0,0,0,0,0,0,0,0,0,0,0,0,0,0,1,985,0,1,985,0
GaussianCopula__LR_L2,GaussianCopula,LR_L2,R5_NULL,TARGET_A,0.025000000000000001,NOT_QUALIFIED,0.043564829709596603,0.043564829709596603,0.018564829709596602,near boundary,PAIRED_CONTRAST,M4_vs_M1,M4_vs_M1,,,,,,,,,,,,,,,,,,,,,,,,,,,,,,,,,,,,,,,,,,,,,,,,,990,1000,0.15454545454545454,0.011494103514252653,0.13079327144039166,0.13201742562294408,0.177073483467965,153,0,0,0,0.15454545454545454,153,0.011488296944791709,0,0,0,0,0,0,0,0,0,0,0,0,0,0,0,0,0,0,0,0,0,0,0,0,0,0,0,0,0,0,0,0,0,0,0,0,-0.15454545454545454,0.011494103514252653,0.13079327144039166,-0.177073483467965,-0.13201742562294408,-153,0,0,0,0.15454545454545454,153,0.011488296944791709,0.15454545454545454,0.011494103514252653,0.13079327144039166,0.13201742562294408,0.177073483467965,153,1,990,0,0.84545454545454546,837,0.011488296944791709,0.15454545454545454,0.011494103514252653,0.13079327144039166,0.13201742562294408,0.177073483467965,153,1,990,0,0.84545454545454546,837,0.011488296944791709,DER: comparator-M1; FQ/FR/UI/EI/DecisionYield/CorrectDefinitiveYield: M1-comparator,,,,,,,,,,,,,,,,,,,,,,,,,,,,,,,,,,,,,,,,,,
GaussianCopula__LR_L2,GaussianCopula,LR_L2,R5_NULL,TARGET_A,0.025000000000000001,NOT_QUALIFIED,0.043564829709596603,0.043564829709596603,0.018564829709596602,near boundary,PAIRED_CONTRAST,M3_vs_M1,M3_vs_M1,,,,,,,,,,,,,,,,,,,,,,,,,,,,,,,,,,,,,,,,,,,,,,,,,990,1000,0.014141414141414142,0.0037545300642735768,0.013955531043498805,0.0067826704365650777,0.021500157846263208,14,0,0,0,,,,0,0,0,0,0,0,0,0,0,,,,0,0,0,0,0,0,0,0,0,,,,0,0,0,0,0,0,0,0,0,,,,-0.014141414141414142,0.0037545300642735768,0.013955531043498805,-0.021500157846263208,-0.0067826704365650777,-14,0,0,0,,,,0.014141414141414142,0.0037545300642735768,0.013955531043498805,0.0067826704365650777,0.021500157846263208,14,1,990,0,,,,0.014141414141414142,0.0037545300642735768,0.013955531043498805,0.0067826704365650777,0.021500157846263208,14,1,990,0,,,,DER: comparator-M1; FQ/FR/UI/EI/DecisionYield/CorrectDefinitiveYield: M1-comparator,0.014141414141414142,14,0.0037526333578810993,0,0,0,0,0,0,0,0,0,0.014141414141414142,14,0.0037526333578810993,0.98585858585858588,976,0.0037526333578810963,0.98585858585858588,976,0.0037526333578810963,,,,,,,,,,,,,,,,,,,,,
GaussianCopula__LR_L2,GaussianCopula,LR_L2,R5_NULL,TARGET_A,0.025000000000000001,NOT_QUALIFIED,0.043564829709596603,0.043564829709596603,0.018564829709596602,near boundary,PAIRED_CONTRAST,M2_vs_M1,M2_vs_M1,,,,,,,,,,,,,,,,,,,,,,,,,,,,,,,,,,,,,,,,,,,,,,,,,985,1000,1,0,0,1,1,985,0,0,0,,,,0,0,0,0,0,0,0,0,0,,,,0,0,0,0,0,0,0,0,0,,,,0,0,0,0,0,0,0,0,0,,,,-1,0,0,-1,-1,-985,0,0,0,,,,1,0,0,1,1,985,1,985,0,,,,1,0,0,1,1,985,1,985,0,,,,DER: comparator-M1; FQ/FR/UI/EI/DecisionYield/CorrectDefinitiveYield: M1-comparator,,,,,,,,,,,,,,,,,,,,,,1,985,0,0,0,0,0,0,0,0,0,0,1,985,0,0,0,0,0,0,0
GaussianCopula__LR_L2,GaussianCopula,LR_L2,R5_NULL,TARGET_A,0.050000000000000003,QUALIFIED,0.043564829709596603,0.043564829709596603,0.0064351702904033997,near boundary,PAIRED_CONTRAST,M4_vs_M1,M4_vs_M1,,,,,,,,,,,,,,,,,,,,,,,,,,,,,,,,,,,,,,,,,,,,,,,,,990,1000,0.36868686868686867,0.019555510861516415,0.37859382500433764,0.33035877169901467,0.40701496567472267,365,0.20909090909090908,207,0.012924485446899519,0.57777777777777772,572,0.015697603795907306,0,0,0,0,0,0,0,0,0,0,0,0,0,0,0,0,0,0,0,0,0,0,0,0,0,0,0,0,0,0,0,0,0,0,0,0,-0.36868686868686867,0.019555510861516415,0.37859382500433764,-0.40701496567472267,-0.33035877169901467,-365,0.20909090909090908,207,0.012924485446899519,0.57777777777777772,572,0.015697603795907306,0.36868686868686867,0.019555510861516415,0.37859382500433764,0.33035877169901467,0.40701496567472267,365,0.79090909090909089,783,0.012924485446899519,0.42222222222222222,418,0.015697603795907303,0.36868686868686867,0.019555510861516415,0.37859382500433764,0.33035877169901467,0.40701496567472267,365,0.79090909090909089,783,0.012924485446899519,0.42222222222222222,418,0.015697603795907303,DER: comparator-M1; FQ/FR/UI/EI/DecisionYield/CorrectDefinitiveYield: M1-comparator,,,,,,,,,,,,,,,,,,,,,,,,,,,,,,,,,,,,,,,,,,
GaussianCopula__LR_L2,GaussianCopula,LR_L2,R5_NULL,TARGET_A,0.050000000000000003,QUALIFIED,0.043564829709596603,0.043564829709596603,0.0064351702904033997,near boundary,PAIRED_CONTRAST,M3_vs_M1,M3_vs_M1,,,,,,,,,,,,,,,,,,,,,,,,,,,,,,,,,,,,,,,,,,,,,,,,,990,1000,0.1707070707070707,0.01727378769721722,0.29539990399444771,0.13685106894393387,0.20456307247020752,169,0.20909090909090908,207,0.012924485446899519,,,,0,0,0,0,0,0,0,0,0,,,,0,0,0,0,0,0,0,0,0,,,,0,0,0,0,0,0,0,0,0,,,,-0.1707070707070707,0.01727378769721722,0.29539990399444771,-0.20456307247020752,-0.13685106894393387,-169,0.20909090909090908,207,0.012924485446899519,,,,0.1707070707070707,0.01727378769721722,0.29539990399444771,0.13685106894393387,0.20456307247020752,169,0.79090909090909089,783,0.012924485446899519,,,,0.1707070707070707,0.01727378769721722,0.29539990399444771,0.13685106894393387,0.20456307247020752,169,0.79090909090909089,783,0.012924485446899519,,,,DER: comparator-M1; FQ/FR/UI/EI/DecisionYield/CorrectDefinitiveYield: M1-comparator,0.3797979797979798,376,0.015425005094357756,0,0,0,0,0,0,0,0,0,0.3797979797979798,376,0.015425005094357756,0.6202020202020202,614,0.015425005094357756,0.6202020202020202,614,0.015425005094357756,,,,,,,,,,,,,,,,,,,,,
GaussianCopula__LR_L2,GaussianCopula,LR_L2,R5_NULL,TARGET_A,0.050000000000000003,QUALIFIED,0.043564829709596603,0.043564829709596603,0.0064351702904033997,near boundary,PAIRED_CONTRAST,M2_vs_M1,M2_vs_M1,,,,,,,,,,,,,,,,,,,,,,,,,,,,,,,,,,,,,,,,,,,,,,,,,985,1000,0.79086294416243652,0.012964881728927583,0.16556683587140406,0.76545224290991709,0.81627364541495595,779,0.20913705583756345,206,0.012958298899496403,,,,0,0,0,0,0,0,0,0,0,,,,0,0,0,0,0,0,0,0,0,,,,0,0,0,0,0,0,0,0,0,,,,-0.79086294416243652,0.012964881728927583,0.16556683587140406,-0.81627364541495595,-0.76545224290991709,-779,0.20913705583756345,206,0.012958298899496403,,,,0.79086294416243652,0.012964881728927583,0.16556683587140406,0.76545224290991709,0.81627364541495595,779,0.79086294416243652,779,0.012958298899496403,,,,0.79086294416243652,0.012964881728927583,0.16556683587140406,0.76545224290991709,0.81627364541495595,779,0.79086294416243652,779,0.012958298899496403,,,,DER: comparator-M1; FQ/FR/UI/EI/DecisionYield/CorrectDefinitiveYield: M1-comparator,,,,,,,,,,,,,,,,,,,,,,1,985,0,0,0,0,0,0,0,0,0,0,1,985,0,0,0,0,0,0,0
GaussianCopula__LR_L2,GaussianCopula,LR_L2,R5_NULL,TARGET_A,0.10000000000000001,QUALIFIED,0.043564829709596603,0.043564829709596603,0.056435170290403402,intermediate,PAIRED_CONTRAST,M4_vs_M1,M4_vs_M1,,,,,,,,,,,,,,,,,,,,,,,,,,,,,,,,,,,,,,,,,,,,,,,,,990,1000,0,0,0,0,0,0,0,0,0,0,0,0,0,0,0,0,0,0,0,0,0,0,0,0,0,0,0,0,0,0,0,0,0,0,0,0,0,0,0,0,0,0,0,0,0,0,0,0,0,0,0,0,0,0,0,0,0,0,0,0,0,0,0,0,0,0,1,990,0,1,990,0,0,0,0,0,0,0,1,990,0,1,990,0,DER: comparator-M1; FQ/FR/UI/EI/DecisionYield/CorrectDefinitiveYield: M1-comparator,,,,,,,,,,,,,,,,,,,,,,,,,,,,,,,,,,,,,,,,,,
GaussianCopula__LR_L2,GaussianCopula,LR_L2,R5_NULL,TARGET_A,0.10000000000000001,QUALIFIED,0.043564829709596603,0.043564829709596603,0.056435170290403402,intermediate,PAIRED_CONTRAST,M3_vs_M1,M3_vs_M1,,,,,,,,,,,,,,,,,,,,,,,,,,,,,,,,,,,,,,,,,,,,,,,,,990,1000,0,0,0,0,0,0,0,0,0,,,,0,0,0,0,0,0,0,0,0,,,,0,0,0,0,0,0,0,0,0,,,,0,0,0,0,0,0,0,0,0,,,,0,0,0,0,0,0,0,0,0,,,,0,0,0,0,0,0,1,990,0,,,,0,0,0,0,0,0,1,990,0,,,,DER: comparator-M1; FQ/FR/UI/EI/DecisionYield/CorrectDefinitiveYield: M1-comparator,0,0,0,0,0,0,0,0,0,0,0,0,0,0,0,1,990,0,1,990,0,,,,,,,,,,,,,,,,,,,,,
GaussianCopula__LR_L2,GaussianCopula,LR_L2,R5_NULL,TARGET_A,0.10000000000000001,QUALIFIED,0.043564829709596603,0.043564829709596603,0.056435170290403402,intermediate,PAIRED_CONTRAST,M2_vs_M1,M2_vs_M1,,,,,,,,,,,,,,,,,,,,,,,,,,,,,,,,,,,,,,,,,,,,,,,,,985,1000,0,0,0,0,0,0,0,0,0,,,,0,0,0,0,0,0,0,0,0,,,,0,0,0,0,0,0,0,0,0,,,,0,0,0,0,0,0,0,0,0,,,,0,0,0,0,0,0,0,0,0,,,,0,0,0,0,0,0,1,985,0,,,,0,0,0,0,0,0,1,985,0,,,,DER: comparator-M1; FQ/FR/UI/EI/DecisionYield/CorrectDefinitiveYield: M1-comparator,,,,,,,,,,,,,,,,,,,,,,0,0,0,0,0,0,0,0,0,0,0,0,0,0,0,1,985,0,1,985,0
GaussianCopula__LR_L2,GaussianCopula,LR_L2,R5_NULL,TARGET_A,0.20000000000000001,QUALIFIED,0.043564829709596603,0.043564829709596603,0.15643517029040341,far from boundary,PAIRED_CONTRAST,M4_vs_M1,M4_vs_M1,,,,,,,,,,,,,,,,,,,,,,,,,,,,,,,,,,,,,,,,,,,,,,,,,990,1000,0,0,0,0,0,0,0,0,0,0,0,0,0,0,0,0,0,0,0,0,0,0,0,0,0,0,0,0,0,0,0,0,0,0,0,0,0,0,0,0,0,0,0,0,0,0,0,0,0,0,0,0,0,0,0,0,0,0,0,0,0,0,0,0,0,0,1,990,0,1,990,0,0,0,0,0,0,0,1,990,0,1,990,0,DER: comparator-M1; FQ/FR/UI/EI/DecisionYield/CorrectDefinitiveYield: M1-comparator,,,,,,,,,,,,,,,,,,,,,,,,,,,,,,,,,,,,,,,,,,
GaussianCopula__LR_L2,GaussianCopula,LR_L2,R5_NULL,TARGET_A,0.20000000000000001,QUALIFIED,0.043564829709596603,0.043564829709596603,0.15643517029040341,far from boundary,PAIRED_CONTRAST,M3_vs_M1,M3_vs_M1,,,,,,,,,,,,,,,,,,,,,,,,,,,,,,,,,,,,,,,,,,,,,,,,,990,1000,0,0,0,0,0,0,0,0,0,,,,0,0,0,0,0,0,0,0,0,,,,0,0,0,0,0,0,0,0,0,,,,0,0,0,0,0,0,0,0,0,,,,0,0,0,0,0,0,0,0,0,,,,0,0,0,0,0,0,1,990,0,,,,0,0,0,0,0,0,1,990,0,,,,DER: comparator-M1; FQ/FR/UI/EI/DecisionYield/CorrectDefinitiveYield: M1-comparator,0,0,0,0,0,0,0,0,0,0,0,0,0,0,0,1,990,0,1,990,0,,,,,,,,,,,,,,,,,,,,,
GaussianCopula__LR_L2,GaussianCopula,LR_L2,R5_NULL,TARGET_A,0.20000000000000001,QUALIFIED,0.043564829709596603,0.043564829709596603,0.15643517029040341,far from boundary,PAIRED_CONTRAST,M2_vs_M1,M2_vs_M1,,,,,,,,,,,,,,,,,,,,,,,,,,,,,,,,,,,,,,,,,,,,,,,,,985,1000,0,0,0,0,0,0,0,0,0,,,,0,0,0,0,0,0,0,0,0,,,,0,0,0,0,0,0,0,0,0,,,,0,0,0,0,0,0,0,0,0,,,,0,0,0,0,0,0,0,0,0,,,,0,0,0,0,0,0,1,985,0,,,,0,0,0,0,0,0,1,985,0,,,,DER: comparator-M1; FQ/FR/UI/EI/DecisionYield/CorrectDefinitiveYield: M1-comparator,,,,,,,,,,,,,,,,,,,,,,0,0,0,0,0,0,0,0,0,0,0,0,0,0,0,1,985,0,1,985,0
GaussianCopula__XGBoost,GaussianCopula,XGBoost,R5_NULL,TARGET_B,0.025000000000000001,NOT_QUALIFIED,0.1158612933122804,0.1158612933122804,0.090861293312280406,far from boundary,PAIRED_CONTRAST,M4_vs_M1,M4_vs_M1,,,,,,,,,,,,,,,,,,,,,,,,,,,,,,,,,,,,,,,,,,,,,,,,,991,1000,0,0,0,0,0,0,0,0,0,0,0,0,0,0,0,0,0,0,0,0,0,0,0,0,0,0,0,0,0,0,0,0,0,0,0,0,0,0,0,0,0,0,0,0,0,0,0,0,0,0,0,0,0,0,0,0,0,0,0,0,0,0,0,0,0,0,1,991,0,1,991,0,0,0,0,0,0,0,1,991,0,1,991,0,DER: comparator-M1; FQ/FR/UI/EI/DecisionYield/CorrectDefinitiveYield: M1-comparator,,,,,,,,,,,,,,,,,,,,,,,,,,,,,,,,,,,,,,,,,,
GaussianCopula__XGBoost,GaussianCopula,XGBoost,R5_NULL,TARGET_B,0.025000000000000001,NOT_QUALIFIED,0.1158612933122804,0.1158612933122804,0.090861293312280406,far from boundary,PAIRED_CONTRAST,M3_vs_M1,M3_vs_M1,,,,,,,,,,,,,,,,,,,,,,,,,,,,,,,,,,,,,,,,,,,,,,,,,991,1000,0,0,0,0,0,0,0,0,0,,,,0,0,0,0,0,0,0,0,0,,,,0,0,0,0,0,0,0,0,0,,,,0,0,0,0,0,0,0,0,0,,,,0,0,0,0,0,0,0,0,0,,,,0,0,0,0,0,0,1,991,0,,,,0,0,0,0,0,0,1,991,0,,,,DER: comparator-M1; FQ/FR/UI/EI/DecisionYield/CorrectDefinitiveYield: M1-comparator,0,0,0,0,0,0,0,0,0,0,0,0,0,0,0,1,991,0,1,991,0,,,,,,,,,,,,,,,,,,,,,
GaussianCopula__XGBoost,GaussianCopula,XGBoost,R5_NULL,TARGET_B,0.025000000000000001,NOT_QUALIFIED,0.1158612933122804,0.1158612933122804,0.090861293312280406,far from boundary,PAIRED_CONTRAST,M2_vs_M1,M2_vs_M1,,,,,,,,,,,,,,,,,,,,,,,,,,,,,,,,,,,,,,,,,,,,,,,,,986,1000,0,0,0,0,0,0,0,0,0,,,,0,0,0,0,0,0,0,0,0,,,,0,0,0,0,0,0,0,0,0,,,,0,0,0,0,0,0,0,0,0,,,,0,0,0,0,0,0,0,0,0,,,,0,0,0,0,0,0,1,986,0,,,,0,0,0,0,0,0,1,986,0,,,,DER: comparator-M1; FQ/FR/UI/EI/DecisionYield/CorrectDefinitiveYield: M1-comparator,,,,,,,,,,,,,,,,,,,,,,0,0,0,0,0,0,0,0,0,0,0,0,0,0,0,1,986,0,1,986,0
GaussianCopula__XGBoost,GaussianCopula,XGBoost,R5_NULL,TARGET_B,0.050000000000000003,NOT_QUALIFIED,0.1158612933122804,0.1158612933122804,0.065861293312280397,far from boundary,PAIRED_CONTRAST,M4_vs_M1,M4_vs_M1,,,,,,,,,,,,,,,,,,,,,,,,,,,,,,,,,,,,,,,,,,,,,,,,,991,1000,0,0,0,0,0,0,0,0,0,0,0,0,0,0,0,0,0,0,0,0,0,0,0,0,0,0,0,0,0,0,0,0,0,0,0,0,0,0,0,0,0,0,0,0,0,0,0,0,0,0,0,0,0,0,0,0,0,0,0,0,0,0,0,0,0,0,1,991,0,1,991,0,0,0,0,0,0,0,1,991,0,1,991,0,DER: comparator-M1; FQ/FR/UI/EI/DecisionYield/CorrectDefinitiveYield: M1-comparator,,,,,,,,,,,,,,,,,,,,,,,,,,,,,,,,,,,,,,,,,,
GaussianCopula__XGBoost,GaussianCopula,XGBoost,R5_NULL,TARGET_B,0.050000000000000003,NOT_QUALIFIED,0.1158612933122804,0.1158612933122804,0.065861293312280397,far from boundary,PAIRED_CONTRAST,M3_vs_M1,M3_vs_M1,,,,,,,,,,,,,,,,,,,,,,,,,,,,,,,,,,,,,,,,,,,,,,,,,991,1000,0,0,0,0,0,0,0,0,0,,,,0,0,0,0,0,0,0,0,0,,,,0,0,0,0,0,0,0,0,0,,,,0,0,0,0,0,0,0,0,0,,,,0,0,0,0,0,0,0,0,0,,,,0,0,0,0,0,0,1,991,0,,,,0,0,0,0,0,0,1,991,0,,,,DER: comparator-M1; FQ/FR/UI/EI/DecisionYield/CorrectDefinitiveYield: M1-comparator,0,0,0,0,0,0,0,0,0,0,0,0,0,0,0,1,991,0,1,991,0,,,,,,,,,,,,,,,,,,,,,
GaussianCopula__XGBoost,GaussianCopula,XGBoost,R5_NULL,TARGET_B,0.050000000000000003,NOT_QUALIFIED,0.1158612933122804,0.1158612933122804,0.065861293312280397,far from boundary,PAIRED_CONTRAST,M2_vs_M1,M2_vs_M1,,,,,,,,,,,,,,,,,,,,,,,,,,,,,,,,,,,,,,,,,,,,,,,,,986,1000,0,0,0,0,0,0,0,0,0,,,,0,0,0,0,0,0,0,0,0,,,,0,0,0,0,0,0,0,0,0,,,,0,0,0,0,0,0,0,0,0,,,,0,0,0,0,0,0,0,0,0,,,,0,0,0,0,0,0,1,986,0,,,,0,0,0,0,0,0,1,986,0,,,,DER: comparator-M1; FQ/FR/UI/EI/DecisionYield/CorrectDefinitiveYield: M1-comparator,,,,,,,,,,,,,,,,,,,,,,0,0,0,0,0,0,0,0,0,0,0,0,0,0,0,1,986,0,1,986,0
GaussianCopula__XGBoost,GaussianCopula,XGBoost,R5_NULL,TARGET_B,0.10000000000000001,NOT_QUALIFIED,0.1158612933122804,0.1158612933122804,0.015861293312280395,near boundary,PAIRED_CONTRAST,M4_vs_M1,M4_vs_M1,,,,,,,,,,,,,,,,,,,,,,,,,,,,,,,,,,,,,,,,,,,,,,,,,991,1000,0.29868819374369326,0.015297499460464336,0.23190736833522049,0.26870564574766226,0.32867074173972427,296,0.025227043390514632,25,0.0049813617977951087,0.32391523713420789,321,0.014865497075992612,0,0,0,0,0,0,0,0,0,0,0,0,0,0,0,0,0,0,0,0,0,0,0,0,0,0,0,0,0,0,0,0,0,0,0,0,-0.29868819374369326,0.015297499460464336,0.23190736833522049,-0.32867074173972427,-0.26870564574766226,-296,0.025227043390514632,25,0.0049813617977951087,0.32391523713420789,321,0.014865497075992612,0.29868819374369326,0.015297499460464336,0.23190736833522049,0.26870564574766226,0.32867074173972427,296,0.97477295660948537,966,0.0049813617977951079,0.67608476286579211,670,0.014865497075992612,0.29868819374369326,0.015297499460464336,0.23190736833522049,0.26870564574766226,0.32867074173972427,296,0.97477295660948537,966,0.0049813617977951079,0.67608476286579211,670,0.014865497075992612,DER: comparator-M1; FQ/FR/UI/EI/DecisionYield/CorrectDefinitiveYield: M1-comparator,,,,,,,,,,,,,,,,,,,,,,,,,,,,,,,,,,,,,,,,,,
GaussianCopula__XGBoost,GaussianCopula,XGBoost,R5_NULL,TARGET_B,0.10000000000000001,NOT_QUALIFIED,0.1158612933122804,0.1158612933122804,0.015861293312280395,near boundary,PAIRED_CONTRAST,M3_vs_M1,M3_vs_M1,,,,,,,,,,,,,,,,,,,,,,,,,,,,,,,,,,,,,,,,,,,,,,,,,991,1000,0.10797174571140263,0.010847681991920034,0.11661315475644574,0.086710679691495651,0.1292328117313096,107,0.025227043390514632,25,0.0049813617977951087,,,,0,0,0,0,0,0,0,0,0,,,,0,0,0,0,0,0,0,0,0,,,,0,0,0,0,0,0,0,0,0,,,,-0.10797174571140263,0.010847681991920034,0.11661315475644574,-0.1292328117313096,-0.086710679691495651,-107,0.025227043390514632,25,0.0049813617977951087,,,,0.10797174571140263,0.010847681991920034,0.11661315475644574,0.086710679691495651,0.1292328117313096,107,0.97477295660948537,966,0.0049813617977951079,,,,0.10797174571140263,0.010847681991920034,0.11661315475644574,0.086710679691495651,0.1292328117313096,107,0.97477295660948537,966,0.0049813617977951079,,,,DER: comparator-M1; FQ/FR/UI/EI/DecisionYield/CorrectDefinitiveYield: M1-comparator,0.13319878910191726,132,0.010793767667867946,0,0,0,0,0,0,0,0,0,0.13319878910191726,132,0.010793767667867946,0.86680121089808271,859,0.010793767667867948,0.86680121089808271,859,0.010793767667867948,,,,,,,,,,,,,,,,,,,,,
GaussianCopula__XGBoost,GaussianCopula,XGBoost,R5_NULL,TARGET_B,0.10000000000000001,NOT_QUALIFIED,0.1158612933122804,0.1158612933122804,0.015861293312280395,near boundary,PAIRED_CONTRAST,M2_vs_M1,M2_vs_M1,,,,,,,,,,,,,,,,,,,,,,,,,,,,,,,,,,,,,,,,,,,,,,,,,986,1000,0.97464503042596351,0.0050088343367626935,0.024737183513349106,0.96482789552138104,0.98446216533054598,961,0.025354969574036511,25,0.0050062937155813747,,,,0,0,0,0,0,0,0,0,0,,,,0,0,0,0,0,0,0,0,0,,,,0,0,0,0,0,0,0,0,0,,,,-0.97464503042596351,0.0050088343367626935,0.024737183513349106,-0.98446216533054598,-0.96482789552138104,-961,0.025354969574036511,25,0.0050062937155813747,,,,0.97464503042596351,0.0050088343367626935,0.024737183513349106,0.96482789552138104,0.98446216533054598,961,0.97464503042596351,961,0.005006293715581373,,,,0.97464503042596351,0.0050088343367626935,0.024737183513349106,0.96482789552138104,0.98446216533054598,961,0.97464503042596351,961,0.005006293715581373,,,,DER: comparator-M1; FQ/FR/UI/EI/DecisionYield/CorrectDefinitiveYield: M1-comparator,,,,,,,,,,,,,,,,,,,,,,1,986,0,0,0,0,0,0,0,0,0,0,1,986,0,0,0,0,0,0,0
GaussianCopula__XGBoost,GaussianCopula,XGBoost,R5_NULL,TARGET_B,0.20000000000000001,QUALIFIED,0.1158612933122804,0.1158612933122804,0.084138706687719611,far from boundary,PAIRED_CONTRAST,M4_vs_M1,M4_vs_M1,,,,,,,,,,,,,,,,,,,,,,,,,,,,,,,,,,,,,,,,,,,,,,,,,991,1000,0,0,0,0,0,0,0,0,0,0,0,0,0,0,0,0,0,0,0,0,0,0,0,0,0,0,0,0,0,0,0,0,0,0,0,0,0,0,0,0,0,0,0,0,0,0,0,0,0,0,0,0,0,0,0,0,0,0,0,0,0,0,0,0,0,0,1,991,0,1,991,0,0,0,0,0,0,0,1,991,0,1,991,0,DER: comparator-M1; FQ/FR/UI/EI/DecisionYield/CorrectDefinitiveYield: M1-comparator,,,,,,,,,,,,,,,,,,,,,,,,,,,,,,,,,,,,,,,,,,
GaussianCopula__XGBoost,GaussianCopula,XGBoost,R5_NULL,TARGET_B,0.20000000000000001,QUALIFIED,0.1158612933122804,0.1158612933122804,0.084138706687719611,far from boundary,PAIRED_CONTRAST,M3_vs_M1,M3_vs_M1,,,,,,,,,,,,,,,,,,,,,,,,,,,,,,,,,,,,,,,,,,,,,,,,,991,1000,0,0,0,0,0,0,0,0,0,,,,0,0,0,0,0,0,0,0,0,,,,0,0,0,0,0,0,0,0,0,,,,0,0,0,0,0,0,0,0,0,,,,0,0,0,0,0,0,0,0,0,,,,0,0,0,0,0,0,1,991,0,,,,0,0,0,0,0,0,1,991,0,,,,DER: comparator-M1; FQ/FR/UI/EI/DecisionYield/CorrectDefinitiveYield: M1-comparator,0,0,0,0,0,0,0,0,0,0,0,0,0,0,0,1,991,0,1,991,0,,,,,,,,,,,,,,,,,,,,,
GaussianCopula__XGBoost,GaussianCopula,XGBoost,R5_NULL,TARGET_B,0.20000000000000001,QUALIFIED,0.1158612933122804,0.1158612933122804,0.084138706687719611,far from boundary,PAIRED_CONTRAST,M2_vs_M1,M2_vs_M1,,,,,,,,,,,,,,,,,,,,,,,,,,,,,,,,,,,,,,,,,,,,,,,,,986,1000,0,0,0,0,0,0,0,0,0,,,,0,0,0,0,0,0,0,0,0,,,,0,0,0,0,0,0,0,0,0,,,,0,0,0,0,0,0,0,0,0,,,,0,0,0,0,0,0,0,0,0,,,,0,0,0,0,0,0,1,986,0,,,,0,0,0,0,0,0,1,986,0,,,,DER: comparator-M1; FQ/FR/UI/EI/DecisionYield/CorrectDefinitiveYield: M1-comparator,,,,,,,,,,,,,,,,,,,,,,0,0,0,0,0,0,0,0,0,0,0,0,0,0,0,1,986,0,1,986,0
GaussianCopula__XGBoost,GaussianCopula,XGBoost,R5_NULL,TARGET_A,0.025000000000000001,NOT_QUALIFIED,0.1158612933122804,0.1158612933122804,0.090861293312280406,far from boundary,PAIRED_CONTRAST,M4_vs_M1,M4_vs_M1,,,,,,,,,,,,,,,,,,,,,,,,,,,,,,,,,,,,,,,,,,,,,,,,,991,1000,0,0,0,0,0,0,0,0,0,0,0,0,0,0,0,0,0,0,0,0,0,0,0,0,0,0,0,0,0,0,0,0,0,0,0,0,0,0,0,0,0,0,0,0,0,0,0,0,0,0,0,0,0,0,0,0,0,0,0,0,0,0,0,0,0,0,1,991,0,1,991,0,0,0,0,0,0,0,1,991,0,1,991,0,DER: comparator-M1; FQ/FR/UI/EI/DecisionYield/CorrectDefinitiveYield: M1-comparator,,,,,,,,,,,,,,,,,,,,,,,,,,,,,,,,,,,,,,,,,,
GaussianCopula__XGBoost,GaussianCopula,XGBoost,R5_NULL,TARGET_A,0.025000000000000001,NOT_QUALIFIED,0.1158612933122804,0.1158612933122804,0.090861293312280406,far from boundary,PAIRED_CONTRAST,M3_vs_M1,M3_vs_M1,,,,,,,,,,,,,,,,,,,,,,,,,,,,,,,,,,,,,,,,,,,,,,,,,991,1000,0,0,0,0,0,0,0,0,0,,,,0,0,0,0,0,0,0,0,0,,,,0,0,0,0,0,0,0,0,0,,,,0,0,0,0,0,0,0,0,0,,,,0,0,0,0,0,0,0,0,0,,,,0,0,0,0,0,0,1,991,0,,,,0,0,0,0,0,0,1,991,0,,,,DER: comparator-M1; FQ/FR/UI/EI/DecisionYield/CorrectDefinitiveYield: M1-comparator,0,0,0,0,0,0,0,0,0,0,0,0,0,0,0,1,991,0,1,991,0,,,,,,,,,,,,,,,,,,,,,
GaussianCopula__XGBoost,GaussianCopula,XGBoost,R5_NULL,TARGET_A,0.025000000000000001,NOT_QUALIFIED,0.1158612933122804,0.1158612933122804,0.090861293312280406,far from boundary,PAIRED_CONTRAST,M2_vs_M1,M2_vs_M1,,,,,,,,,,,,,,,,,,,,,,,,,,,,,,,,,,,,,,,,,,,,,,,,,986,1000,0,0,0,0,0,0,0,0,0,,,,0,0,0,0,0,0,0,0,0,,,,0,0,0,0,0,0,0,0,0,,,,0,0,0,0,0,0,0,0,0,,,,0,0,0,0,0,0,0,0,0,,,,0,0,0,0,0,0,1,986,0,,,,0,0,0,0,0,0,1,986,0,,,,DER: comparator-M1; FQ/FR/UI/EI/DecisionYield/CorrectDefinitiveYield: M1-comparator,,,,,,,,,,,,,,,,,,,,,,0,0,0,0,0,0,0,0,0,0,0,0,0,0,0,1,986,0,1,986,0
GaussianCopula__XGBoost,GaussianCopula,XGBoost,R5_NULL,TARGET_A,0.050000000000000003,NOT_QUALIFIED,0.1158612933122804,0.1158612933122804,0.065861293312280397,far from boundary,PAIRED_CONTRAST,M4_vs_M1,M4_vs_M1,,,,,,,,,,,,,,,,,,,,,,,,,,,,,,,,,,,,,,,,,,,,,,,,,991,1000,0,0,0,0,0,0,0,0,0,0,0,0,0,0,0,0,0,0,0,0,0,0,0,0,0,0,0,0,0,0,0,0,0,0,0,0,0,0,0,0,0,0,0,0,0,0,0,0,0,0,0,0,0,0,0,0,0,0,0,0,0,0,0,0,0,0,1,991,0,1,991,0,0,0,0,0,0,0,1,991,0,1,991,0,DER: comparator-M1; FQ/FR/UI/EI/DecisionYield/CorrectDefinitiveYield: M1-comparator,,,,,,,,,,,,,,,,,,,,,,,,,,,,,,,,,,,,,,,,,,
GaussianCopula__XGBoost,GaussianCopula,XGBoost,R5_NULL,TARGET_A,0.050000000000000003,NOT_QUALIFIED,0.1158612933122804,0.1158612933122804,0.065861293312280397,far from boundary,PAIRED_CONTRAST,M3_vs_M1,M3_vs_M1,,,,,,,,,,,,,,,,,,,,,,,,,,,,,,,,,,,,,,,,,,,,,,,,,991,1000,0,0,0,0,0,0,0,0,0,,,,0,0,0,0,0,0,0,0,0,,,,0,0,0,0,0,0,0,0,0,,,,0,0,0,0,0,0,0,0,0,,,,0,0,0,0,0,0,0,0,0,,,,0,0,0,0,0,0,1,991,0,,,,0,0,0,0,0,0,1,991,0,,,,DER: comparator-M1; FQ/FR/UI/EI/DecisionYield/CorrectDefinitiveYield: M1-comparator,0,0,0,0,0,0,0,0,0,0,0,0,0,0,0,1,991,0,1,991,0,,,,,,,,,,,,,,,,,,,,,
GaussianCopula__XGBoost,GaussianCopula,XGBoost,R5_NULL,TARGET_A,0.050000000000000003,NOT_QUALIFIED,0.1158612933122804,0.1158612933122804,0.065861293312280397,far from boundary,PAIRED_CONTRAST,M2_vs_M1,M2_vs_M1,,,,,,,,,,,,,,,,,,,,,,,,,,,,,,,,,,,,,,,,,,,,,,,,,986,1000,0,0,0,0,0,0,0,0,0,,,,0,0,0,0,0,0,0,0,0,,,,0,0,0,0,0,0,0,0,0,,,,0,0,0,0,0,0,0,0,0,,,,0,0,0,0,0,0,0,0,0,,,,0,0,0,0,0,0,1,986,0,,,,0,0,0,0,0,0,1,986,0,,,,DER: comparator-M1; FQ/FR/UI/EI/DecisionYield/CorrectDefinitiveYield: M1-comparator,,,,,,,,,,,,,,,,,,,,,,0,0,0,0,0,0,0,0,0,0,0,0,0,0,0,1,986,0,1,986,0
GaussianCopula__XGBoost,GaussianCopula,XGBoost,R5_NULL,TARGET_A,0.10000000000000001,NOT_QUALIFIED,0.1158612933122804,0.1158612933122804,0.015861293312280395,near boundary,PAIRED_CONTRAST,M4_vs_M1,M4_vs_M1,,,,,,,,,,,,,,,,,,,,,,,,,,,,,,,,,,,,,,,,,,,,,,,,,991,1000,0.29969727547931385,0.015244156133556275,0.23029283755822325,0.26981927848283821,0.32957527247578949,297,0.024217961654894045,24,0.0048832434495387688,0.32391523713420789,321,0.014865497075992612,0,0,0,0,0,0,0,0,0,0,0,0,0,0,0,0,0,0,0,0,0,0,0,0,0,0,0,0,0,0,0,0,0,0,0,0,-0.29969727547931385,0.015244156133556275,0.23029283755822325,-0.32957527247578949,-0.26981927848283821,-297,0.024217961654894045,24,0.0048832434495387688,0.32391523713420789,321,0.014865497075992612,0.29969727547931385,0.015244156133556275,0.23029283755822325,0.26981927848283821,0.32957527247578949,297,0.97578203834510591,967,0.004883243449538774,0.67608476286579211,670,0.014865497075992612,0.29969727547931385,0.015244156133556275,0.23029283755822325,0.26981927848283821,0.32957527247578949,297,0.97578203834510591,967,0.004883243449538774,0.67608476286579211,670,0.014865497075992612,DER: comparator-M1; FQ/FR/UI/EI/DecisionYield/CorrectDefinitiveYield: M1-comparator,,,,,,,,,,,,,,,,,,,,,,,,,,,,,,,,,,,,,,,,,,
GaussianCopula__XGBoost,GaussianCopula,XGBoost,R5_NULL,TARGET_A,0.10000000000000001,NOT_QUALIFIED,0.1158612933122804,0.1158612933122804,0.015861293312280395,near boundary,PAIRED_CONTRAST,M3_vs_M1,M3_vs_M1,,,,,,,,,,,,,,,,,,,,,,,,,,,,,,,,,,,,,,,,,,,,,,,,,991,1000,0.10898082744702321,0.010790356615799078,0.11538390973305385,0.087832117099713516,0.13012953779433289,108,0.024217961654894045,24,0.0048832434495387688,,,,0,0,0,0,0,0,0,0,0,,,,0,0,0,0,0,0,0,0,0,,,,0,0,0,0,0,0,0,0,0,,,,-0.10898082744702321,0.010790356615799078,0.11538390973305385,-0.13012953779433289,-0.087832117099713516,-108,0.024217961654894045,24,0.0048832434495387688,,,,0.10898082744702321,0.010790356615799078,0.11538390973305385,0.087832117099713516,0.13012953779433289,108,0.97578203834510591,967,0.004883243449538774,,,,0.10898082744702321,0.010790356615799078,0.11538390973305385,0.087832117099713516,0.13012953779433289,108,0.97578203834510591,967,0.004883243449538774,,,,DER: comparator-M1; FQ/FR/UI/EI/DecisionYield/CorrectDefinitiveYield: M1-comparator,0.13319878910191726,132,0.010793767667867946,0,0,0,0,0,0,0,0,0,0.13319878910191726,132,0.010793767667867946,0.86680121089808271,859,0.010793767667867948,0.86680121089808271,859,0.010793767667867948,,,,,,,,,,,,,,,,,,,,,
GaussianCopula__XGBoost,GaussianCopula,XGBoost,R5_NULL,TARGET_A,0.10000000000000001,NOT_QUALIFIED,0.1158612933122804,0.1158612933122804,0.015861293312280395,near boundary,PAIRED_CONTRAST,M2_vs_M1,M2_vs_M1,,,,,,,,,,,,,,,,,,,,,,,,,,,,,,,,,,,,,,,,,,,,,,,,,986,1000,0.97565922920892489,0.004910188068846565,0.023772407615242956,0.96603543743666731,0.98528302098118248,962,0.02434077079107505,24,0.0049076974838175146,,,,0,0,0,0,0,0,0,0,0,,,,0,0,0,0,0,0,0,0,0,,,,0,0,0,0,0,0,0,0,0,,,,-0.97565922920892489,0.004910188068846565,0.023772407615242956,-0.98528302098118248,-0.96603543743666731,-962,0.02434077079107505,24,0.0049076974838175146,,,,0.97565922920892489,0.004910188068846565,0.023772407615242956,0.96603543743666731,0.98528302098118248,962,0.97565922920892489,962,0.0049076974838175198,,,,0.97565922920892489,0.004910188068846565,0.023772407615242956,0.96603543743666731,0.98528302098118248,962,0.97565922920892489,962,0.0049076974838175198,,,,DER: comparator-M1; FQ/FR/UI/EI/DecisionYield/CorrectDefinitiveYield: M1-comparator,,,,,,,,,,,,,,,,,,,,,,1,986,0,0,0,0,0,0,0,0,0,0,1,986,0,0,0,0,0,0,0
GaussianCopula__XGBoost,GaussianCopula,XGBoost,R5_NULL,TARGET_A,0.20000000000000001,QUALIFIED,0.1158612933122804,0.1158612933122804,0.084138706687719611,far from boundary,PAIRED_CONTRAST,M4_vs_M1,M4_vs_M1,,,,,,,,,,,,,,,,,,,,,,,,,,,,,,,,,,,,,,,,,,,,,,,,,991,1000,0,0,0,0,0,0,0,0,0,0,0,0,0,0,0,0,0,0,0,0,0,0,0,0,0,0,0,0,0,0,0,0,0,0,0,0,0,0,0,0,0,0,0,0,0,0,0,0,0,0,0,0,0,0,0,0,0,0,0,0,0,0,0,0,0,0,1,991,0,1,991,0,0,0,0,0,0,0,1,991,0,1,991,0,DER: comparator-M1; FQ/FR/UI/EI/DecisionYield/CorrectDefinitiveYield: M1-comparator,,,,,,,,,,,,,,,,,,,,,,,,,,,,,,,,,,,,,,,,,,
GaussianCopula__XGBoost,GaussianCopula,XGBoost,R5_NULL,TARGET_A,0.20000000000000001,QUALIFIED,0.1158612933122804,0.1158612933122804,0.084138706687719611,far from boundary,PAIRED_CONTRAST,M3_vs_M1,M3_vs_M1,,,,,,,,,,,,,,,,,,,,,,,,,,,,,,,,,,,,,,,,,,,,,,,,,991,1000,0,0,0,0,0,0,0,0,0,,,,0,0,0,0,0,0,0,0,0,,,,0,0,0,0,0,0,0,0,0,,,,0,0,0,0,0,0,0,0,0,,,,0,0,0,0,0,0,0,0,0,,,,0,0,0,0,0,0,1,991,0,,,,0,0,0,0,0,0,1,991,0,,,,DER: comparator-M1; FQ/FR/UI/EI/DecisionYield/CorrectDefinitiveYield: M1-comparator,0,0,0,0,0,0,0,0,0,0,0,0,0,0,0,1,991,0,1,991,0,,,,,,,,,,,,,,,,,,,,,
GaussianCopula__XGBoost,GaussianCopula,XGBoost,R5_NULL,TARGET_A,0.20000000000000001,QUALIFIED,0.1158612933122804,0.1158612933122804,0.084138706687719611,far from boundary,PAIRED_CONTRAST,M2_vs_M1,M2_vs_M1,,,,,,,,,,,,,,,,,,,,,,,,,,,,,,,,,,,,,,,,,,,,,,,,,986,1000,0,0,0,0,0,0,0,0,0,,,,0,0,0,0,0,0,0,0,0,,,,0,0,0,0,0,0,0,0,0,,,,0,0,0,0,0,0,0,0,0,,,,0,0,0,0,0,0,0,0,0,,,,0,0,0,0,0,0,1,986,0,,,,0,0,0,0,0,0,1,986,0,,,,DER: comparator-M1; FQ/FR/UI/EI/DecisionYield/CorrectDefinitiveYield: M1-comparator,,,,,,,,,,,,,,,,,,,,,,0,0,0,0,0,0,0,0,0,0,0,0,0,0,0,1,986,0,1,986,0
CTGAN__LR_L2,CTGAN,LR_L2,R5_NULL,TARGET_B,0.025000000000000001,NOT_QUALIFIED,0.093139941857816697,0.093139941857816697,0.068139941857816688,far from boundary,PAIRED_CONTRAST,M4_vs_M1,M4_vs_M1,,,,,,,,,,,,,,,,,,,,,,,,,,,,,,,,,,,,,,,,,,,,,,,,,996,1000,0,0,0,0,0,0,0,0,0,0,0,0,0,0,0,0,0,0,0,0,0,0,0,0,0,0,0,0,0,0,0,0,0,0,0,0,0,0,0,0,0,0,0,0,0,0,0,0,0,0,0,0,0,0,0,0,0,0,0,0,0,0,0,0,0,0,1,996,0,1,996,0,0,0,0,0,0,0,1,996,0,1,996,0,DER: comparator-M1; FQ/FR/UI/EI/DecisionYield/CorrectDefinitiveYield: M1-comparator,,,,,,,,,,,,,,,,,,,,,,,,,,,,,,,,,,,,,,,,,,
CTGAN__LR_L2,CTGAN,LR_L2,R5_NULL,TARGET_B,0.025000000000000001,NOT_QUALIFIED,0.093139941857816697,0.093139941857816697,0.068139941857816688,far from boundary,PAIRED_CONTRAST,M3_vs_M1,M3_vs_M1,,,,,,,,,,,,,,,,,,,,,,,,,,,,,,,,,,,,,,,,,,,,,,,,,996,1000,0,0,0,0,0,0,0,0,0,,,,0,0,0,0,0,0,0,0,0,,,,0,0,0,0,0,0,0,0,0,,,,0,0,0,0,0,0,0,0,0,,,,0,0,0,0,0,0,0,0,0,,,,0,0,0,0,0,0,1,996,0,,,,0,0,0,0,0,0,1,996,0,,,,DER: comparator-M1; FQ/FR/UI/EI/DecisionYield/CorrectDefinitiveYield: M1-comparator,0,0,0,0,0,0,0,0,0,0,0,0,0,0,0,1,996,0,1,996,0,,,,,,,,,,,,,,,,,,,,,
CTGAN__LR_L2,CTGAN,LR_L2,R5_NULL,TARGET_B,0.025000000000000001,NOT_QUALIFIED,0.093139941857816697,0.093139941857816697,0.068139941857816688,far from boundary,PAIRED_CONTRAST,M2_vs_M1,M2_vs_M1,,,,,,,,,,,,,,,,,,,,,,,,,,,,,,,,,,,,,,,,,,,,,,,,,989,1000,0.65722952477249752,0.015100167456903639,0.22550689159703988,0.6276337403964426,0.68682530914855244,650,0,0,0,,,,0,0,0,0,0,0,0,0,0,,,,0,0,0,0,0,0,0,0,0,,,,0,0,0,0,0,0,0,0,0,,,,-0.65722952477249752,0.015100167456903639,0.22550689159703988,-0.68682530914855244,-0.6276337403964426,-650,0,0,0,,,,0.65722952477249752,0.015100167456903639,0.22550689159703988,0.6276337403964426,0.68682530914855244,650,1,989,0,,,,0.65722952477249752,0.015100167456903639,0.22550689159703988,0.6276337403964426,0.68682530914855244,650,1,989,0,,,,DER: comparator-M1; FQ/FR/UI/EI/DecisionYield/CorrectDefinitiveYield: M1-comparator,,,,,,,,,,,,,,,,,,,,,,0.65722952477249752,650,0.015092531467815182,0,0,0,0,0,0,0,0,0,0.65722952477249752,650,0.015092531467815182,0.34277047522750254,339,0.015092531467815183,0.34277047522750254,339,0.015092531467815183
CTGAN__LR_L2,CTGAN,LR_L2,R5_NULL,TARGET_B,0.050000000000000003,NOT_QUALIFIED,0.093139941857816697,0.093139941857816697,0.043139941857816694,intermediate,PAIRED_CONTRAST,M4_vs_M1,M4_vs_M1,,,,,,,,,,,,,,,,,,,,,,,,,,,,,,,,,,,,,,,,,,,,,,,,,996,1000,0.010040160642570281,0.0031605857571792052,0.0099493451191701131,0.003845526388448782,0.01623479489669178,10,0,0,0,0.010040160642570281,10,0.0031589987192899537,0,0,0,0,0,0,0,0,0,0,0,0,0,0,0,0,0,0,0,0,0,0,0,0,0,0,0,0,0,0,0,0,0,0,0,0,-0.010040160642570281,0.0031605857571792052,0.0099493451191701131,-0.01623479489669178,-0.003845526388448782,-10,0,0,0,0.010040160642570281,10,0.0031589987192899537,0.010040160642570281,0.0031605857571792052,0.0099493451191701131,0.003845526388448782,0.01623479489669178,10,1,996,0,0.98995983935742971,986,0.0031589987192899558,0.010040160642570281,0.0031605857571792052,0.0099493451191701131,0.003845526388448782,0.01623479489669178,10,1,996,0,0.98995983935742971,986,0.0031589987192899558,DER: comparator-M1; FQ/FR/UI/EI/DecisionYield/CorrectDefinitiveYield: M1-comparator,,,,,,,,,,,,,,,,,,,,,,,,,,,,,,,,,,,,,,,,,,
CTGAN__LR_L2,CTGAN,LR_L2,R5_NULL,TARGET_B,0.050000000000000003,NOT_QUALIFIED,0.093139941857816697,0.093139941857816697,0.043139941857816694,intermediate,PAIRED_CONTRAST,M3_vs_M1,M3_vs_M1,,,,,,,,,,,,,,,,,,,,,,,,,,,,,,,,,,,,,,,,,,,,,,,,,996,1000,0,0,0,0,0,0,0,0,0,,,,0,0,0,0,0,0,0,0,0,,,,0,0,0,0,0,0,0,0,0,,,,0,0,0,0,0,0,0,0,0,,,,0,0,0,0,0,0,0,0,0,,,,0,0,0,0,0,0,1,996,0,,,,0,0,0,0,0,0,1,996,0,,,,DER: comparator-M1; FQ/FR/UI/EI/DecisionYield/CorrectDefinitiveYield: M1-comparator,0,0,0,0,0,0,0,0,0,0,0,0,0,0,0,1,996,0,1,996,0,,,,,,,,,,,,,,,,,,,,,
CTGAN__LR_L2,CTGAN,LR_L2,R5_NULL,TARGET_B,0.050000000000000003,NOT_QUALIFIED,0.093139941857816697,0.093139941857816697,0.043139941857816694,intermediate,PAIRED_CONTRAST,M2_vs_M1,M2_vs_M1,,,,,,,,,,,,,,,,,,,,,,,,,,,,,,,,,,,,,,,,,,,,,,,,,989,1000,1,0,0,1,1,989,0,0,0,,,,0,0,0,0,0,0,0,0,0,,,,0,0,0,0,0,0,0,0,0,,,,0,0,0,0,0,0,0,0,0,,,,-1,0,0,-1,-1,-989,0,0,0,,,,1,0,0,1,1,989,1,989,0,,,,1,0,0,1,1,989,1,989,0,,,,DER: comparator-M1; FQ/FR/UI/EI/DecisionYield/CorrectDefinitiveYield: M1-comparator,,,,,,,,,,,,,,,,,,,,,,1,989,0,0,0,0,0,0,0,0,0,0,1,989,0,0,0,0,0,0,0
CTGAN__LR_L2,CTGAN,LR_L2,R5_NULL,TARGET_B,0.10000000000000001,QUALIFIED,0.093139941857816697,0.093139941857816697,0.006860058142183309,near boundary,PAIRED_CONTRAST,M4_vs_M1,M4_vs_M1,,,,,,,,,,,,,,,,,,,,,,,,,,,,,,,,,,,,,,,,,,,,,,,,,996,1000,0.31224899598393574,0.019527282680226698,0.37978950979798759,0.27397622521475862,0.35052176675311286,311,0.41265060240963858,411,0.015599469752746996,0.72489959839357432,722,0.014149948934955787,0,0,0,0,0,0,0,0,0,0,0,0,0,0,0,0,0,0,0,0,0,0,0,0,0,0,0,0,0,0,0,0,0,0,0,0,-0.31224899598393574,0.019527282680226698,0.37978950979798759,-0.35052176675311286,-0.27397622521475862,-311,0.41265060240963858,411,0.015599469752746996,0.72489959839357432,722,0.014149948934955787,0.31224899598393574,0.019527282680226698,0.37978950979798759,0.27397622521475862,0.35052176675311286,311,0.58734939759036142,585,0.015599469752746996,0.27510040160642568,274,0.014149948934955787,0.31224899598393574,0.019527282680226698,0.37978950979798759,0.27397622521475862,0.35052176675311286,311,0.58734939759036142,585,0.015599469752746996,0.27510040160642568,274,0.014149948934955787,DER: comparator-M1; FQ/FR/UI/EI/DecisionYield/CorrectDefinitiveYield: M1-comparator,,,,,,,,,,,,,,,,,,,,,,,,,,,,,,,,,,,,,,,,,,
CTGAN__LR_L2,CTGAN,LR_L2,R5_NULL,TARGET_B,0.10000000000000001,QUALIFIED,0.093139941857816697,0.093139941857816697,0.006860058142183309,near boundary,PAIRED_CONTRAST,M3_vs_M1,M3_vs_M1,,,,,,,,,,,,,,,,,,,,,,,,,,,,,,,,,,,,,,,,,,,,,,,,,996,1000,0.19979919678714858,0.018986233004250914,0.35903513551693983,0.16258686389673108,0.23701152967756609,199,0.41265060240963858,411,0.015599469752746996,,,,0,0,0,0,0,0,0,0,0,,,,0,0,0,0,0,0,0,0,0,,,,0,0,0,0,0,0,0,0,0,,,,-0.19979919678714858,0.018986233004250914,0.35903513551693983,-0.23701152967756609,-0.16258686389673108,-199,0.41265060240963858,411,0.015599469752746996,,,,0.19979919678714858,0.018986233004250914,0.35903513551693983,0.16258686389673108,0.23701152967756609,199,0.58734939759036142,585,0.015599469752746996,,,,0.19979919678714858,0.018986233004250914,0.35903513551693983,0.16258686389673108,0.23701152967756609,199,0.58734939759036142,585,0.015599469752746996,,,,DER: comparator-M1; FQ/FR/UI/EI/DecisionYield/CorrectDefinitiveYield: M1-comparator,0.6124497991967871,610,0.015437236662163888,0,0,0,0,0,0,0,0,0,0.6124497991967871,610,0.015437236662163888,0.38755020080321284,386,0.015437236662163888,0.38755020080321284,386,0.015437236662163888,,,,,,,,,,,,,,,,,,,,,
CTGAN__LR_L2,CTGAN,LR_L2,R5_NULL,TARGET_B,0.10000000000000001,QUALIFIED,0.093139941857816697,0.093139941857816697,0.006860058142183309,near boundary,PAIRED_CONTRAST,M2_vs_M1,M2_vs_M1,,,,,,,,,,,,,,,,,,,,,,,,,,,,,,,,,,,,,,,,,,,,,,,,,989,1000,0.5884732052578362,0.015656112488431167,0.24241760580965588,0.55778778864260337,0.61915862187306903,582,0.4115267947421638,407,0.015648195364036919,,,,0,0,0,0,0,0,0,0,0,,,,0,0,0,0,0,0,0,0,0,,,,0,0,0,0,0,0,0,0,0,,,,-0.5884732052578362,0.015656112488431167,0.24241760580965588,-0.61915862187306903,-0.55778778864260337,-582,0.4115267947421638,407,0.015648195364036919,,,,0.5884732052578362,0.015656112488431167,0.24241760580965588,0.55778778864260337,0.61915862187306903,582,0.5884732052578362,582,0.015648195364036919,,,,0.5884732052578362,0.015656112488431167,0.24241760580965588,0.55778778864260337,0.61915862187306903,582,0.5884732052578362,582,0.015648195364036919,,,,DER: comparator-M1; FQ/FR/UI/EI/DecisionYield/CorrectDefinitiveYield: M1-comparator,,,,,,,,,,,,,,,,,,,,,,1,989,0,0,0,0,0,0,0,0,0,0,1,989,0,0,0,0,0,0,0
CTGAN__LR_L2,CTGAN,LR_L2,R5_NULL,TARGET_B,0.20000000000000001,QUALIFIED,0.093139941857816697,0.093139941857816697,0.10686005814218331,far from boundary,PAIRED_CONTRAST,M4_vs_M1,M4_vs_M1,,,,,,,,,,,,,,,,,,,,,,,,,,,,,,,,,,,,,,,,,,,,,,,,,996,1000,0,0,0,0,0,0,0,0,0,0,0,0,0,0,0,0,0,0,0,0,0,0,0,0,0,0,0,0,0,0,0,0,0,0,0,0,0,0,0,0,0,0,0,0,0,0,0,0,0,0,0,0,0,0,0,0,0,0,0,0,0,0,0,0,0,0,1,996,0,1,996,0,0,0,0,0,0,0,1,996,0,1,996,0,DER: comparator-M1; FQ/FR/UI/EI/DecisionYield/CorrectDefinitiveYield: M1-comparator,,,,,,,,,,,,,,,,,,,,,,,,,,,,,,,,,,,,,,,,,,
CTGAN__LR_L2,CTGAN,LR_L2,R5_NULL,TARGET_B,0.20000000000000001,QUALIFIED,0.093139941857816697,0.093139941857816697,0.10686005814218331,far from boundary,PAIRED_CONTRAST,M3_vs_M1,M3_vs_M1,,,,,,,,,,,,,,,,,,,,,,,,,,,,,,,,,,,,,,,,,,,,,,,,,996,1000,0,0,0,0,0,0,0,0,0,,,,0,0,0,0,0,0,0,0,0,,,,0,0,0,0,0,0,0,0,0,,,,0,0,0,0,0,0,0,0,0,,,,0,0,0,0,0,0,0,0,0,,,,0,0,0,0,0,0,1,996,0,,,,0,0,0,0,0,0,1,996,0,,,,DER: comparator-M1; FQ/FR/UI/EI/DecisionYield/CorrectDefinitiveYield: M1-comparator,0,0,0,0,0,0,0,0,0,0,0,0,0,0,0,1,996,0,1,996,0,,,,,,,,,,,,,,,,,,,,,
CTGAN__LR_L2,CTGAN,LR_L2,R5_NULL,TARGET_B,0.20000000000000001,QUALIFIED,0.093139941857816697,0.093139941857816697,0.10686005814218331,far from boundary,PAIRED_CONTRAST,M2_vs_M1,M2_vs_M1,,,,,,,,,,,,,,,,,,,,,,,,,,,,,,,,,,,,,,,,,,,,,,,,,989,1000,0,0,0,0,0,0,0,0,0,,,,0,0,0,0,0,0,0,0,0,,,,0,0,0,0,0,0,0,0,0,,,,0,0,0,0,0,0,0,0,0,,,,0,0,0,0,0,0,0,0,0,,,,0,0,0,0,0,0,1,989,0,,,,0,0,0,0,0,0,1,989,0,,,,DER: comparator-M1; FQ/FR/UI/EI/DecisionYield/CorrectDefinitiveYield: M1-comparator,,,,,,,,,,,,,,,,,,,,,,0,0,0,0,0,0,0,0,0,0,0,0,0,0,0,1,989,0,1,989,0
CTGAN__LR_L2,CTGAN,LR_L2,R5_NULL,TARGET_A,0.025000000000000001,NOT_QUALIFIED,0.093139941857816697,0.093139941857816697,0.068139941857816688,far from boundary,PAIRED_CONTRAST,M4_vs_M1,M4_vs_M1,,,,,,,,,,,,,,,,,,,,,,,,,,,,,,,,,,,,,,,,,,,,,,,,,996,1000,0,0,0,0,0,0,0,0,0,0,0,0,0,0,0,0,0,0,0,0,0,0,0,0,0,0,0,0,0,0,0,0,0,0,0,0,0,0,0,0,0,0,0,0,0,0,0,0,0,0,0,0,0,0,0,0,0,0,0,0,0,0,0,0,0,0,1,996,0,1,996,0,0,0,0,0,0,0,1,996,0,1,996,0,DER: comparator-M1; FQ/FR/UI/EI/DecisionYield/CorrectDefinitiveYield: M1-comparator,,,,,,,,,,,,,,,,,,,,,,,,,,,,,,,,,,,,,,,,,,
CTGAN__LR_L2,CTGAN,LR_L2,R5_NULL,TARGET_A,0.025000000000000001,NOT_QUALIFIED,0.093139941857816697,0.093139941857816697,0.068139941857816688,far from boundary,PAIRED_CONTRAST,M3_vs_M1,M3_vs_M1,,,,,,,,,,,,,,,,,,,,,,,,,,,,,,,,,,,,,,,,,,,,,,,,,996,1000,0,0,0,0,0,0,0,0,0,,,,0,0,0,0,0,0,0,0,0,,,,0,0,0,0,0,0,0,0,0,,,,0,0,0,0,0,0,0,0,0,,,,0,0,0,0,0,0,0,0,0,,,,0,0,0,0,0,0,1,996,0,,,,0,0,0,0,0,0,1,996,0,,,,DER: comparator-M1; FQ/FR/UI/EI/DecisionYield/CorrectDefinitiveYield: M1-comparator,0,0,0,0,0,0,0,0,0,0,0,0,0,0,0,1,996,0,1,996,0,,,,,,,,,,,,,,,,,,,,,
CTGAN__LR_L2,CTGAN,LR_L2,R5_NULL,TARGET_A,0.025000000000000001,NOT_QUALIFIED,0.093139941857816697,0.093139941857816697,0.068139941857816688,far from boundary,PAIRED_CONTRAST,M2_vs_M1,M2_vs_M1,,,,,,,,,,,,,,,,,,,,,,,,,,,,,,,,,,,,,,,,,,,,,,,,,989,1000,0.65722952477249752,0.015100167456903639,0.22550689159703988,0.6276337403964426,0.68682530914855244,650,0,0,0,,,,0,0,0,0,0,0,0,0,0,,,,0,0,0,0,0,0,0,0,0,,,,0,0,0,0,0,0,0,0,0,,,,-0.65722952477249752,0.015100167456903639,0.22550689159703988,-0.68682530914855244,-0.6276337403964426,-650,0,0,0,,,,0.65722952477249752,0.015100167456903639,0.22550689159703988,0.6276337403964426,0.68682530914855244,650,1,989,0,,,,0.65722952477249752,0.015100167456903639,0.22550689159703988,0.6276337403964426,0.68682530914855244,650,1,989,0,,,,DER: comparator-M1; FQ/FR/UI/EI/DecisionYield/CorrectDefinitiveYield: M1-comparator,,,,,,,,,,,,,,,,,,,,,,0.65722952477249752,650,0.015092531467815182,0,0,0,0,0,0,0,0,0,0.65722952477249752,650,0.015092531467815182,0.34277047522750254,339,0.015092531467815183,0.34277047522750254,339,0.015092531467815183
CTGAN__LR_L2,CTGAN,LR_L2,R5_NULL,TARGET_A,0.050000000000000003,NOT_QUALIFIED,0.093139941857816697,0.093139941857816697,0.043139941857816694,intermediate,PAIRED_CONTRAST,M4_vs_M1,M4_vs_M1,,,,,,,,,,,,,,,,,,,,,,,,,,,,,,,,,,,,,,,,,,,,,,,,,996,1000,0.010040160642570281,0.0031605857571792052,0.0099493451191701131,0.003845526388448782,0.01623479489669178,10,0,0,0,0.010040160642570281,10,0.0031589987192899537,0,0,0,0,0,0,0,0,0,0,0,0,0,0,0,0,0,0,0,0,0,0,0,0,0,0,0,0,0,0,0,0,0,0,0,0,-0.010040160642570281,0.0031605857571792052,0.0099493451191701131,-0.01623479489669178,-0.003845526388448782,-10,0,0,0,0.010040160642570281,10,0.0031589987192899537,0.010040160642570281,0.0031605857571792052,0.0099493451191701131,0.003845526388448782,0.01623479489669178,10,1,996,0,0.98995983935742971,986,0.0031589987192899558,0.010040160642570281,0.0031605857571792052,0.0099493451191701131,0.003845526388448782,0.01623479489669178,10,1,996,0,0.98995983935742971,986,0.0031589987192899558,DER: comparator-M1; FQ/FR/UI/EI/DecisionYield/CorrectDefinitiveYield: M1-comparator,,,,,,,,,,,,,,,,,,,,,,,,,,,,,,,,,,,,,,,,,,
CTGAN__LR_L2,CTGAN,LR_L2,R5_NULL,TARGET_A,0.050000000000000003,NOT_QUALIFIED,0.093139941857816697,0.093139941857816697,0.043139941857816694,intermediate,PAIRED_CONTRAST,M3_vs_M1,M3_vs_M1,,,,,,,,,,,,,,,,,,,,,,,,,,,,,,,,,,,,,,,,,,,,,,,,,996,1000,0,0,0,0,0,0,0,0,0,,,,0,0,0,0,0,0,0,0,0,,,,0,0,0,0,0,0,0,0,0,,,,0,0,0,0,0,0,0,0,0,,,,0,0,0,0,0,0,0,0,0,,,,0,0,0,0,0,0,1,996,0,,,,0,0,0,0,0,0,1,996,0,,,,DER: comparator-M1; FQ/FR/UI/EI/DecisionYield/CorrectDefinitiveYield: M1-comparator,0,0,0,0,0,0,0,0,0,0,0,0,0,0,0,1,996,0,1,996,0,,,,,,,,,,,,,,,,,,,,,
CTGAN__LR_L2,CTGAN,LR_L2,R5_NULL,TARGET_A,0.050000000000000003,NOT_QUALIFIED,0.093139941857816697,0.093139941857816697,0.043139941857816694,intermediate,PAIRED_CONTRAST,M2_vs_M1,M2_vs_M1,,,,,,,,,,,,,,,,,,,,,,,,,,,,,,,,,,,,,,,,,,,,,,,,,989,1000,1,0,0,1,1,989,0,0,0,,,,0,0,0,0,0,0,0,0,0,,,,0,0,0,0,0,0,0,0,0,,,,0,0,0,0,0,0,0,0,0,,,,-1,0,0,-1,-1,-989,0,0,0,,,,1,0,0,1,1,989,1,989,0,,,,1,0,0,1,1,989,1,989,0,,,,DER: comparator-M1; FQ/FR/UI/EI/DecisionYield/CorrectDefinitiveYield: M1-comparator,,,,,,,,,,,,,,,,,,,,,,1,989,0,0,0,0,0,0,0,0,0,0,1,989,0,0,0,0,0,0,0
CTGAN__LR_L2,CTGAN,LR_L2,R5_NULL,TARGET_A,0.10000000000000001,QUALIFIED,0.093139941857816697,0.093139941857816697,0.006860058142183309,near boundary,PAIRED_CONTRAST,M4_vs_M1,M4_vs_M1,,,,,,,,,,,,,,,,,,,,,,,,,,,,,,,,,,,,,,,,,,,,,,,,,996,1000,0.32028112449799195,0.019603090729709748,0.38274404149260327,0.28185977268208984,0.35870247631389407,319,0.40461847389558231,403,0.015552165246466677,0.72489959839357432,722,0.014149948934955787,0,0,0,0,0,0,0,0,0,0,0,0,0,0,0,0,0,0,0,0,0,0,0,0,0,0,0,0,0,0,0,0,0,0,0,0,-0.32028112449799195,0.019603090729709748,0.38274404149260327,-0.35870247631389407,-0.28185977268208984,-319,0.40461847389558231,403,0.015552165246466677,0.72489959839357432,722,0.014149948934955787,0.32028112449799195,0.019603090729709748,0.38274404149260327,0.28185977268208984,0.35870247631389407,319,0.59538152610441764,593,0.015552165246466677,0.27510040160642568,274,0.014149948934955787,0.32028112449799195,0.019603090729709748,0.38274404149260327,0.28185977268208984,0.35870247631389407,319,0.59538152610441764,593,0.015552165246466677,0.27510040160642568,274,0.014149948934955787,DER: comparator-M1; FQ/FR/UI/EI/DecisionYield/CorrectDefinitiveYield: M1-comparator,,,,,,,,,,,,,,,,,,,,,,,,,,,,,,,,,,,,,,,,,,
CTGAN__LR_L2,CTGAN,LR_L2,R5_NULL,TARGET_A,0.10000000000000001,QUALIFIED,0.093139941857816697,0.093139941857816697,0.006860058142183309,near boundary,PAIRED_CONTRAST,M3_vs_M1,M3_vs_M1,,,,,,,,,,,,,,,,,,,,,,,,,,,,,,,,,,,,,,,,,,,,,,,,,996,1000,0.20783132530120482,0.018952693020405562,0.35776775443482683,0.17068472957116626,0.24497792103124338,207,0.40461847389558231,403,0.015552165246466677,,,,0,0,0,0,0,0,0,0,0,,,,0,0,0,0,0,0,0,0,0,,,,0,0,0,0,0,0,0,0,0,,,,-0.20783132530120482,0.018952693020405562,0.35776775443482683,-0.24497792103124338,-0.17068472957116626,-207,0.40461847389558231,403,0.015552165246466677,,,,0.20783132530120482,0.018952693020405562,0.35776775443482683,0.17068472957116626,0.24497792103124338,207,0.59538152610441764,593,0.015552165246466677,,,,0.20783132530120482,0.018952693020405562,0.35776775443482683,0.17068472957116626,0.24497792103124338,207,0.59538152610441764,593,0.015552165246466677,,,,DER: comparator-M1; FQ/FR/UI/EI/DecisionYield/CorrectDefinitiveYield: M1-comparator,0.6124497991967871,610,0.015437236662163888,0,0,0,0,0,0,0,0,0,0.6124497991967871,610,0.015437236662163888,0.38755020080321284,386,0.015437236662163888,0.38755020080321284,386,0.015437236662163888,,,,,,,,,,,,,,,,,,,,,
CTGAN__LR_L2,CTGAN,LR_L2,R5_NULL,TARGET_A,0.10000000000000001,QUALIFIED,0.093139941857816697,0.093139941857816697,0.006860058142183309,near boundary,PAIRED_CONTRAST,M2_vs_M1,M2_vs_M1,,,,,,,,,,,,,,,,,,,,,,,,,,,,,,,,,,,,,,,,,,,,,,,,,989,1000,0.59656218402426697,0.015607656191691438,0.24091934354826558,0.56597174000546813,0.62715262804306582,590,0.40343781597573308,399,0.015599763571114953,,,,0,0,0,0,0,0,0,0,0,,,,0,0,0,0,0,0,0,0,0,,,,0,0,0,0,0,0,0,0,0,,,,-0.59656218402426697,0.015607656191691438,0.24091934354826558,-0.62715262804306582,-0.56597174000546813,-590,0.40343781597573308,399,0.015599763571114953,,,,0.59656218402426697,0.015607656191691438,0.24091934354826558,0.56597174000546813,0.62715262804306582,590,0.59656218402426697,590,0.015599763571114953,,,,0.59656218402426697,0.015607656191691438,0.24091934354826558,0.56597174000546813,0.62715262804306582,590,0.59656218402426697,590,0.015599763571114953,,,,DER: comparator-M1; FQ/FR/UI/EI/DecisionYield/CorrectDefinitiveYield: M1-comparator,,,,,,,,,,,,,,,,,,,,,,1,989,0,0,0,0,0,0,0,0,0,0,1,989,0,0,0,0,0,0,0
CTGAN__LR_L2,CTGAN,LR_L2,R5_NULL,TARGET_A,0.20000000000000001,QUALIFIED,0.093139941857816697,0.093139941857816697,0.10686005814218331,far from boundary,PAIRED_CONTRAST,M4_vs_M1,M4_vs_M1,,,,,,,,,,,,,,,,,,,,,,,,,,,,,,,,,,,,,,,,,,,,,,,,,996,1000,0,0,0,0,0,0,0,0,0,0,0,0,0,0,0,0,0,0,0,0,0,0,0,0,0,0,0,0,0,0,0,0,0,0,0,0,0,0,0,0,0,0,0,0,0,0,0,0,0,0,0,0,0,0,0,0,0,0,0,0,0,0,0,0,0,0,1,996,0,1,996,0,0,0,0,0,0,0,1,996,0,1,996,0,DER: comparator-M1; FQ/FR/UI/EI/DecisionYield/CorrectDefinitiveYield: M1-comparator,,,,,,,,,,,,,,,,,,,,,,,,,,,,,,,,,,,,,,,,,,
CTGAN__LR_L2,CTGAN,LR_L2,R5_NULL,TARGET_A,0.20000000000000001,QUALIFIED,0.093139941857816697,0.093139941857816697,0.10686005814218331,far from boundary,PAIRED_CONTRAST,M3_vs_M1,M3_vs_M1,,,,,,,,,,,,,,,,,,,,,,,,,,,,,,,,,,,,,,,,,,,,,,,,,996,1000,0,0,0,0,0,0,0,0,0,,,,0,0,0,0,0,0,0,0,0,,,,0,0,0,0,0,0,0,0,0,,,,0,0,0,0,0,0,0,0,0,,,,0,0,0,0,0,0,0,0,0,,,,0,0,0,0,0,0,1,996,0,,,,0,0,0,0,0,0,1,996,0,,,,DER: comparator-M1; FQ/FR/UI/EI/DecisionYield/CorrectDefinitiveYield: M1-comparator,0,0,0,0,0,0,0,0,0,0,0,0,0,0,0,1,996,0,1,996,0,,,,,,,,,,,,,,,,,,,,,
CTGAN__LR_L2,CTGAN,LR_L2,R5_NULL,TARGET_A,0.20000000000000001,QUALIFIED,0.093139941857816697,0.093139941857816697,0.10686005814218331,far from boundary,PAIRED_CONTRAST,M2_vs_M1,M2_vs_M1,,,,,,,,,,,,,,,,,,,,,,,,,,,,,,,,,,,,,,,,,,,,,,,,,989,1000,0,0,0,0,0,0,0,0,0,,,,0,0,0,0,0,0,0,0,0,,,,0,0,0,0,0,0,0,0,0,,,,0,0,0,0,0,0,0,0,0,,,,0,0,0,0,0,0,0,0,0,,,,0,0,0,0,0,0,1,989,0,,,,0,0,0,0,0,0,1,989,0,,,,DER: comparator-M1; FQ/FR/UI/EI/DecisionYield/CorrectDefinitiveYield: M1-comparator,,,,,,,,,,,,,,,,,,,,,,0,0,0,0,0,0,0,0,0,0,0,0,0,0,0,1,989,0,1,989,0
CTGAN__XGBoost,CTGAN,XGBoost,R5_NULL,TARGET_B,0.025000000000000001,NOT_QUALIFIED,0.092996518941769205,0.092996518941769205,0.067996518941769196,far from boundary,PAIRED_CONTRAST,M4_vs_M1,M4_vs_M1,,,,,,,,,,,,,,,,,,,,,,,,,,,,,,,,,,,,,,,,,,,,,,,,,996,1000,0,0,0,0,0,0,0,0,0,0,0,0,0,0,0,0,0,0,0,0,0,0,0,0,0,0,0,0,0,0,0,0,0,0,0,0,0,0,0,0,0,0,0,0,0,0,0,0,0,0,0,0,0,0,0,0,0,0,0,0,0,0,0,0,0,0,1,996,0,1,996,0,0,0,0,0,0,0,1,996,0,1,996,0,DER: comparator-M1; FQ/FR/UI/EI/DecisionYield/CorrectDefinitiveYield: M1-comparator,,,,,,,,,,,,,,,,,,,,,,,,,,,,,,,,,,,,,,,,,,
CTGAN__XGBoost,CTGAN,XGBoost,R5_NULL,TARGET_B,0.025000000000000001,NOT_QUALIFIED,0.092996518941769205,0.092996518941769205,0.067996518941769196,far from boundary,PAIRED_CONTRAST,M3_vs_M1,M3_vs_M1,,,,,,,,,,,,,,,,,,,,,,,,,,,,,,,,,,,,,,,,,,,,,,,,,996,1000,0,0,0,0,0,0,0,0,0,,,,0,0,0,0,0,0,0,0,0,,,,0,0,0,0,0,0,0,0,0,,,,0,0,0,0,0,0,0,0,0,,,,0,0,0,0,0,0,0,0,0,,,,0,0,0,0,0,0,1,996,0,,,,0,0,0,0,0,0,1,996,0,,,,DER: comparator-M1; FQ/FR/UI/EI/DecisionYield/CorrectDefinitiveYield: M1-comparator,0,0,0,0,0,0,0,0,0,0,0,0,0,0,0,1,996,0,1,996,0,,,,,,,,,,,,,,,,,,,,,
CTGAN__XGBoost,CTGAN,XGBoost,R5_NULL,TARGET_B,0.025000000000000001,NOT_QUALIFIED,0.092996518941769205,0.092996518941769205,0.067996518941769196,far from boundary,PAIRED_CONTRAST,M2_vs_M1,M2_vs_M1,,,,,,,,,,,,,,,,,,,,,,,,,,,,,,,,,,,,,,,,,,,,,,,,,990,1000,0.0010101010101010101,0.0010101010101010058,0.0010101010101010012,-0.0009696605904444904,0.0029898626106465106,1,0,0,0,,,,0,0,0,0,0,0,0,0,0,,,,0,0,0,0,0,0,0,0,0,,,,0,0,0,0,0,0,0,0,0,,,,-0.0010101010101010101,0.0010101010101010058,0.0010101010101010012,-0.0029898626106465106,0.0009696605904444904,-1,0,0,0,,,,0.0010101010101010101,0.0010101010101010058,0.0010101010101010012,-0.0009696605904444904,0.0029898626106465106,1,1,990,0,,,,0.0010101010101010101,0.0010101010101010058,0.0010101010101010012,-0.0009696605904444904,0.0029898626106465106,1,1,990,0,,,,DER: comparator-M1; FQ/FR/UI/EI/DecisionYield/CorrectDefinitiveYield: M1-comparator,,,,,,,,,,,,,,,,,,,,,,0.0010101010101010101,1,0.0010095907291843326,0,0,0,0,0,0,0,0,0,0.0010101010101010101,1,0.0010095907291843326,0.99898989898989898,989,0.0010095907291843358,0.99898989898989898,989,0.0010095907291843358
CTGAN__XGBoost,CTGAN,XGBoost,R5_NULL,TARGET_B,0.050000000000000003,NOT_QUALIFIED,0.092996518941769205,0.092996518941769205,0.042996518941769202,intermediate,PAIRED_CONTRAST,M4_vs_M1,M4_vs_M1,,,,,,,,,,,,,,,,,,,,,,,,,,,,,,,,,,,,,,,,,,,,,,,,,996,1000,0.001004016064257028,0.0010040160642570291,0.00100401606425703,-0.00096381926158640172,0.0029718513901004578,1,0,0,0,0.001004016064257028,1,0.0010035119135527544,0,0,0,0,0,0,0,0,0,0,0,0,0,0,0,0,0,0,0,0,0,0,0,0,0,0,0,0,0,0,0,0,0,0,0,0,-0.001004016064257028,0.0010040160642570291,0.00100401606425703,-0.0029718513901004578,0.00096381926158640172,-1,0,0,0,0.001004016064257028,1,0.0010035119135527544,0.001004016064257028,0.0010040160642570291,0.00100401606425703,-0.00096381926158640172,0.0029718513901004578,1,1,996,0,0.99899598393574296,995,0.0010035119135527609,0.001004016064257028,0.0010040160642570291,0.00100401606425703,-0.00096381926158640172,0.0029718513901004578,1,1,996,0,0.99899598393574296,995,0.0010035119135527609,DER: comparator-M1; FQ/FR/UI/EI/DecisionYield/CorrectDefinitiveYield: M1-comparator,,,,,,,,,,,,,,,,,,,,,,,,,,,,,,,,,,,,,,,,,,
CTGAN__XGBoost,CTGAN,XGBoost,R5_NULL,TARGET_B,0.050000000000000003,NOT_QUALIFIED,0.092996518941769205,0.092996518941769205,0.042996518941769202,intermediate,PAIRED_CONTRAST,M3_vs_M1,M3_vs_M1,,,,,,,,,,,,,,,,,,,,,,,,,,,,,,,,,,,,,,,,,,,,,,,,,996,1000,0,0,0,0,0,0,0,0,0,,,,0,0,0,0,0,0,0,0,0,,,,0,0,0,0,0,0,0,0,0,,,,0,0,0,0,0,0,0,0,0,,,,0,0,0,0,0,0,0,0,0,,,,0,0,0,0,0,0,1,996,0,,,,0,0,0,0,0,0,1,996,0,,,,DER: comparator-M1; FQ/FR/UI/EI/DecisionYield/CorrectDefinitiveYield: M1-comparator,0,0,0,0,0,0,0,0,0,0,0,0,0,0,0,1,996,0,1,996,0,,,,,,,,,,,,,,,,,,,,,
CTGAN__XGBoost,CTGAN,XGBoost,R5_NULL,TARGET_B,0.050000000000000003,NOT_QUALIFIED,0.092996518941769205,0.092996518941769205,0.042996518941769202,intermediate,PAIRED_CONTRAST,M2_vs_M1,M2_vs_M1,,,,,,,,,,,,,,,,,,,,,,,,,,,,,,,,,,,,,,,,,,,,,,,,,990,1000,0.9494949494949495,0.0069633077326009757,0.048002778033111537,0.93584711712578228,0.96314278186411673,940,0,0,0,,,,0,0,0,0,0,0,0,0,0,,,,0,0,0,0,0,0,0,0,0,,,,0,0,0,0,0,0,0,0,0,,,,-0.9494949494949495,0.0069633077326009757,0.048002778033111537,-0.96314278186411673,-0.93584711712578228,-940,0,0,0,,,,0.9494949494949495,0.0069633077326009757,0.048002778033111537,0.93584711712578228,0.96314278186411673,940,1,990,0,,,,0.9494949494949495,0.0069633077326009757,0.048002778033111537,0.93584711712578228,0.96314278186411673,940,1,990,0,,,,DER: comparator-M1; FQ/FR/UI/EI/DecisionYield/CorrectDefinitiveYield: M1-comparator,,,,,,,,,,,,,,,,,,,,,,0.9494949494949495,940,0.0069597900219786181,0,0,0,0,0,0,0,0,0,0.9494949494949495,940,0.0069597900219786181,0.050505050505050504,50,0.0069597900219786181,0.050505050505050504,50,0.0069597900219786181
CTGAN__XGBoost,CTGAN,XGBoost,R5_NULL,TARGET_B,0.10000000000000001,QUALIFIED,0.092996518941769205,0.092996518941769205,0.007003481058230801,near boundary,PAIRED_CONTRAST,M4_vs_M1,M4_vs_M1,,,,,,,,,,,,,,,,,,,,,,,,,,,,,,,,,,,,,,,,,,,,,,,,,996,1000,0.25602409638554219,0.019779460926707525,0.3896621662529452,0.2172570653355782,0.29479112743550617,255,0.33333333333333331,332,0.014937023831607362,0.5893574297188755,587,0.015588046655954977,0,0,0,0,0,0,0,0,0,0,0,0,0,0,0,0,0,0,0,0,0,0,0,0,0,0,0,0,0,0,0,0,0,0,0,0,-0.25602409638554219,0.019779460926707525,0.3896621662529452,-0.29479112743550617,-0.2172570653355782,-255,0.33333333333333331,332,0.014937023831607362,0.5893574297188755,587,0.015588046655954977,0.25602409638554219,0.019779460926707525,0.3896621662529452,0.2172570653355782,0.29479112743550617,255,0.66666666666666663,664,0.014937023831607362,0.4106425702811245,409,0.015588046655954977,0.25602409638554219,0.019779460926707525,0.3896621662529452,0.2172570653355782,0.29479112743550617,255,0.66666666666666663,664,0.014937023831607362,0.4106425702811245,409,0.015588046655954977,DER: comparator-M1; FQ/FR/UI/EI/DecisionYield/CorrectDefinitiveYield: M1-comparator,,,,,,,,,,,,,,,,,,,,,,,,,,,,,,,,,,,,,,,,,,
CTGAN__XGBoost,CTGAN,XGBoost,R5_NULL,TARGET_B,0.10000000000000001,QUALIFIED,0.092996518941769205,0.092996518941769205,0.007003481058230801,near boundary,PAIRED_CONTRAST,M3_vs_M1,M3_vs_M1,,,,,,,,,,,,,,,,,,,,,,,,,,,,,,,,,,,,,,,,,,,,,,,,,996,1000,0.11947791164658635,0.018047353744220736,0.32440414926036204,0.084105748291659607,0.1548500750015131,119,0.33333333333333331,332,0.014937023831607362,,,,0,0,0,0,0,0,0,0,0,,,,0,0,0,0,0,0,0,0,0,,,,0,0,0,0,0,0,0,0,0,,,,-0.11947791164658635,0.018047353744220736,0.32440414926036204,-0.1548500750015131,-0.084105748291659607,-119,0.33333333333333331,332,0.014937023831607362,,,,0.11947791164658635,0.018047353744220736,0.32440414926036204,0.084105748291659607,0.1548500750015131,119,0.66666666666666663,664,0.014937023831607362,,,,0.11947791164658635,0.018047353744220736,0.32440414926036204,0.084105748291659607,0.1548500750015131,119,0.66666666666666663,664,0.014937023831607362,,,,DER: comparator-M1; FQ/FR/UI/EI/DecisionYield/CorrectDefinitiveYield: M1-comparator,0.4528112449799197,451,0.015772390262035956,0,0,0,0,0,0,0,0,0,0.4528112449799197,451,0.015772390262035956,0.54718875502008035,545,0.01577239026203596,0.54718875502008035,545,0.01577239026203596,,,,,,,,,,,,,,,,,,,,,
CTGAN__XGBoost,CTGAN,XGBoost,R5_NULL,TARGET_B,0.10000000000000001,QUALIFIED,0.092996518941769205,0.092996518941769205,0.007003481058230801,near boundary,PAIRED_CONTRAST,M2_vs_M1,M2_vs_M1,,,,,,,,,,,,,,,,,,,,,,,,,,,,,,,,,,,,,,,,,,,,,,,,,990,1000,0.66565656565656561,0.015001108899182311,0.22278293552307549,0.63625493248600495,0.69505819882712627,659,0.33434343434343433,331,0.014993530667378114,,,,0,0,0,0,0,0,0,0,0,,,,0,0,0,0,0,0,0,0,0,,,,0,0,0,0,0,0,0,0,0,,,,-0.66565656565656561,0.015001108899182311,0.22278293552307549,-0.69505819882712627,-0.63625493248600495,-659,0.33434343434343433,331,0.014993530667378114,,,,0.66565656565656561,0.015001108899182311,0.22278293552307549,0.63625493248600495,0.69505819882712627,659,0.66565656565656561,659,0.014993530667378116,,,,0.66565656565656561,0.015001108899182311,0.22278293552307549,0.63625493248600495,0.69505819882712627,659,0.66565656565656561,659,0.014993530667378116,,,,DER: comparator-M1; FQ/FR/UI/EI/DecisionYield/CorrectDefinitiveYield: M1-comparator,,,,,,,,,,,,,,,,,,,,,,1,990,0,0,0,0,0,0,0,0,0,0,1,990,0,0,0,0,0,0,0
CTGAN__XGBoost,CTGAN,XGBoost,R5_NULL,TARGET_B,0.20000000000000001,QUALIFIED,0.092996518941769205,0.092996518941769205,0.10700348105823081,far from boundary,PAIRED_CONTRAST,M4_vs_M1,M4_vs_M1,,,,,,,,,,,,,,,,,,,,,,,,,,,,,,,,,,,,,,,,,,,,,,,,,996,1000,0,0,0,0,0,0,0,0,0,0,0,0,0,0,0,0,0,0,0,0,0,0,0,0,0,0,0,0,0,0,0,0,0,0,0,0,0,0,0,0,0,0,0,0,0,0,0,0,0,0,0,0,0,0,0,0,0,0,0,0,0,0,0,0,0,0,1,996,0,1,996,0,0,0,0,0,0,0,1,996,0,1,996,0,DER: comparator-M1; FQ/FR/UI/EI/DecisionYield/CorrectDefinitiveYield: M1-comparator,,,,,,,,,,,,,,,,,,,,,,,,,,,,,,,,,,,,,,,,,,
CTGAN__XGBoost,CTGAN,XGBoost,R5_NULL,TARGET_B,0.20000000000000001,QUALIFIED,0.092996518941769205,0.092996518941769205,0.10700348105823081,far from boundary,PAIRED_CONTRAST,M3_vs_M1,M3_vs_M1,,,,,,,,,,,,,,,,,,,,,,,,,,,,,,,,,,,,,,,,,,,,,,,,,996,1000,0,0,0,0,0,0,0,0,0,,,,0,0,0,0,0,0,0,0,0,,,,0,0,0,0,0,0,0,0,0,,,,0,0,0,0,0,0,0,0,0,,,,0,0,0,0,0,0,0,0,0,,,,0,0,0,0,0,0,1,996,0,,,,0,0,0,0,0,0,1,996,0,,,,DER: comparator-M1; FQ/FR/UI/EI/DecisionYield/CorrectDefinitiveYield: M1-comparator,0,0,0,0,0,0,0,0,0,0,0,0,0,0,0,1,996,0,1,996,0,,,,,,,,,,,,,,,,,,,,,
CTGAN__XGBoost,CTGAN,XGBoost,R5_NULL,TARGET_B,0.20000000000000001,QUALIFIED,0.092996518941769205,0.092996518941769205,0.10700348105823081,far from boundary,PAIRED_CONTRAST,M2_vs_M1,M2_vs_M1,,,,,,,,,,,,,,,,,,,,,,,,,,,,,,,,,,,,,,,,,,,,,,,,,990,1000,0,0,0,0,0,0,0,0,0,,,,0,0,0,0,0,0,0,0,0,,,,0,0,0,0,0,0,0,0,0,,,,0,0,0,0,0,0,0,0,0,,,,0,0,0,0,0,0,0,0,0,,,,0,0,0,0,0,0,1,990,0,,,,0,0,0,0,0,0,1,990,0,,,,DER: comparator-M1; FQ/FR/UI/EI/DecisionYield/CorrectDefinitiveYield: M1-comparator,,,,,,,,,,,,,,,,,,,,,,0,0,0,0,0,0,0,0,0,0,0,0,0,0,0,1,990,0,1,990,0
CTGAN__XGBoost,CTGAN,XGBoost,R5_NULL,TARGET_A,0.025000000000000001,NOT_QUALIFIED,0.092996518941769205,0.092996518941769205,0.067996518941769196,far from boundary,PAIRED_CONTRAST,M4_vs_M1,M4_vs_M1,,,,,,,,,,,,,,,,,,,,,,,,,,,,,,,,,,,,,,,,,,,,,,,,,996,1000,0,0,0,0,0,0,0,0,0,0,0,0,0,0,0,0,0,0,0,0,0,0,0,0,0,0,0,0,0,0,0,0,0,0,0,0,0,0,0,0,0,0,0,0,0,0,0,0,0,0,0,0,0,0,0,0,0,0,0,0,0,0,0,0,0,0,1,996,0,1,996,0,0,0,0,0,0,0,1,996,0,1,996,0,DER: comparator-M1; FQ/FR/UI/EI/DecisionYield/CorrectDefinitiveYield: M1-comparator,,,,,,,,,,,,,,,,,,,,,,,,,,,,,,,,,,,,,,,,,,
CTGAN__XGBoost,CTGAN,XGBoost,R5_NULL,TARGET_A,0.025000000000000001,NOT_QUALIFIED,0.092996518941769205,0.092996518941769205,0.067996518941769196,far from boundary,PAIRED_CONTRAST,M3_vs_M1,M3_vs_M1,,,,,,,,,,,,,,,,,,,,,,,,,,,,,,,,,,,,,,,,,,,,,,,,,996,1000,0,0,0,0,0,0,0,0,0,,,,0,0,0,0,0,0,0,0,0,,,,0,0,0,0,0,0,0,0,0,,,,0,0,0,0,0,0,0,0,0,,,,0,0,0,0,0,0,0,0,0,,,,0,0,0,0,0,0,1,996,0,,,,0,0,0,0,0,0,1,996,0,,,,DER: comparator-M1; FQ/FR/UI/EI/DecisionYield/CorrectDefinitiveYield: M1-comparator,0,0,0,0,0,0,0,0,0,0,0,0,0,0,0,1,996,0,1,996,0,,,,,,,,,,,,,,,,,,,,,
CTGAN__XGBoost,CTGAN,XGBoost,R5_NULL,TARGET_A,0.025000000000000001,NOT_QUALIFIED,0.092996518941769205,0.092996518941769205,0.067996518941769196,far from boundary,PAIRED_CONTRAST,M2_vs_M1,M2_vs_M1,,,,,,,,,,,,,,,,,,,,,,,,,,,,,,,,,,,,,,,,,,,,,,,,,990,1000,0.0010101010101010101,0.0010101010101010058,0.0010101010101010012,-0.0009696605904444904,0.0029898626106465106,1,0,0,0,,,,0,0,0,0,0,0,0,0,0,,,,0,0,0,0,0,0,0,0,0,,,,0,0,0,0,0,0,0,0,0,,,,-0.0010101010101010101,0.0010101010101010058,0.0010101010101010012,-0.0029898626106465106,0.0009696605904444904,-1,0,0,0,,,,0.0010101010101010101,0.0010101010101010058,0.0010101010101010012,-0.0009696605904444904,0.0029898626106465106,1,1,990,0,,,,0.0010101010101010101,0.0010101010101010058,0.0010101010101010012,-0.0009696605904444904,0.0029898626106465106,1,1,990,0,,,,DER: comparator-M1; FQ/FR/UI/EI/DecisionYield/CorrectDefinitiveYield: M1-comparator,,,,,,,,,,,,,,,,,,,,,,0.0010101010101010101,1,0.0010095907291843326,0,0,0,0,0,0,0,0,0,0.0010101010101010101,1,0.0010095907291843326,0.99898989898989898,989,0.0010095907291843358,0.99898989898989898,989,0.0010095907291843358
CTGAN__XGBoost,CTGAN,XGBoost,R5_NULL,TARGET_A,0.050000000000000003,NOT_QUALIFIED,0.092996518941769205,0.092996518941769205,0.042996518941769202,intermediate,PAIRED_CONTRAST,M4_vs_M1,M4_vs_M1,,,,,,,,,,,,,,,,,,,,,,,,,,,,,,,,,,,,,,,,,,,,,,,,,996,1000,0.001004016064257028,0.0010040160642570291,0.00100401606425703,-0.00096381926158640172,0.0029718513901004578,1,0,0,0,0.001004016064257028,1,0.0010035119135527544,0,0,0,0,0,0,0,0,0,0,0,0,0,0,0,0,0,0,0,0,0,0,0,0,0,0,0,0,0,0,0,0,0,0,0,0,-0.001004016064257028,0.0010040160642570291,0.00100401606425703,-0.0029718513901004578,0.00096381926158640172,-1,0,0,0,0.001004016064257028,1,0.0010035119135527544,0.001004016064257028,0.0010040160642570291,0.00100401606425703,-0.00096381926158640172,0.0029718513901004578,1,1,996,0,0.99899598393574296,995,0.0010035119135527609,0.001004016064257028,0.0010040160642570291,0.00100401606425703,-0.00096381926158640172,0.0029718513901004578,1,1,996,0,0.99899598393574296,995,0.0010035119135527609,DER: comparator-M1; FQ/FR/UI/EI/DecisionYield/CorrectDefinitiveYield: M1-comparator,,,,,,,,,,,,,,,,,,,,,,,,,,,,,,,,,,,,,,,,,,
CTGAN__XGBoost,CTGAN,XGBoost,R5_NULL,TARGET_A,0.050000000000000003,NOT_QUALIFIED,0.092996518941769205,0.092996518941769205,0.042996518941769202,intermediate,PAIRED_CONTRAST,M3_vs_M1,M3_vs_M1,,,,,,,,,,,,,,,,,,,,,,,,,,,,,,,,,,,,,,,,,,,,,,,,,996,1000,0,0,0,0,0,0,0,0,0,,,,0,0,0,0,0,0,0,0,0,,,,0,0,0,0,0,0,0,0,0,,,,0,0,0,0,0,0,0,0,0,,,,0,0,0,0,0,0,0,0,0,,,,0,0,0,0,0,0,1,996,0,,,,0,0,0,0,0,0,1,996,0,,,,DER: comparator-M1; FQ/FR/UI/EI/DecisionYield/CorrectDefinitiveYield: M1-comparator,0,0,0,0,0,0,0,0,0,0,0,0,0,0,0,1,996,0,1,996,0,,,,,,,,,,,,,,,,,,,,,
CTGAN__XGBoost,CTGAN,XGBoost,R5_NULL,TARGET_A,0.050000000000000003,NOT_QUALIFIED,0.092996518941769205,0.092996518941769205,0.042996518941769202,intermediate,PAIRED_CONTRAST,M2_vs_M1,M2_vs_M1,,,,,,,,,,,,,,,,,,,,,,,,,,,,,,,,,,,,,,,,,,,,,,,,,990,1000,0.9494949494949495,0.0069633077326009757,0.048002778033111537,0.93584711712578228,0.96314278186411673,940,0,0,0,,,,0,0,0,0,0,0,0,0,0,,,,0,0,0,0,0,0,0,0,0,,,,0,0,0,0,0,0,0,0,0,,,,-0.9494949494949495,0.0069633077326009757,0.048002778033111537,-0.96314278186411673,-0.93584711712578228,-940,0,0,0,,,,0.9494949494949495,0.0069633077326009757,0.048002778033111537,0.93584711712578228,0.96314278186411673,940,1,990,0,,,,0.9494949494949495,0.0069633077326009757,0.048002778033111537,0.93584711712578228,0.96314278186411673,940,1,990,0,,,,DER: comparator-M1; FQ/FR/UI/EI/DecisionYield/CorrectDefinitiveYield: M1-comparator,,,,,,,,,,,,,,,,,,,,,,0.9494949494949495,940,0.0069597900219786181,0,0,0,0,0,0,0,0,0,0.9494949494949495,940,0.0069597900219786181,0.050505050505050504,50,0.0069597900219786181,0.050505050505050504,50,0.0069597900219786181
CTGAN__XGBoost,CTGAN,XGBoost,R5_NULL,TARGET_A,0.10000000000000001,QUALIFIED,0.092996518941769205,0.092996518941769205,0.007003481058230801,near boundary,PAIRED_CONTRAST,M4_vs_M1,M4_vs_M1,,,,,,,,,,,,,,,,,,,,,,,,,,,,,,,,,,,,,,,,,,,,,,,,,996,1000,0.26104417670682734,0.019738980921497624,0.38806885834797028,0.22235648500916874,0.29973186840448596,260,0.32831325301204817,327,0.01487982856423754,0.5893574297188755,587,0.015588046655954977,0,0,0,0,0,0,0,0,0,0,0,0,0,0,0,0,0,0,0,0,0,0,0,0,0,0,0,0,0,0,0,0,0,0,0,0,-0.26104417670682734,0.019738980921497624,0.38806885834797028,-0.29973186840448596,-0.22235648500916874,-260,0.32831325301204817,327,0.01487982856423754,0.5893574297188755,587,0.015588046655954977,0.26104417670682734,0.019738980921497624,0.38806885834797028,0.22235648500916874,0.29973186840448596,260,0.67168674698795183,669,0.01487982856423754,0.4106425702811245,409,0.015588046655954977,0.26104417670682734,0.019738980921497624,0.38806885834797028,0.22235648500916874,0.29973186840448596,260,0.67168674698795183,669,0.01487982856423754,0.4106425702811245,409,0.015588046655954977,DER: comparator-M1; FQ/FR/UI/EI/DecisionYield/CorrectDefinitiveYield: M1-comparator,,,,,,,,,,,,,,,,,,,,,,,,,,,,,,,,,,,,,,,,,,
CTGAN__XGBoost,CTGAN,XGBoost,R5_NULL,TARGET_A,0.10000000000000001,QUALIFIED,0.092996518941769205,0.092996518941769205,0.007003481058230801,near boundary,PAIRED_CONTRAST,M3_vs_M1,M3_vs_M1,,,,,,,,,,,,,,,,,,,,,,,,,,,,,,,,,,,,,,,,,,,,,,,,,996,1000,0.12449799196787148,0.018152722956226212,0.32820326532260008,0.088919308752334641,0.16007667518340832,124,0.32831325301204817,327,0.01487982856423754,,,,0,0,0,0,0,0,0,0,0,,,,0,0,0,0,0,0,0,0,0,,,,0,0,0,0,0,0,0,0,0,,,,-0.12449799196787148,0.018152722956226212,0.32820326532260008,-0.16007667518340832,-0.088919308752334641,-124,0.32831325301204817,327,0.01487982856423754,,,,0.12449799196787148,0.018152722956226212,0.32820326532260008,0.088919308752334641,0.16007667518340832,124,0.67168674698795183,669,0.01487982856423754,,,,0.12449799196787148,0.018152722956226212,0.32820326532260008,0.088919308752334641,0.16007667518340832,124,0.67168674698795183,669,0.01487982856423754,,,,DER: comparator-M1; FQ/FR/UI/EI/DecisionYield/CorrectDefinitiveYield: M1-comparator,0.4528112449799197,451,0.015772390262035956,0,0,0,0,0,0,0,0,0,0.4528112449799197,451,0.015772390262035956,0.54718875502008035,545,0.01577239026203596,0.54718875502008035,545,0.01577239026203596,,,,,,,,,,,,,,,,,,,,,
CTGAN__XGBoost,CTGAN,XGBoost,R5_NULL,TARGET_A,0.10000000000000001,QUALIFIED,0.092996518941769205,0.092996518941769205,0.007003481058230801,near boundary,PAIRED_CONTRAST,M2_vs_M1,M2_vs_M1,,,,,,,,,,,,,,,,,,,,,,,,,,,,,,,,,,,,,,,,,,,,,,,,,990,1000,0.6707070707070707,0.014943746760781324,0.22108241157785868,0.64141786526185218,0.69999627615228921,664,0.3292929292929293,326,0.01493619750707369,,,,0,0,0,0,0,0,0,0,0,,,,0,0,0,0,0,0,0,0,0,,,,0,0,0,0,0,0,0,0,0,,,,-0.6707070707070707,0.014943746760781324,0.22108241157785868,-0.69999627615228921,-0.64141786526185218,-664,0.3292929292929293,326,0.01493619750707369,,,,0.6707070707070707,0.014943746760781324,0.22108241157785868,0.64141786526185218,0.69999627615228921,664,0.6707070707070707,664,0.01493619750707369,,,,0.6707070707070707,0.014943746760781324,0.22108241157785868,0.64141786526185218,0.69999627615228921,664,0.6707070707070707,664,0.01493619750707369,,,,DER: comparator-M1; FQ/FR/UI/EI/DecisionYield/CorrectDefinitiveYield: M1-comparator,,,,,,,,,,,,,,,,,,,,,,1,990,0,0,0,0,0,0,0,0,0,0,1,990,0,0,0,0,0,0,0
CTGAN__XGBoost,CTGAN,XGBoost,R5_NULL,TARGET_A,0.20000000000000001,QUALIFIED,0.092996518941769205,0.092996518941769205,0.10700348105823081,far from boundary,PAIRED_CONTRAST,M4_vs_M1,M4_vs_M1,,,,,,,,,,,,,,,,,,,,,,,,,,,,,,,,,,,,,,,,,,,,,,,,,996,1000,0,0,0,0,0,0,0,0,0,0,0,0,0,0,0,0,0,0,0,0,0,0,0,0,0,0,0,0,0,0,0,0,0,0,0,0,0,0,0,0,0,0,0,0,0,0,0,0,0,0,0,0,0,0,0,0,0,0,0,0,0,0,0,0,0,0,1,996,0,1,996,0,0,0,0,0,0,0,1,996,0,1,996,0,DER: comparator-M1; FQ/FR/UI/EI/DecisionYield/CorrectDefinitiveYield: M1-comparator,,,,,,,,,,,,,,,,,,,,,,,,,,,,,,,,,,,,,,,,,,
CTGAN__XGBoost,CTGAN,XGBoost,R5_NULL,TARGET_A,0.20000000000000001,QUALIFIED,0.092996518941769205,0.092996518941769205,0.10700348105823081,far from boundary,PAIRED_CONTRAST,M3_vs_M1,M3_vs_M1,,,,,,,,,,,,,,,,,,,,,,,,,,,,,,,,,,,,,,,,,,,,,,,,,996,1000,0,0,0,0,0,0,0,0,0,,,,0,0,0,0,0,0,0,0,0,,,,0,0,0,0,0,0,0,0,0,,,,0,0,0,0,0,0,0,0,0,,,,0,0,0,0,0,0,0,0,0,,,,0,0,0,0,0,0,1,996,0,,,,0,0,0,0,0,0,1,996,0,,,,DER: comparator-M1; FQ/FR/UI/EI/DecisionYield/CorrectDefinitiveYield: M1-comparator,0,0,0,0,0,0,0,0,0,0,0,0,0,0,0,1,996,0,1,996,0,,,,,,,,,,,,,,,,,,,,,
CTGAN__XGBoost,CTGAN,XGBoost,R5_NULL,TARGET_A,0.20000000000000001,QUALIFIED,0.092996518941769205,0.092996518941769205,0.10700348105823081,far from boundary,PAIRED_CONTRAST,M2_vs_M1,M2_vs_M1,,,,,,,,,,,,,,,,,,,,,,,,,,,,,,,,,,,,,,,,,,,,,,,,,990,1000,0,0,0,0,0,0,0,0,0,,,,0,0,0,0,0,0,0,0,0,,,,0,0,0,0,0,0,0,0,0,,,,0,0,0,0,0,0,0,0,0,,,,0,0,0,0,0,0,0,0,0,,,,0,0,0,0,0,0,1,990,0,,,,0,0,0,0,0,0,1,990,0,,,,DER: comparator-M1; FQ/FR/UI/EI/DecisionYield/CorrectDefinitiveYield: M1-comparator,,,,,,,,,,,,,,,,,,,,,,0,0,0,0,0,0,0,0,0,0,0,0,0,0,0,1,990,0,1,990,0
TabDDPM__LR_L2,TabDDPM,LR_L2,R5_NULL,TARGET_B,0.025000000000000001,NOT_QUALIFIED,0.21795764991703001,0.21795764991703001,0.19295764991703002,far from boundary,PAIRED_CONTRAST,M4_vs_M1,M4_vs_M1,,,,,,,,,,,,,,,,,,,,,,,,,,,,,,,,,,,,,,,,,,,,,,,,,992,1000,0,0,0,0,0,0,0,0,0,0,0,0,0,0,0,0,0,0,0,0,0,0,0,0,0,0,0,0,0,0,0,0,0,0,0,0,0,0,0,0,0,0,0,0,0,0,0,0,0,0,0,0,0,0,0,0,0,0,0,0,0,0,0,0,0,0,1,992,0,1,992,0,0,0,0,0,0,0,1,992,0,1,992,0,DER: comparator-M1; FQ/FR/UI/EI/DecisionYield/CorrectDefinitiveYield: M1-comparator,,,,,,,,,,,,,,,,,,,,,,,,,,,,,,,,,,,,,,,,,,
TabDDPM__LR_L2,TabDDPM,LR_L2,R5_NULL,TARGET_B,0.025000000000000001,NOT_QUALIFIED,0.21795764991703001,0.21795764991703001,0.19295764991703002,far from boundary,PAIRED_CONTRAST,M3_vs_M1,M3_vs_M1,,,,,,,,,,,,,,,,,,,,,,,,,,,,,,,,,,,,,,,,,,,,,,,,,992,1000,0,0,0,0,0,0,0,0,0,,,,0,0,0,0,0,0,0,0,0,,,,0,0,0,0,0,0,0,0,0,,,,0,0,0,0,0,0,0,0,0,,,,0,0,0,0,0,0,0,0,0,,,,0,0,0,0,0,0,1,992,0,,,,0,0,0,0,0,0,1,992,0,,,,DER: comparator-M1; FQ/FR/UI/EI/DecisionYield/CorrectDefinitiveYield: M1-comparator,0,0,0,0,0,0,0,0,0,0,0,0,0,0,0,1,992,0,1,992,0,,,,,,,,,,,,,,,,,,,,,
TabDDPM__LR_L2,TabDDPM,LR_L2,R5_NULL,TARGET_B,0.025000000000000001,NOT_QUALIFIED,0.21795764991703001,0.21795764991703001,0.19295764991703002,far from boundary,PAIRED_CONTRAST,M2_vs_M1,M2_vs_M1,,,,,,,,,,,,,,,,,,,,,,,,,,,,,,,,,,,,,,,,,,,,,,,,,985,1000,0,0,0,0,0,0,0,0,0,,,,0,0,0,0,0,0,0,0,0,,,,0,0,0,0,0,0,0,0,0,,,,0,0,0,0,0,0,0,0,0,,,,0,0,0,0,0,0,0,0,0,,,,0,0,0,0,0,0,1,985,0,,,,0,0,0,0,0,0,1,985,0,,,,DER: comparator-M1; FQ/FR/UI/EI/DecisionYield/CorrectDefinitiveYield: M1-comparator,,,,,,,,,,,,,,,,,,,,,,0,0,0,0,0,0,0,0,0,0,0,0,0,0,0,1,985,0,1,985,0
TabDDPM__LR_L2,TabDDPM,LR_L2,R5_NULL,TARGET_B,0.050000000000000003,NOT_QUALIFIED,0.21795764991703001,0.21795764991703001,0.16795764991702999,far from boundary,PAIRED_CONTRAST,M4_vs_M1,M4_vs_M1,,,,,,,,,,,,,,,,,,,,,,,,,,,,,,,,,,,,,,,,,,,,,,,,,992,1000,0,0,0,0,0,0,0,0,0,0,0,0,0,0,0,0,0,0,0,0,0,0,0,0,0,0,0,0,0,0,0,0,0,0,0,0,0,0,0,0,0,0,0,0,0,0,0,0,0,0,0,0,0,0,0,0,0,0,0,0,0,0,0,0,0,0,1,992,0,1,992,0,0,0,0,0,0,0,1,992,0,1,992,0,DER: comparator-M1; FQ/FR/UI/EI/DecisionYield/CorrectDefinitiveYield: M1-comparator,,,,,,,,,,,,,,,,,,,,,,,,,,,,,,,,,,,,,,,,,,
TabDDPM__LR_L2,TabDDPM,LR_L2,R5_NULL,TARGET_B,0.050000000000000003,NOT_QUALIFIED,0.21795764991703001,0.21795764991703001,0.16795764991702999,far from boundary,PAIRED_CONTRAST,M3_vs_M1,M3_vs_M1,,,,,,,,,,,,,,,,,,,,,,,,,,,,,,,,,,,,,,,,,,,,,,,,,992,1000,0,0,0,0,0,0,0,0,0,,,,0,0,0,0,0,0,0,0,0,,,,0,0,0,0,0,0,0,0,0,,,,0,0,0,0,0,0,0,0,0,,,,0,0,0,0,0,0,0,0,0,,,,0,0,0,0,0,0,1,992,0,,,,0,0,0,0,0,0,1,992,0,,,,DER: comparator-M1; FQ/FR/UI/EI/DecisionYield/CorrectDefinitiveYield: M1-comparator,0,0,0,0,0,0,0,0,0,0,0,0,0,0,0,1,992,0,1,992,0,,,,,,,,,,,,,,,,,,,,,
TabDDPM__LR_L2,TabDDPM,LR_L2,R5_NULL,TARGET_B,0.050000000000000003,NOT_QUALIFIED,0.21795764991703001,0.21795764991703001,0.16795764991702999,far from boundary,PAIRED_CONTRAST,M2_vs_M1,M2_vs_M1,,,,,,,,,,,,,,,,,,,,,,,,,,,,,,,,,,,,,,,,,,,,,,,,,985,1000,0,0,0,0,0,0,0,0,0,,,,0,0,0,0,0,0,0,0,0,,,,0,0,0,0,0,0,0,0,0,,,,0,0,0,0,0,0,0,0,0,,,,0,0,0,0,0,0,0,0,0,,,,0,0,0,0,0,0,1,985,0,,,,0,0,0,0,0,0,1,985,0,,,,DER: comparator-M1; FQ/FR/UI/EI/DecisionYield/CorrectDefinitiveYield: M1-comparator,,,,,,,,,,,,,,,,,,,,,,0,0,0,0,0,0,0,0,0,0,0,0,0,0,0,1,985,0,1,985,0
TabDDPM__LR_L2,TabDDPM,LR_L2,R5_NULL,TARGET_B,0.10000000000000001,NOT_QUALIFIED,0.21795764991703001,0.21795764991703001,0.11795764991703001,far from boundary,PAIRED_CONTRAST,M4_vs_M1,M4_vs_M1,,,,,,,,,,,,,,,,,,,,,,,,,,,,,,,,,,,,,,,,,,,,,,,,,992,1000,0,0,0,0,0,0,0,0,0,0,0,0,0,0,0,0,0,0,0,0,0,0,0,0,0,0,0,0,0,0,0,0,0,0,0,0,0,0,0,0,0,0,0,0,0,0,0,0,0,0,0,0,0,0,0,0,0,0,0,0,0,0,0,0,0,0,1,992,0,1,992,0,0,0,0,0,0,0,1,992,0,1,992,0,DER: comparator-M1; FQ/FR/UI/EI/DecisionYield/CorrectDefinitiveYield: M1-comparator,,,,,,,,,,,,,,,,,,,,,,,,,,,,,,,,,,,,,,,,,,
TabDDPM__LR_L2,TabDDPM,LR_L2,R5_NULL,TARGET_B,0.10000000000000001,NOT_QUALIFIED,0.21795764991703001,0.21795764991703001,0.11795764991703001,far from boundary,PAIRED_CONTRAST,M3_vs_M1,M3_vs_M1,,,,,,,,,,,,,,,,,,,,,,,,,,,,,,,,,,,,,,,,,,,,,,,,,992,1000,0,0,0,0,0,0,0,0,0,,,,0,0,0,0,0,0,0,0,0,,,,0,0,0,0,0,0,0,0,0,,,,0,0,0,0,0,0,0,0,0,,,,0,0,0,0,0,0,0,0,0,,,,0,0,0,0,0,0,1,992,0,,,,0,0,0,0,0,0,1,992,0,,,,DER: comparator-M1; FQ/FR/UI/EI/DecisionYield/CorrectDefinitiveYield: M1-comparator,0,0,0,0,0,0,0,0,0,0,0,0,0,0,0,1,992,0,1,992,0,,,,,,,,,,,,,,,,,,,,,
TabDDPM__LR_L2,TabDDPM,LR_L2,R5_NULL,TARGET_B,0.10000000000000001,NOT_QUALIFIED,0.21795764991703001,0.21795764991703001,0.11795764991703001,far from boundary,PAIRED_CONTRAST,M2_vs_M1,M2_vs_M1,,,,,,,,,,,,,,,,,,,,,,,,,,,,,,,,,,,,,,,,,,,,,,,,,985,1000,0,0,0,0,0,0,0,0,0,,,,0,0,0,0,0,0,0,0,0,,,,0,0,0,0,0,0,0,0,0,,,,0,0,0,0,0,0,0,0,0,,,,0,0,0,0,0,0,0,0,0,,,,0,0,0,0,0,0,1,985,0,,,,0,0,0,0,0,0,1,985,0,,,,DER: comparator-M1; FQ/FR/UI/EI/DecisionYield/CorrectDefinitiveYield: M1-comparator,,,,,,,,,,,,,,,,,,,,,,0,0,0,0,0,0,0,0,0,0,0,0,0,0,0,1,985,0,1,985,0
TabDDPM__LR_L2,TabDDPM,LR_L2,R5_NULL,TARGET_B,0.20000000000000001,NOT_QUALIFIED,0.21795764991703001,0.21795764991703001,0.01795764991703,near boundary,PAIRED_CONTRAST,M4_vs_M1,M4_vs_M1,,,,,,,,,,,,,,,,,,,,,,,,,,,,,,,,,,,,,,,,,,,,,,,,,992,1000,0.33971774193548387,0.015576335579285432,0.24068125223788514,0.30918868518897458,0.37024679868199317,337,0.012096774193548387,12,0.0034708524575259607,0.35181451612903225,349,0.015161797492233271,0,0,0,0,0,0,0,0,0,0,0,0,0,0,0,0,0,0,0,0,0,0,0,0,0,0,0,0,0,0,0,0,0,0,0,0,-0.33971774193548387,0.015576335579285432,0.24068125223788514,-0.37024679868199317,-0.30918868518897458,-337,0.012096774193548387,12,0.0034708524575259607,0.35181451612903225,349,0.015161797492233271,0.33971774193548387,0.015576335579285432,0.24068125223788514,0.30918868518897458,0.37024679868199317,337,0.98790322580645162,980,0.0034708524575259594,0.64818548387096775,643,0.015161797492233271,0.33971774193548387,0.015576335579285432,0.24068125223788514,0.30918868518897458,0.37024679868199317,337,0.98790322580645162,980,0.0034708524575259594,0.64818548387096775,643,0.015161797492233271,DER: comparator-M1; FQ/FR/UI/EI/DecisionYield/CorrectDefinitiveYield: M1-comparator,,,,,,,,,,,,,,,,,,,,,,,,,,,,,,,,,,,,,,,,,,
TabDDPM__LR_L2,TabDDPM,LR_L2,R5_NULL,TARGET_B,0.20000000000000001,NOT_QUALIFIED,0.21795764991703001,0.21795764991703001,0.01795764991703,near boundary,PAIRED_CONTRAST,M3_vs_M1,M3_vs_M1,,,,,,,,,,,,,,,,,,,,,,,,,,,,,,,,,,,,,,,,,,,,,,,,,992,1000,0.16229838709677419,0.012139379997527365,0.14618563035057255,0.13850563950697461,0.18609113468657376,161,0.012096774193548387,12,0.0034708524575259607,,,,0,0,0,0,0,0,0,0,0,,,,0,0,0,0,0,0,0,0,0,,,,0,0,0,0,0,0,0,0,0,,,,-0.16229838709677419,0.012139379997527365,0.14618563035057255,-0.18609113468657376,-0.13850563950697461,-161,0.012096774193548387,12,0.0034708524575259607,,,,0.16229838709677419,0.012139379997527365,0.14618563035057255,0.13850563950697461,0.18609113468657376,161,0.98790322580645162,980,0.0034708524575259594,,,,0.16229838709677419,0.012139379997527365,0.14618563035057255,0.13850563950697461,0.18609113468657376,161,0.98790322580645162,980,0.0034708524575259594,,,,DER: comparator-M1; FQ/FR/UI/EI/DecisionYield/CorrectDefinitiveYield: M1-comparator,0.17439516129032259,173,0.012047515513550454,0,0,0,0,0,0,0,0,0,0.17439516129032259,173,0.012047515513550454,0.82560483870967738,819,0.012047515513550454,0.82560483870967738,819,0.012047515513550454,,,,,,,,,,,,,,,,,,,,,
TabDDPM__LR_L2,TabDDPM,LR_L2,R5_NULL,TARGET_B,0.20000000000000001,NOT_QUALIFIED,0.21795764991703001,0.21795764991703001,0.01795764991703,near boundary,PAIRED_CONTRAST,M2_vs_M1,M2_vs_M1,,,,,,,,,,,,,,,,,,,,,,,,,,,,,,,,,,,,,,,,,,,,,,,,,985,1000,0.98781725888324878,0.0034971419712541084,0.012046551937600465,0.9809629865707673,0.99467153119573026,973,0.012182741116751269,12,0.0034953663214969781,,,,0,0,0,0,0,0,0,0,0,,,,0,0,0,0,0,0,0,0,0,,,,0,0,0,0,0,0,0,0,0,,,,-0.98781725888324878,0.0034971419712541084,0.012046551937600465,-0.99467153119573026,-0.9809629865707673,-973,0.012182741116751269,12,0.0034953663214969781,,,,0.98781725888324878,0.0034971419712541084,0.012046551937600465,0.9809629865707673,0.99467153119573026,973,0.98781725888324878,973,0.0034953663214969707,,,,0.98781725888324878,0.0034971419712541084,0.012046551937600465,0.9809629865707673,0.99467153119573026,973,0.98781725888324878,973,0.0034953663214969707,,,,DER: comparator-M1; FQ/FR/UI/EI/DecisionYield/CorrectDefinitiveYield: M1-comparator,,,,,,,,,,,,,,,,,,,,,,1,985,0,0,0,0,0,0,0,0,0,0,1,985,0,0,0,0,0,0,0
TabDDPM__LR_L2,TabDDPM,LR_L2,R5_NULL,TARGET_A,0.025000000000000001,NOT_QUALIFIED,0.21795764991703001,0.21795764991703001,0.19295764991703002,far from boundary,PAIRED_CONTRAST,M4_vs_M1,M4_vs_M1,,,,,,,,,,,,,,,,,,,,,,,,,,,,,,,,,,,,,,,,,,,,,,,,,992,1000,0,0,0,0,0,0,0,0,0,0,0,0,0,0,0,0,0,0,0,0,0,0,0,0,0,0,0,0,0,0,0,0,0,0,0,0,0,0,0,0,0,0,0,0,0,0,0,0,0,0,0,0,0,0,0,0,0,0,0,0,0,0,0,0,0,0,1,992,0,1,992,0,0,0,0,0,0,0,1,992,0,1,992,0,DER: comparator-M1; FQ/FR/UI/EI/DecisionYield/CorrectDefinitiveYield: M1-comparator,,,,,,,,,,,,,,,,,,,,,,,,,,,,,,,,,,,,,,,,,,
TabDDPM__LR_L2,TabDDPM,LR_L2,R5_NULL,TARGET_A,0.025000000000000001,NOT_QUALIFIED,0.21795764991703001,0.21795764991703001,0.19295764991703002,far from boundary,PAIRED_CONTRAST,M3_vs_M1,M3_vs_M1,,,,,,,,,,,,,,,,,,,,,,,,,,,,,,,,,,,,,,,,,,,,,,,,,992,1000,0,0,0,0,0,0,0,0,0,,,,0,0,0,0,0,0,0,0,0,,,,0,0,0,0,0,0,0,0,0,,,,0,0,0,0,0,0,0,0,0,,,,0,0,0,0,0,0,0,0,0,,,,0,0,0,0,0,0,1,992,0,,,,0,0,0,0,0,0,1,992,0,,,,DER: comparator-M1; FQ/FR/UI/EI/DecisionYield/CorrectDefinitiveYield: M1-comparator,0,0,0,0,0,0,0,0,0,0,0,0,0,0,0,1,992,0,1,992,0,,,,,,,,,,,,,,,,,,,,,
TabDDPM__LR_L2,TabDDPM,LR_L2,R5_NULL,TARGET_A,0.025000000000000001,NOT_QUALIFIED,0.21795764991703001,0.21795764991703001,0.19295764991703002,far from boundary,PAIRED_CONTRAST,M2_vs_M1,M2_vs_M1,,,,,,,,,,,,,,,,,,,,,,,,,,,,,,,,,,,,,,,,,,,,,,,,,985,1000,0,0,0,0,0,0,0,0,0,,,,0,0,0,0,0,0,0,0,0,,,,0,0,0,0,0,0,0,0,0,,,,0,0,0,0,0,0,0,0,0,,,,0,0,0,0,0,0,0,0,0,,,,0,0,0,0,0,0,1,985,0,,,,0,0,0,0,0,0,1,985,0,,,,DER: comparator-M1; FQ/FR/UI/EI/DecisionYield/CorrectDefinitiveYield: M1-comparator,,,,,,,,,,,,,,,,,,,,,,0,0,0,0,0,0,0,0,0,0,0,0,0,0,0,1,985,0,1,985,0
TabDDPM__LR_L2,TabDDPM,LR_L2,R5_NULL,TARGET_A,0.050000000000000003,NOT_QUALIFIED,0.21795764991703001,0.21795764991703001,0.16795764991702999,far from boundary,PAIRED_CONTRAST,M4_vs_M1,M4_vs_M1,,,,,,,,,,,,,,,,,,,,,,,,,,,,,,,,,,,,,,,,,,,,,,,,,992,1000,0,0,0,0,0,0,0,0,0,0,0,0,0,0,0,0,0,0,0,0,0,0,0,0,0,0,0,0,0,0,0,0,0,0,0,0,0,0,0,0,0,0,0,0,0,0,0,0,0,0,0,0,0,0,0,0,0,0,0,0,0,0,0,0,0,0,1,992,0,1,992,0,0,0,0,0,0,0,1,992,0,1,992,0,DER: comparator-M1; FQ/FR/UI/EI/DecisionYield/CorrectDefinitiveYield: M1-comparator,,,,,,,,,,,,,,,,,,,,,,,,,,,,,,,,,,,,,,,,,,
TabDDPM__LR_L2,TabDDPM,LR_L2,R5_NULL,TARGET_A,0.050000000000000003,NOT_QUALIFIED,0.21795764991703001,0.21795764991703001,0.16795764991702999,far from boundary,PAIRED_CONTRAST,M3_vs_M1,M3_vs_M1,,,,,,,,,,,,,,,,,,,,,,,,,,,,,,,,,,,,,,,,,,,,,,,,,992,1000,0,0,0,0,0,0,0,0,0,,,,0,0,0,0,0,0,0,0,0,,,,0,0,0,0,0,0,0,0,0,,,,0,0,0,0,0,0,0,0,0,,,,0,0,0,0,0,0,0,0,0,,,,0,0,0,0,0,0,1,992,0,,,,0,0,0,0,0,0,1,992,0,,,,DER: comparator-M1; FQ/FR/UI/EI/DecisionYield/CorrectDefinitiveYield: M1-comparator,0,0,0,0,0,0,0,0,0,0,0,0,0,0,0,1,992,0,1,992,0,,,,,,,,,,,,,,,,,,,,,
TabDDPM__LR_L2,TabDDPM,LR_L2,R5_NULL,TARGET_A,0.050000000000000003,NOT_QUALIFIED,0.21795764991703001,0.21795764991703001,0.16795764991702999,far from boundary,PAIRED_CONTRAST,M2_vs_M1,M2_vs_M1,,,,,,,,,,,,,,,,,,,,,,,,,,,,,,,,,,,,,,,,,,,,,,,,,985,1000,0,0,0,0,0,0,0,0,0,,,,0,0,0,0,0,0,0,0,0,,,,0,0,0,0,0,0,0,0,0,,,,0,0,0,0,0,0,0,0,0,,,,0,0,0,0,0,0,0,0,0,,,,0,0,0,0,0,0,1,985,0,,,,0,0,0,0,0,0,1,985,0,,,,DER: comparator-M1; FQ/FR/UI/EI/DecisionYield/CorrectDefinitiveYield: M1-comparator,,,,,,,,,,,,,,,,,,,,,,0,0,0,0,0,0,0,0,0,0,0,0,0,0,0,1,985,0,1,985,0
TabDDPM__LR_L2,TabDDPM,LR_L2,R5_NULL,TARGET_A,0.10000000000000001,NOT_QUALIFIED,0.21795764991703001,0.21795764991703001,0.11795764991703001,far from boundary,PAIRED_CONTRAST,M4_vs_M1,M4_vs_M1,,,,,,,,,,,,,,,,,,,,,,,,,,,,,,,,,,,,,,,,,,,,,,,,,992,1000,0,0,0,0,0,0,0,0,0,0,0,0,0,0,0,0,0,0,0,0,0,0,0,0,0,0,0,0,0,0,0,0,0,0,0,0,0,0,0,0,0,0,0,0,0,0,0,0,0,0,0,0,0,0,0,0,0,0,0,0,0,0,0,0,0,0,1,992,0,1,992,0,0,0,0,0,0,0,1,992,0,1,992,0,DER: comparator-M1; FQ/FR/UI/EI/DecisionYield/CorrectDefinitiveYield: M1-comparator,,,,,,,,,,,,,,,,,,,,,,,,,,,,,,,,,,,,,,,,,,
TabDDPM__LR_L2,TabDDPM,LR_L2,R5_NULL,TARGET_A,0.10000000000000001,NOT_QUALIFIED,0.21795764991703001,0.21795764991703001,0.11795764991703001,far from boundary,PAIRED_CONTRAST,M3_vs_M1,M3_vs_M1,,,,,,,,,,,,,,,,,,,,,,,,,,,,,,,,,,,,,,,,,,,,,,,,,992,1000,0,0,0,0,0,0,0,0,0,,,,0,0,0,0,0,0,0,0,0,,,,0,0,0,0,0,0,0,0,0,,,,0,0,0,0,0,0,0,0,0,,,,0,0,0,0,0,0,0,0,0,,,,0,0,0,0,0,0,1,992,0,,,,0,0,0,0,0,0,1,992,0,,,,DER: comparator-M1; FQ/FR/UI/EI/DecisionYield/CorrectDefinitiveYield: M1-comparator,0,0,0,0,0,0,0,0,0,0,0,0,0,0,0,1,992,0,1,992,0,,,,,,,,,,,,,,,,,,,,,
TabDDPM__LR_L2,TabDDPM,LR_L2,R5_NULL,TARGET_A,0.10000000000000001,NOT_QUALIFIED,0.21795764991703001,0.21795764991703001,0.11795764991703001,far from boundary,PAIRED_CONTRAST,M2_vs_M1,M2_vs_M1,,,,,,,,,,,,,,,,,,,,,,,,,,,,,,,,,,,,,,,,,,,,,,,,,985,1000,0,0,0,0,0,0,0,0,0,,,,0,0,0,0,0,0,0,0,0,,,,0,0,0,0,0,0,0,0,0,,,,0,0,0,0,0,0,0,0,0,,,,0,0,0,0,0,0,0,0,0,,,,0,0,0,0,0,0,1,985,0,,,,0,0,0,0,0,0,1,985,0,,,,DER: comparator-M1; FQ/FR/UI/EI/DecisionYield/CorrectDefinitiveYield: M1-comparator,,,,,,,,,,,,,,,,,,,,,,0,0,0,0,0,0,0,0,0,0,0,0,0,0,0,1,985,0,1,985,0
TabDDPM__LR_L2,TabDDPM,LR_L2,R5_NULL,TARGET_A,0.20000000000000001,NOT_QUALIFIED,0.21795764991703001,0.21795764991703001,0.01795764991703,near boundary,PAIRED_CONTRAST,M4_vs_M1,M4_vs_M1,,,,,,,,,,,,,,,,,,,,,,,,,,,,,,,,,,,,,,,,,,,,,,,,,992,1000,0.33971774193548387,0.015576335579285432,0.24068125223788514,0.30918868518897458,0.37024679868199317,337,0.012096774193548387,12,0.0034708524575259607,0.35181451612903225,349,0.015161797492233271,0,0,0,0,0,0,0,0,0,0,0,0,0,0,0,0,0,0,0,0,0,0,0,0,0,0,0,0,0,0,0,0,0,0,0,0,-0.33971774193548387,0.015576335579285432,0.24068125223788514,-0.37024679868199317,-0.30918868518897458,-337,0.012096774193548387,12,0.0034708524575259607,0.35181451612903225,349,0.015161797492233271,0.33971774193548387,0.015576335579285432,0.24068125223788514,0.30918868518897458,0.37024679868199317,337,0.98790322580645162,980,0.0034708524575259594,0.64818548387096775,643,0.015161797492233271,0.33971774193548387,0.015576335579285432,0.24068125223788514,0.30918868518897458,0.37024679868199317,337,0.98790322580645162,980,0.0034708524575259594,0.64818548387096775,643,0.015161797492233271,DER: comparator-M1; FQ/FR/UI/EI/DecisionYield/CorrectDefinitiveYield: M1-comparator,,,,,,,,,,,,,,,,,,,,,,,,,,,,,,,,,,,,,,,,,,
TabDDPM__LR_L2,TabDDPM,LR_L2,R5_NULL,TARGET_A,0.20000000000000001,NOT_QUALIFIED,0.21795764991703001,0.21795764991703001,0.01795764991703,near boundary,PAIRED_CONTRAST,M3_vs_M1,M3_vs_M1,,,,,,,,,,,,,,,,,,,,,,,,,,,,,,,,,,,,,,,,,,,,,,,,,992,1000,0.16229838709677419,0.012139379997527365,0.14618563035057255,0.13850563950697461,0.18609113468657376,161,0.012096774193548387,12,0.0034708524575259607,,,,0,0,0,0,0,0,0,0,0,,,,0,0,0,0,0,0,0,0,0,,,,0,0,0,0,0,0,0,0,0,,,,-0.16229838709677419,0.012139379997527365,0.14618563035057255,-0.18609113468657376,-0.13850563950697461,-161,0.012096774193548387,12,0.0034708524575259607,,,,0.16229838709677419,0.012139379997527365,0.14618563035057255,0.13850563950697461,0.18609113468657376,161,0.98790322580645162,980,0.0034708524575259594,,,,0.16229838709677419,0.012139379997527365,0.14618563035057255,0.13850563950697461,0.18609113468657376,161,0.98790322580645162,980,0.0034708524575259594,,,,DER: comparator-M1; FQ/FR/UI/EI/DecisionYield/CorrectDefinitiveYield: M1-comparator,0.17439516129032259,173,0.012047515513550454,0,0,0,0,0,0,0,0,0,0.17439516129032259,173,0.012047515513550454,0.82560483870967738,819,0.012047515513550454,0.82560483870967738,819,0.012047515513550454,,,,,,,,,,,,,,,,,,,,,
TabDDPM__LR_L2,TabDDPM,LR_L2,R5_NULL,TARGET_A,0.20000000000000001,NOT_QUALIFIED,0.21795764991703001,0.21795764991703001,0.01795764991703,near boundary,PAIRED_CONTRAST,M2_vs_M1,M2_vs_M1,,,,,,,,,,,,,,,,,,,,,,,,,,,,,,,,,,,,,,,,,,,,,,,,,985,1000,0.98781725888324878,0.0034971419712541084,0.012046551937600465,0.9809629865707673,0.99467153119573026,973,0.012182741116751269,12,0.0034953663214969781,,,,0,0,0,0,0,0,0,0,0,,,,0,0,0,0,0,0,0,0,0,,,,0,0,0,0,0,0,0,0,0,,,,-0.98781725888324878,0.0034971419712541084,0.012046551937600465,-0.99467153119573026,-0.9809629865707673,-973,0.012182741116751269,12,0.0034953663214969781,,,,0.98781725888324878,0.0034971419712541084,0.012046551937600465,0.9809629865707673,0.99467153119573026,973,0.98781725888324878,973,0.0034953663214969707,,,,0.98781725888324878,0.0034971419712541084,0.012046551937600465,0.9809629865707673,0.99467153119573026,973,0.98781725888324878,973,0.0034953663214969707,,,,DER: comparator-M1; FQ/FR/UI/EI/DecisionYield/CorrectDefinitiveYield: M1-comparator,,,,,,,,,,,,,,,,,,,,,,1,985,0,0,0,0,0,0,0,0,0,0,1,985,0,0,0,0,0,0,0
TabDDPM__XGBoost,TabDDPM,XGBoost,R5_NULL,TARGET_B,0.025000000000000001,NOT_QUALIFIED,0.2426182215419399,0.2426182215419399,0.21761822154193991,far from boundary,PAIRED_CONTRAST,M4_vs_M1,M4_vs_M1,,,,,,,,,,,,,,,,,,,,,,,,,,,,,,,,,,,,,,,,,,,,,,,,,994,1000,0,0,0,0,0,0,0,0,0,0,0,0,0,0,0,0,0,0,0,0,0,0,0,0,0,0,0,0,0,0,0,0,0,0,0,0,0,0,0,0,0,0,0,0,0,0,0,0,0,0,0,0,0,0,0,0,0,0,0,0,0,0,0,0,0,0,1,994,0,1,994,0,0,0,0,0,0,0,1,994,0,1,994,0,DER: comparator-M1; FQ/FR/UI/EI/DecisionYield/CorrectDefinitiveYield: M1-comparator,,,,,,,,,,,,,,,,,,,,,,,,,,,,,,,,,,,,,,,,,,
TabDDPM__XGBoost,TabDDPM,XGBoost,R5_NULL,TARGET_B,0.025000000000000001,NOT_QUALIFIED,0.2426182215419399,0.2426182215419399,0.21761822154193991,far from boundary,PAIRED_CONTRAST,M3_vs_M1,M3_vs_M1,,,,,,,,,,,,,,,,,,,,,,,,,,,,,,,,,,,,,,,,,,,,,,,,,994,1000,0,0,0,0,0,0,0,0,0,,,,0,0,0,0,0,0,0,0,0,,,,0,0,0,0,0,0,0,0,0,,,,0,0,0,0,0,0,0,0,0,,,,0,0,0,0,0,0,0,0,0,,,,0,0,0,0,0,0,1,994,0,,,,0,0,0,0,0,0,1,994,0,,,,DER: comparator-M1; FQ/FR/UI/EI/DecisionYield/CorrectDefinitiveYield: M1-comparator,0,0,0,0,0,0,0,0,0,0,0,0,0,0,0,1,994,0,1,994,0,,,,,,,,,,,,,,,,,,,,,
TabDDPM__XGBoost,TabDDPM,XGBoost,R5_NULL,TARGET_B,0.025000000000000001,NOT_QUALIFIED,0.2426182215419399,0.2426182215419399,0.21761822154193991,far from boundary,PAIRED_CONTRAST,M2_vs_M1,M2_vs_M1,,,,,,,,,,,,,,,,,,,,,,,,,,,,,,,,,,,,,,,,,,,,,,,,,990,1000,0,0,0,0,0,0,0,0,0,,,,0,0,0,0,0,0,0,0,0,,,,0,0,0,0,0,0,0,0,0,,,,0,0,0,0,0,0,0,0,0,,,,0,0,0,0,0,0,0,0,0,,,,0,0,0,0,0,0,1,990,0,,,,0,0,0,0,0,0,1,990,0,,,,DER: comparator-M1; FQ/FR/UI/EI/DecisionYield/CorrectDefinitiveYield: M1-comparator,,,,,,,,,,,,,,,,,,,,,,0,0,0,0,0,0,0,0,0,0,0,0,0,0,0,1,990,0,1,990,0
TabDDPM__XGBoost,TabDDPM,XGBoost,R5_NULL,TARGET_B,0.050000000000000003,NOT_QUALIFIED,0.2426182215419399,0.2426182215419399,0.19261822154193992,far from boundary,PAIRED_CONTRAST,M4_vs_M1,M4_vs_M1,,,,,,,,,,,,,,,,,,,,,,,,,,,,,,,,,,,,,,,,,,,,,,,,,994,1000,0,0,0,0,0,0,0,0,0,0,0,0,0,0,0,0,0,0,0,0,0,0,0,0,0,0,0,0,0,0,0,0,0,0,0,0,0,0,0,0,0,0,0,0,0,0,0,0,0,0,0,0,0,0,0,0,0,0,0,0,0,0,0,0,0,0,1,994,0,1,994,0,0,0,0,0,0,0,1,994,0,1,994,0,DER: comparator-M1; FQ/FR/UI/EI/DecisionYield/CorrectDefinitiveYield: M1-comparator,,,,,,,,,,,,,,,,,,,,,,,,,,,,,,,,,,,,,,,,,,
TabDDPM__XGBoost,TabDDPM,XGBoost,R5_NULL,TARGET_B,0.050000000000000003,NOT_QUALIFIED,0.2426182215419399,0.2426182215419399,0.19261822154193992,far from boundary,PAIRED_CONTRAST,M3_vs_M1,M3_vs_M1,,,,,,,,,,,,,,,,,,,,,,,,,,,,,,,,,,,,,,,,,,,,,,,,,994,1000,0,0,0,0,0,0,0,0,0,,,,0,0,0,0,0,0,0,0,0,,,,0,0,0,0,0,0,0,0,0,,,,0,0,0,0,0,0,0,0,0,,,,0,0,0,0,0,0,0,0,0,,,,0,0,0,0,0,0,1,994,0,,,,0,0,0,0,0,0,1,994,0,,,,DER: comparator-M1; FQ/FR/UI/EI/DecisionYield/CorrectDefinitiveYield: M1-comparator,0,0,0,0,0,0,0,0,0,0,0,0,0,0,0,1,994,0,1,994,0,,,,,,,,,,,,,,,,,,,,,
TabDDPM__XGBoost,TabDDPM,XGBoost,R5_NULL,TARGET_B,0.050000000000000003,NOT_QUALIFIED,0.2426182215419399,0.2426182215419399,0.19261822154193992,far from boundary,PAIRED_CONTRAST,M2_vs_M1,M2_vs_M1,,,,,,,,,,,,,,,,,,,,,,,,,,,,,,,,,,,,,,,,,,,,,,,,,990,1000,0,0,0,0,0,0,0,0,0,,,,0,0,0,0,0,0,0,0,0,,,,0,0,0,0,0,0,0,0,0,,,,0,0,0,0,0,0,0,0,0,,,,0,0,0,0,0,0,0,0,0,,,,0,0,0,0,0,0,1,990,0,,,,0,0,0,0,0,0,1,990,0,,,,DER: comparator-M1; FQ/FR/UI/EI/DecisionYield/CorrectDefinitiveYield: M1-comparator,,,,,,,,,,,,,,,,,,,,,,0,0,0,0,0,0,0,0,0,0,0,0,0,0,0,1,990,0,1,990,0
TabDDPM__XGBoost,TabDDPM,XGBoost,R5_NULL,TARGET_B,0.10000000000000001,NOT_QUALIFIED,0.2426182215419399,0.2426182215419399,0.1426182215419399,far from boundary,PAIRED_CONTRAST,M4_vs_M1,M4_vs_M1,,,,,,,,,,,,,,,,,,,,,,,,,,,,,,,,,,,,,,,,,,,,,,,,,994,1000,0,0,0,0,0,0,0,0,0,0,0,0,0,0,0,0,0,0,0,0,0,0,0,0,0,0,0,0,0,0,0,0,0,0,0,0,0,0,0,0,0,0,0,0,0,0,0,0,0,0,0,0,0,0,0,0,0,0,0,0,0,0,0,0,0,0,1,994,0,1,994,0,0,0,0,0,0,0,1,994,0,1,994,0,DER: comparator-M1; FQ/FR/UI/EI/DecisionYield/CorrectDefinitiveYield: M1-comparator,,,,,,,,,,,,,,,,,,,,,,,,,,,,,,,,,,,,,,,,,,
TabDDPM__XGBoost,TabDDPM,XGBoost,R5_NULL,TARGET_B,0.10000000000000001,NOT_QUALIFIED,0.2426182215419399,0.2426182215419399,0.1426182215419399,far from boundary,PAIRED_CONTRAST,M3_vs_M1,M3_vs_M1,,,,,,,,,,,,,,,,,,,,,,,,,,,,,,,,,,,,,,,,,,,,,,,,,994,1000,0,0,0,0,0,0,0,0,0,,,,0,0,0,0,0,0,0,0,0,,,,0,0,0,0,0,0,0,0,0,,,,0,0,0,0,0,0,0,0,0,,,,0,0,0,0,0,0,0,0,0,,,,0,0,0,0,0,0,1,994,0,,,,0,0,0,0,0,0,1,994,0,,,,DER: comparator-M1; FQ/FR/UI/EI/DecisionYield/CorrectDefinitiveYield: M1-comparator,0,0,0,0,0,0,0,0,0,0,0,0,0,0,0,1,994,0,1,994,0,,,,,,,,,,,,,,,,,,,,,
TabDDPM__XGBoost,TabDDPM,XGBoost,R5_NULL,TARGET_B,0.10000000000000001,NOT_QUALIFIED,0.2426182215419399,0.2426182215419399,0.1426182215419399,far from boundary,PAIRED_CONTRAST,M2_vs_M1,M2_vs_M1,,,,,,,,,,,,,,,,,,,,,,,,,,,,,,,,,,,,,,,,,,,,,,,,,990,1000,0,0,0,0,0,0,0,0,0,,,,0,0,0,0,0,0,0,0,0,,,,0,0,0,0,0,0,0,0,0,,,,0,0,0,0,0,0,0,0,0,,,,0,0,0,0,0,0,0,0,0,,,,0,0,0,0,0,0,1,990,0,,,,0,0,0,0,0,0,1,990,0,,,,DER: comparator-M1; FQ/FR/UI/EI/DecisionYield/CorrectDefinitiveYield: M1-comparator,,,,,,,,,,,,,,,,,,,,,,0,0,0,0,0,0,0,0,0,0,0,0,0,0,0,1,990,0,1,990,0
TabDDPM__XGBoost,TabDDPM,XGBoost,R5_NULL,TARGET_B,0.20000000000000001,NOT_QUALIFIED,0.2426182215419399,0.2426182215419399,0.042618221541939894,intermediate,PAIRED_CONTRAST,M4_vs_M1,M4_vs_M1,,,,,,,,,,,,,,,,,,,,,,,,,,,,,,,,,,,,,,,,,,,,,,,,,994,1000,0.026156941649899398,0.0050648121692310061,0.025498408375732945,0.01623009220974644,0.036083791090052358,26,0,0,0,0.026156941649899398,26,0.0050622638359027567,0,0,0,0,0,0,0,0,0,0,0,0,0,0,0,0,0,0,0,0,0,0,0,0,0,0,0,0,0,0,0,0,0,0,0,0,-0.026156941649899398,0.0050648121692310061,0.025498408375732945,-0.036083791090052358,-0.01623009220974644,-26,0,0,0,0.026156941649899398,26,0.0050622638359027567,0.026156941649899398,0.0050648121692310061,0.025498408375732945,0.01623009220974644,0.036083791090052358,26,1,994,0,0.97384305835010065,968,0.0050622638359027515,0.026156941649899398,0.0050648121692310061,0.025498408375732945,0.01623009220974644,0.036083791090052358,26,1,994,0,0.97384305835010065,968,0.0050622638359027515,DER: comparator-M1; FQ/FR/UI/EI/DecisionYield/CorrectDefinitiveYield: M1-comparator,,,,,,,,,,,,,,,,,,,,,,,,,,,,,,,,,,,,,,,,,,
TabDDPM__XGBoost,TabDDPM,XGBoost,R5_NULL,TARGET_B,0.20000000000000001,NOT_QUALIFIED,0.2426182215419399,0.2426182215419399,0.042618221541939894,intermediate,PAIRED_CONTRAST,M3_vs_M1,M3_vs_M1,,,,,,,,,,,,,,,,,,,,,,,,,,,,,,,,,,,,,,,,,,,,,,,,,994,1000,0,0,0,0,0,0,0,0,0,,,,0,0,0,0,0,0,0,0,0,,,,0,0,0,0,0,0,0,0,0,,,,0,0,0,0,0,0,0,0,0,,,,0,0,0,0,0,0,0,0,0,,,,0,0,0,0,0,0,1,994,0,,,,0,0,0,0,0,0,1,994,0,,,,DER: comparator-M1; FQ/FR/UI/EI/DecisionYield/CorrectDefinitiveYield: M1-comparator,0,0,0,0,0,0,0,0,0,0,0,0,0,0,0,1,994,0,1,994,0,,,,,,,,,,,,,,,,,,,,,
TabDDPM__XGBoost,TabDDPM,XGBoost,R5_NULL,TARGET_B,0.20000000000000001,NOT_QUALIFIED,0.2426182215419399,0.2426182215419399,0.042618221541939894,intermediate,PAIRED_CONTRAST,M2_vs_M1,M2_vs_M1,,,,,,,,,,,,,,,,,,,,,,,,,,,,,,,,,,,,,,,,,,,,,,,,,990,1000,0.97575757575757571,0.0048905853623389646,0.023678646934460899,0.9661722045840726,0.98534294693107882,966,0,0,0,,,,0,0,0,0,0,0,0,0,0,,,,0,0,0,0,0,0,0,0,0,,,,0,0,0,0,0,0,0,0,0,,,,-0.97575757575757571,0.0048905853623389646,0.023678646934460899,-0.98534294693107882,-0.9661722045840726,-966,0,0,0,,,,0.97575757575757571,0.0048905853623389646,0.023678646934460899,0.9661722045840726,0.98534294693107882,966,1,990,0,,,,0.97575757575757571,0.0048905853623389646,0.023678646934460899,0.9661722045840726,0.98534294693107882,966,1,990,0,,,,DER: comparator-M1; FQ/FR/UI/EI/DecisionYield/CorrectDefinitiveYield: M1-comparator,,,,,,,,,,,,,,,,,,,,,,0.97575757575757571,966,0.004888114745681002,0,0,0,0,0,0,0,0,0,0.97575757575757571,966,0.004888114745681002,0.024242424242424242,24,0.0048881147456809977,0.024242424242424242,24,0.0048881147456809977
TabDDPM__XGBoost,TabDDPM,XGBoost,R5_NULL,TARGET_A,0.025000000000000001,NOT_QUALIFIED,0.2426182215419399,0.2426182215419399,0.21761822154193991,far from boundary,PAIRED_CONTRAST,M4_vs_M1,M4_vs_M1,,,,,,,,,,,,,,,,,,,,,,,,,,,,,,,,,,,,,,,,,,,,,,,,,994,1000,0,0,0,0,0,0,0,0,0,0,0,0,0,0,0,0,0,0,0,0,0,0,0,0,0,0,0,0,0,0,0,0,0,0,0,0,0,0,0,0,0,0,0,0,0,0,0,0,0,0,0,0,0,0,0,0,0,0,0,0,0,0,0,0,0,0,1,994,0,1,994,0,0,0,0,0,0,0,1,994,0,1,994,0,DER: comparator-M1; FQ/FR/UI/EI/DecisionYield/CorrectDefinitiveYield: M1-comparator,,,,,,,,,,,,,,,,,,,,,,,,,,,,,,,,,,,,,,,,,,
TabDDPM__XGBoost,TabDDPM,XGBoost,R5_NULL,TARGET_A,0.025000000000000001,NOT_QUALIFIED,0.2426182215419399,0.2426182215419399,0.21761822154193991,far from boundary,PAIRED_CONTRAST,M3_vs_M1,M3_vs_M1,,,,,,,,,,,,,,,,,,,,,,,,,,,,,,,,,,,,,,,,,,,,,,,,,994,1000,0,0,0,0,0,0,0,0,0,,,,0,0,0,0,0,0,0,0,0,,,,0,0,0,0,0,0,0,0,0,,,,0,0,0,0,0,0,0,0,0,,,,0,0,0,0,0,0,0,0,0,,,,0,0,0,0,0,0,1,994,0,,,,0,0,0,0,0,0,1,994,0,,,,DER: comparator-M1; FQ/FR/UI/EI/DecisionYield/CorrectDefinitiveYield: M1-comparator,0,0,0,0,0,0,0,0,0,0,0,0,0,0,0,1,994,0,1,994,0,,,,,,,,,,,,,,,,,,,,,
TabDDPM__XGBoost,TabDDPM,XGBoost,R5_NULL,TARGET_A,0.025000000000000001,NOT_QUALIFIED,0.2426182215419399,0.2426182215419399,0.21761822154193991,far from boundary,PAIRED_CONTRAST,M2_vs_M1,M2_vs_M1,,,,,,,,,,,,,,,,,,,,,,,,,,,,,,,,,,,,,,,,,,,,,,,,,990,1000,0,0,0,0,0,0,0,0,0,,,,0,0,0,0,0,0,0,0,0,,,,0,0,0,0,0,0,0,0,0,,,,0,0,0,0,0,0,0,0,0,,,,0,0,0,0,0,0,0,0,0,,,,0,0,0,0,0,0,1,990,0,,,,0,0,0,0,0,0,1,990,0,,,,DER: comparator-M1; FQ/FR/UI/EI/DecisionYield/CorrectDefinitiveYield: M1-comparator,,,,,,,,,,,,,,,,,,,,,,0,0,0,0,0,0,0,0,0,0,0,0,0,0,0,1,990,0,1,990,0
TabDDPM__XGBoost,TabDDPM,XGBoost,R5_NULL,TARGET_A,0.050000000000000003,NOT_QUALIFIED,0.2426182215419399,0.2426182215419399,0.19261822154193992,far from boundary,PAIRED_CONTRAST,M4_vs_M1,M4_vs_M1,,,,,,,,,,,,,,,,,,,,,,,,,,,,,,,,,,,,,,,,,,,,,,,,,994,1000,0,0,0,0,0,0,0,0,0,0,0,0,0,0,0,0,0,0,0,0,0,0,0,0,0,0,0,0,0,0,0,0,0,0,0,0,0,0,0,0,0,0,0,0,0,0,0,0,0,0,0,0,0,0,0,0,0,0,0,0,0,0,0,0,0,0,1,994,0,1,994,0,0,0,0,0,0,0,1,994,0,1,994,0,DER: comparator-M1; FQ/FR/UI/EI/DecisionYield/CorrectDefinitiveYield: M1-comparator,,,,,,,,,,,,,,,,,,,,,,,,,,,,,,,,,,,,,,,,,,
TabDDPM__XGBoost,TabDDPM,XGBoost,R5_NULL,TARGET_A,0.050000000000000003,NOT_QUALIFIED,0.2426182215419399,0.2426182215419399,0.19261822154193992,far from boundary,PAIRED_CONTRAST,M3_vs_M1,M3_vs_M1,,,,,,,,,,,,,,,,,,,,,,,,,,,,,,,,,,,,,,,,,,,,,,,,,994,1000,0,0,0,0,0,0,0,0,0,,,,0,0,0,0,0,0,0,0,0,,,,0,0,0,0,0,0,0,0,0,,,,0,0,0,0,0,0,0,0,0,,,,0,0,0,0,0,0,0,0,0,,,,0,0,0,0,0,0,1,994,0,,,,0,0,0,0,0,0,1,994,0,,,,DER: comparator-M1; FQ/FR/UI/EI/DecisionYield/CorrectDefinitiveYield: M1-comparator,0,0,0,0,0,0,0,0,0,0,0,0,0,0,0,1,994,0,1,994,0,,,,,,,,,,,,,,,,,,,,,
TabDDPM__XGBoost,TabDDPM,XGBoost,R5_NULL,TARGET_A,0.050000000000000003,NOT_QUALIFIED,0.2426182215419399,0.2426182215419399,0.19261822154193992,far from boundary,PAIRED_CONTRAST,M2_vs_M1,M2_vs_M1,,,,,,,,,,,,,,,,,,,,,,,,,,,,,,,,,,,,,,,,,,,,,,,,,990,1000,0,0,0,0,0,0,0,0,0,,,,0,0,0,0,0,0,0,0,0,,,,0,0,0,0,0,0,0,0,0,,,,0,0,0,0,0,0,0,0,0,,,,0,0,0,0,0,0,0,0,0,,,,0,0,0,0,0,0,1,990,0,,,,0,0,0,0,0,0,1,990,0,,,,DER: comparator-M1; FQ/FR/UI/EI/DecisionYield/CorrectDefinitiveYield: M1-comparator,,,,,,,,,,,,,,,,,,,,,,0,0,0,0,0,0,0,0,0,0,0,0,0,0,0,1,990,0,1,990,0
TabDDPM__XGBoost,TabDDPM,XGBoost,R5_NULL,TARGET_A,0.10000000000000001,NOT_QUALIFIED,0.2426182215419399,0.2426182215419399,0.1426182215419399,far from boundary,PAIRED_CONTRAST,M4_vs_M1,M4_vs_M1,,,,,,,,,,,,,,,,,,,,,,,,,,,,,,,,,,,,,,,,,,,,,,,,,994,1000,0,0,0,0,0,0,0,0,0,0,0,0,0,0,0,0,0,0,0,0,0,0,0,0,0,0,0,0,0,0,0,0,0,0,0,0,0,0,0,0,0,0,0,0,0,0,0,0,0,0,0,0,0,0,0,0,0,0,0,0,0,0,0,0,0,0,1,994,0,1,994,0,0,0,0,0,0,0,1,994,0,1,994,0,DER: comparator-M1; FQ/FR/UI/EI/DecisionYield/CorrectDefinitiveYield: M1-comparator,,,,,,,,,,,,,,,,,,,,,,,,,,,,,,,,,,,,,,,,,,
TabDDPM__XGBoost,TabDDPM,XGBoost,R5_NULL,TARGET_A,0.10000000000000001,NOT_QUALIFIED,0.2426182215419399,0.2426182215419399,0.1426182215419399,far from boundary,PAIRED_CONTRAST,M3_vs_M1,M3_vs_M1,,,,,,,,,,,,,,,,,,,,,,,,,,,,,,,,,,,,,,,,,,,,,,,,,994,1000,0,0,0,0,0,0,0,0,0,,,,0,0,0,0,0,0,0,0,0,,,,0,0,0,0,0,0,0,0,0,,,,0,0,0,0,0,0,0,0,0,,,,0,0,0,0,0,0,0,0,0,,,,0,0,0,0,0,0,1,994,0,,,,0,0,0,0,0,0,1,994,0,,,,DER: comparator-M1; FQ/FR/UI/EI/DecisionYield/CorrectDefinitiveYield: M1-comparator,0,0,0,0,0,0,0,0,0,0,0,0,0,0,0,1,994,0,1,994,0,,,,,,,,,,,,,,,,,,,,,
TabDDPM__XGBoost,TabDDPM,XGBoost,R5_NULL,TARGET_A,0.10000000000000001,NOT_QUALIFIED,0.2426182215419399,0.2426182215419399,0.1426182215419399,far from boundary,PAIRED_CONTRAST,M2_vs_M1,M2_vs_M1,,,,,,,,,,,,,,,,,,,,,,,,,,,,,,,,,,,,,,,,,,,,,,,,,990,1000,0,0,0,0,0,0,0,0,0,,,,0,0,0,0,0,0,0,0,0,,,,0,0,0,0,0,0,0,0,0,,,,0,0,0,0,0,0,0,0,0,,,,0,0,0,0,0,0,0,0,0,,,,0,0,0,0,0,0,1,990,0,,,,0,0,0,0,0,0,1,990,0,,,,DER: comparator-M1; FQ/FR/UI/EI/DecisionYield/CorrectDefinitiveYield: M1-comparator,,,,,,,,,,,,,,,,,,,,,,0,0,0,0,0,0,0,0,0,0,0,0,0,0,0,1,990,0,1,990,0
TabDDPM__XGBoost,TabDDPM,XGBoost,R5_NULL,TARGET_A,0.20000000000000001,NOT_QUALIFIED,0.2426182215419399,0.2426182215419399,0.042618221541939894,intermediate,PAIRED_CONTRAST,M4_vs_M1,M4_vs_M1,,,,,,,,,,,,,,,,,,,,,,,,,,,,,,,,,,,,,,,,,,,,,,,,,994,1000,0.026156941649899398,0.0050648121692310061,0.025498408375732945,0.01623009220974644,0.036083791090052358,26,0,0,0,0.026156941649899398,26,0.0050622638359027567,0,0,0,0,0,0,0,0,0,0,0,0,0,0,0,0,0,0,0,0,0,0,0,0,0,0,0,0,0,0,0,0,0,0,0,0,-0.026156941649899398,0.0050648121692310061,0.025498408375732945,-0.036083791090052358,-0.01623009220974644,-26,0,0,0,0.026156941649899398,26,0.0050622638359027567,0.026156941649899398,0.0050648121692310061,0.025498408375732945,0.01623009220974644,0.036083791090052358,26,1,994,0,0.97384305835010065,968,0.0050622638359027515,0.026156941649899398,0.0050648121692310061,0.025498408375732945,0.01623009220974644,0.036083791090052358,26,1,994,0,0.97384305835010065,968,0.0050622638359027515,DER: comparator-M1; FQ/FR/UI/EI/DecisionYield/CorrectDefinitiveYield: M1-comparator,,,,,,,,,,,,,,,,,,,,,,,,,,,,,,,,,,,,,,,,,,
TabDDPM__XGBoost,TabDDPM,XGBoost,R5_NULL,TARGET_A,0.20000000000000001,NOT_QUALIFIED,0.2426182215419399,0.2426182215419399,0.042618221541939894,intermediate,PAIRED_CONTRAST,M3_vs_M1,M3_vs_M1,,,,,,,,,,,,,,,,,,,,,,,,,,,,,,,,,,,,,,,,,,,,,,,,,994,1000,0,0,0,0,0,0,0,0,0,,,,0,0,0,0,0,0,0,0,0,,,,0,0,0,0,0,0,0,0,0,,,,0,0,0,0,0,0,0,0,0,,,,0,0,0,0,0,0,0,0,0,,,,0,0,0,0,0,0,1,994,0,,,,0,0,0,0,0,0,1,994,0,,,,DER: comparator-M1; FQ/FR/UI/EI/DecisionYield/CorrectDefinitiveYield: M1-comparator,0,0,0,0,0,0,0,0,0,0,0,0,0,0,0,1,994,0,1,994,0,,,,,,,,,,,,,,,,,,,,,
TabDDPM__XGBoost,TabDDPM,XGBoost,R5_NULL,TARGET_A,0.20000000000000001,NOT_QUALIFIED,0.2426182215419399,0.2426182215419399,0.042618221541939894,intermediate,PAIRED_CONTRAST,M2_vs_M1,M2_vs_M1,,,,,,,,,,,,,,,,,,,,,,,,,,,,,,,,,,,,,,,,,,,,,,,,,990,1000,0.97575757575757571,0.0048905853623389646,0.023678646934460899,0.9661722045840726,0.98534294693107882,966,0,0,0,,,,0,0,0,0,0,0,0,0,0,,,,0,0,0,0,0,0,0,0,0,,,,0,0,0,0,0,0,0,0,0,,,,-0.97575757575757571,0.0048905853623389646,0.023678646934460899,-0.98534294693107882,-0.9661722045840726,-966,0,0,0,,,,0.97575757575757571,0.0048905853623389646,0.023678646934460899,0.9661722045840726,0.98534294693107882,966,1,990,0,,,,0.97575757575757571,0.0048905853623389646,0.023678646934460899,0.9661722045840726,0.98534294693107882,966,1,990,0,,,,DER: comparator-M1; FQ/FR/UI/EI/DecisionYield/CorrectDefinitiveYield: M1-comparator,,,,,,,,,,,,,,,,,,,,,,0.97575757575757571,966,0.004888114745681002,0,0,0,0,0,0,0,0,0,0.97575757575757571,966,0.004888114745681002,0.024242424242424242,24,0.0048881147456809977,0.024242424242424242,24,0.0048881147456809977
